+scripts/test-runtime-task-v2-exhaustive-vm.sh:5: source_root=/var/tmp/mksrc-fdb15d7
+scripts/test-runtime-task-v2-exhaustive-vm.sh:6: iterations=20
++scripts/test-runtime-task-v2-exhaustive-vm.sh:7: mktemp -d -p /var/tmp tv2.XXXXXX
+scripts/test-runtime-task-v2-exhaustive-vm.sh:7: scratch=/var/tmp/tv2.ZsUOJA
+scripts/test-runtime-task-v2-exhaustive-vm.sh:8: trap 'rm -rf -- "$scratch"' EXIT
+scripts/test-runtime-task-v2-exhaustive-vm.sh:9: mkdir -p /var/tmp/tv2.ZsUOJA/c
+scripts/test-runtime-task-v2-exhaustive-vm.sh:10: chmod 0700 /var/tmp/tv2.ZsUOJA /var/tmp/tv2.ZsUOJA/c
+scripts/test-runtime-task-v2-exhaustive-vm.sh:11: export GOCACHE=/var/tmp/tv2.ZsUOJA/c GOTMPDIR=/var/tmp/tv2.ZsUOJA TMPDIR=/var/tmp/tv2.ZsUOJA
+scripts/test-runtime-task-v2-exhaustive-vm.sh:11: GOCACHE=/var/tmp/tv2.ZsUOJA/c
+scripts/test-runtime-task-v2-exhaustive-vm.sh:11: GOTMPDIR=/var/tmp/tv2.ZsUOJA
+scripts/test-runtime-task-v2-exhaustive-vm.sh:11: TMPDIR=/var/tmp/tv2.ZsUOJA
+scripts/test-runtime-task-v2-exhaustive-vm.sh:12: package=./cmd/containerd-shim-multikernel-v2
+scripts/test-runtime-task-v2-exhaustive-vm.sh:13: groups=0
+scripts/test-runtime-task-v2-exhaustive-vm.sh:14: total=0
+scripts/test-runtime-task-v2-exhaustive-vm.sh:16: [[ 20 =~ ^[1-9][0-9]*$ ]]
+scripts/test-runtime-task-v2-exhaustive-vm.sh:17: for path in "$source_root/runtime/go.mod" "$source_root/scripts/audit-runtime-final-resources-live.sh"
+scripts/test-runtime-task-v2-exhaustive-vm.sh:18: test -f /var/tmp/mksrc-fdb15d7/runtime/go.mod
+scripts/test-runtime-task-v2-exhaustive-vm.sh:17: for path in "$source_root/runtime/go.mod" "$source_root/scripts/audit-runtime-final-resources-live.sh"
+scripts/test-runtime-task-v2-exhaustive-vm.sh:18: test -f /var/tmp/mksrc-fdb15d7/scripts/audit-runtime-final-resources-live.sh
++scripts/test-runtime-task-v2-exhaustive-vm.sh:43: cat /proc/sys/kernel/random/boot_id
++scripts/test-runtime-task-v2-exhaustive-vm.sh:43: uname -r
++scripts/test-runtime-task-v2-exhaustive-vm.sh:43: go version
++scripts/test-runtime-task-v2-exhaustive-vm.sh:43: sha256sum scripts/test-runtime-task-v2-exhaustive-vm.sh
++scripts/test-runtime-task-v2-exhaustive-vm.sh:43: awk '{print $1}'
++scripts/test-runtime-task-v2-exhaustive-vm.sh:43: sha256sum /var/tmp/mksrc-fdb15d7/runtime/cmd/containerd-shim-multikernel-v2/main_test.go
++scripts/test-runtime-task-v2-exhaustive-vm.sh:43: awk '{print $1}'
+scripts/test-runtime-task-v2-exhaustive-vm.sh:43: observe provenance $'boot_id=7db90e79-7bf7-4ff8-befd-a3e1a5aff949\nkernel=7.0.0-mk2-gce-lab\ngo=go version go1.26.0 linux/amd64\nsource_root=/var/tmp/mksrc-fdb15d7\nqualifier_sha256=4553faf1a0af607f55776f79cc641fe175fad34d28aad0b6ad2e8eb858ff48c7\nshim_test_sha256=32fa942bb7123f5bf78693bcd0ff0875a8a1ba4058d1192f0e57d7baf20d374e'
+scripts/test-runtime-task-v2-exhaustive-vm.sh:21: local key=provenance
+scripts/test-runtime-task-v2-exhaustive-vm.sh:21: shift
OBSERVATION_BEGIN key=provenance
boot_id=7db90e79-7bf7-4ff8-befd-a3e1a5aff949
kernel=7.0.0-mk2-gce-lab
go=go version go1.26.0 linux/amd64
source_root=/var/tmp/mksrc-fdb15d7
qualifier_sha256=4553faf1a0af607f55776f79cc641fe175fad34d28aad0b6ad2e8eb858ff48c7
shim_test_sha256=32fa942bb7123f5bf78693bcd0ff0875a8a1ba4058d1192f0e57d7baf20d374e
OBSERVATION_END key=provenance
+scripts/test-runtime-task-v2-exhaustive-vm.sh:21: printf 'OBSERVATION_BEGIN key=%s\n%s\nOBSERVATION_END key=%s\n' provenance $'boot_id=7db90e79-7bf7-4ff8-befd-a3e1a5aff949\nkernel=7.0.0-mk2-gce-lab\ngo=go version go1.26.0 linux/amd64\nsource_root=/var/tmp/mksrc-fdb15d7\nqualifier_sha256=4553faf1a0af607f55776f79cc641fe175fad34d28aad0b6ad2e8eb858ff48c7\nshim_test_sha256=32fa942bb7123f5bf78693bcd0ff0875a8a1ba4058d1192f0e57d7baf20d374e' provenance
+scripts/test-runtime-task-v2-exhaustive-vm.sh:49: /var/tmp/mksrc-fdb15d7/scripts/audit-runtime-final-resources-live.sh
+/var/tmp/mksrc-fdb15d7/scripts/audit-runtime-final-resources-live.sh:5: kerf=/opt/mkruntime/kerf-venv/bin/kerf
+/var/tmp/mksrc-fdb15d7/scripts/audit-runtime-final-resources-live.sh:6: task_root=/run/containerd/io.containerd.runtime.v2.task
+/var/tmp/mksrc-fdb15d7/scripts/audit-runtime-final-resources-live.sh:7: storage_root=/srv/multikernel-storage/runtime
++/var/tmp/mksrc-fdb15d7/scripts/audit-runtime-final-resources-live.sh:9: id -u
+/var/tmp/mksrc-fdb15d7/scripts/audit-runtime-final-resources-live.sh:9: [[ 1001 -ne 0 ]]
+/var/tmp/mksrc-fdb15d7/scripts/audit-runtime-final-resources-live.sh:10: for service in mkruntimed mknetd containerd docker
++/var/tmp/mksrc-fdb15d7/scripts/audit-runtime-final-resources-live.sh:10: systemctl is-active mkruntimed
+/var/tmp/mksrc-fdb15d7/scripts/audit-runtime-final-resources-live.sh:10: [[ active = active ]]
+/var/tmp/mksrc-fdb15d7/scripts/audit-runtime-final-resources-live.sh:10: for service in mkruntimed mknetd containerd docker
++/var/tmp/mksrc-fdb15d7/scripts/audit-runtime-final-resources-live.sh:10: systemctl is-active mknetd
+/var/tmp/mksrc-fdb15d7/scripts/audit-runtime-final-resources-live.sh:10: [[ active = active ]]
+/var/tmp/mksrc-fdb15d7/scripts/audit-runtime-final-resources-live.sh:10: for service in mkruntimed mknetd containerd docker
++/var/tmp/mksrc-fdb15d7/scripts/audit-runtime-final-resources-live.sh:10: systemctl is-active containerd
+/var/tmp/mksrc-fdb15d7/scripts/audit-runtime-final-resources-live.sh:10: [[ active = active ]]
+/var/tmp/mksrc-fdb15d7/scripts/audit-runtime-final-resources-live.sh:10: for service in mkruntimed mknetd containerd docker
++/var/tmp/mksrc-fdb15d7/scripts/audit-runtime-final-resources-live.sh:10: systemctl is-active docker
+/var/tmp/mksrc-fdb15d7/scripts/audit-runtime-final-resources-live.sh:10: [[ active = active ]]
++/var/tmp/mksrc-fdb15d7/scripts/audit-runtime-final-resources-live.sh:12: sudo /opt/mkruntime/kerf-venv/bin/kerf show
+/var/tmp/mksrc-fdb15d7/scripts/audit-runtime-final-resources-live.sh:12: kerf_state=$'\nNo memory pool configured\n\n================================================================================\nNo instances found in /sys/fs/multikernel/instances/\n\n/proc/kimage:\n================================================================================\nMK_ID  Type        Start Address   Segments  Mode  Cmdline\n-----  ----------  --------------  --------  ----  -------'
+/var/tmp/mksrc-fdb15d7/scripts/audit-runtime-final-resources-live.sh:13: grep -Fq 'No memory pool configured'
+/var/tmp/mksrc-fdb15d7/scripts/audit-runtime-final-resources-live.sh:14: grep -Fq 'No instances found'
++/var/tmp/mksrc-fdb15d7/scripts/audit-runtime-final-resources-live.sh:16: sudo find /sys/fs/multikernel/instances -mindepth 1 -maxdepth 1 -type d
++/var/tmp/mksrc-fdb15d7/scripts/audit-runtime-final-resources-live.sh:16: wc -l
+/var/tmp/mksrc-fdb15d7/scripts/audit-runtime-final-resources-live.sh:16: children=0
++/var/tmp/mksrc-fdb15d7/scripts/audit-runtime-final-resources-live.sh:18: findmnt -rn -o TARGET,SOURCE
++/var/tmp/mksrc-fdb15d7/scripts/audit-runtime-final-resources-live.sh:18: awk -v storage=/srv/multikernel-storage/runtime -v tasks=/run/containerd/io.containerd.runtime.v2.task 'index($1,storage "/") == 1 || index($1,tasks "/default/") == 1 || index($1,tasks "/moby/") == 1 || $2 ~ /^\/dev\/nbd[0-9]+(p[0-9]+)?$/ {n++} END {print n+0}'
+/var/tmp/mksrc-fdb15d7/scripts/audit-runtime-final-resources-live.sh:18: runtime_mounts=0
++/var/tmp/mksrc-fdb15d7/scripts/audit-runtime-final-resources-live.sh:19: sudo find /srv/multikernel-storage/runtime -mindepth 1 -print
++/var/tmp/mksrc-fdb15d7/scripts/audit-runtime-final-resources-live.sh:19: wc -l
+/var/tmp/mksrc-fdb15d7/scripts/audit-runtime-final-resources-live.sh:19: runtime_artifacts=0
++/var/tmp/mksrc-fdb15d7/scripts/audit-runtime-final-resources-live.sh:20: sudo find /run/containerd/io.containerd.runtime.v2.task/default /run/containerd/io.containerd.runtime.v2.task/moby -path '*/.multikernel/*' -print
++/var/tmp/mksrc-fdb15d7/scripts/audit-runtime-final-resources-live.sh:20: wc -l
++/var/tmp/mksrc-fdb15d7/scripts/audit-runtime-final-resources-live.sh:20: true
+/var/tmp/mksrc-fdb15d7/scripts/audit-runtime-final-resources-live.sh:20: bundle_artifacts=0
++/var/tmp/mksrc-fdb15d7/scripts/audit-runtime-final-resources-live.sh:21: sudo find /run/containerd/io.containerd.runtime.v2.task/default /run/containerd/io.containerd.runtime.v2.task/moby -type p -print
++/var/tmp/mksrc-fdb15d7/scripts/audit-runtime-final-resources-live.sh:21: wc -l
++/var/tmp/mksrc-fdb15d7/scripts/audit-runtime-final-resources-live.sh:21: true
+/var/tmp/mksrc-fdb15d7/scripts/audit-runtime-final-resources-live.sh:21: fifos=0
++/var/tmp/mksrc-fdb15d7/scripts/audit-runtime-final-resources-live.sh:22: ip -o link show
++/var/tmp/mksrc-fdb15d7/scripts/audit-runtime-final-resources-live.sh:22: awk '-F: ' '$2 ~ /^mkv[0-9a-f]+$/ {n++} END {print n+0}'
+/var/tmp/mksrc-fdb15d7/scripts/audit-runtime-final-resources-live.sh:22: links=0
++/var/tmp/mksrc-fdb15d7/scripts/audit-runtime-final-resources-live.sh:23: ip -o route show table all
++/var/tmp/mksrc-fdb15d7/scripts/audit-runtime-final-resources-live.sh:23: awk '$0 ~ /(^| )mkv[0-9a-f]+( |$)/ || $0 ~ /(^| )172\.31\./ {n++} END {print n+0}'
+/var/tmp/mksrc-fdb15d7/scripts/audit-runtime-final-resources-live.sh:23: routes=0
++/var/tmp/mksrc-fdb15d7/scripts/audit-runtime-final-resources-live.sh:24: sudo iptables -t nat -S POSTROUTING
++/var/tmp/mksrc-fdb15d7/scripts/audit-runtime-final-resources-live.sh:24: grep -c '172\.31\.'
++/var/tmp/mksrc-fdb15d7/scripts/audit-runtime-final-resources-live.sh:24: true
+/var/tmp/mksrc-fdb15d7/scripts/audit-runtime-final-resources-live.sh:24: nat_rules=0
++/var/tmp/mksrc-fdb15d7/scripts/audit-runtime-final-resources-live.sh:25: sudo iptables -S
++/var/tmp/mksrc-fdb15d7/scripts/audit-runtime-final-resources-live.sh:25: grep -c '^\(-N\|-A\) MK-'
++/var/tmp/mksrc-fdb15d7/scripts/audit-runtime-final-resources-live.sh:25: true
+/var/tmp/mksrc-fdb15d7/scripts/audit-runtime-final-resources-live.sh:25: filter_rules=0
++/var/tmp/mksrc-fdb15d7/scripts/audit-runtime-final-resources-live.sh:26: sudo ctr tasks list -q
++/var/tmp/mksrc-fdb15d7/scripts/audit-runtime-final-resources-live.sh:26: wc -l
+/var/tmp/mksrc-fdb15d7/scripts/audit-runtime-final-resources-live.sh:26: default_tasks=0
++/var/tmp/mksrc-fdb15d7/scripts/audit-runtime-final-resources-live.sh:27: sudo ctr containers list -q
++/var/tmp/mksrc-fdb15d7/scripts/audit-runtime-final-resources-live.sh:27: wc -l
+/var/tmp/mksrc-fdb15d7/scripts/audit-runtime-final-resources-live.sh:27: default_containers=0
++/var/tmp/mksrc-fdb15d7/scripts/audit-runtime-final-resources-live.sh:28: sudo ctr -n moby tasks list -q
++/var/tmp/mksrc-fdb15d7/scripts/audit-runtime-final-resources-live.sh:28: wc -l
+/var/tmp/mksrc-fdb15d7/scripts/audit-runtime-final-resources-live.sh:28: moby_tasks=0
++/var/tmp/mksrc-fdb15d7/scripts/audit-runtime-final-resources-live.sh:29: sudo ctr -n moby containers list -q
++/var/tmp/mksrc-fdb15d7/scripts/audit-runtime-final-resources-live.sh:29: wc -l
+/var/tmp/mksrc-fdb15d7/scripts/audit-runtime-final-resources-live.sh:29: moby_containers=0
++/var/tmp/mksrc-fdb15d7/scripts/audit-runtime-final-resources-live.sh:30: sudo docker ps -aq
++/var/tmp/mksrc-fdb15d7/scripts/audit-runtime-final-resources-live.sh:30: wc -l
+/var/tmp/mksrc-fdb15d7/scripts/audit-runtime-final-resources-live.sh:30: docker_containers=0
++/var/tmp/mksrc-fdb15d7/scripts/audit-runtime-final-resources-live.sh:31: sudo python3 -c 'import json,os; p="/var/lib/mkruntimed/rootfs/state.json"; print(len(json.load(open(p))["records"]) if os.path.exists(p) else 0)'
+/var/tmp/mksrc-fdb15d7/scripts/audit-runtime-final-resources-live.sh:31: rootfs_records=0
++/var/tmp/mksrc-fdb15d7/scripts/audit-runtime-final-resources-live.sh:32: sudo python3 -c 'import json,os; p="/var/lib/mknetd/state.json"; print(len(json.load(open(p))["endpoints"]) if os.path.exists(p) else 0)'
+/var/tmp/mksrc-fdb15d7/scripts/audit-runtime-final-resources-live.sh:32: endpoints=0
++/var/tmp/mksrc-fdb15d7/scripts/audit-runtime-final-resources-live.sh:33: ps -eo comm=
++/var/tmp/mksrc-fdb15d7/scripts/audit-runtime-final-resources-live.sh:33: awk '$1 == "containerd-shim" {n++} END {print n+0}'
+/var/tmp/mksrc-fdb15d7/scripts/audit-runtime-final-resources-live.sh:33: shim_processes=0
++/var/tmp/mksrc-fdb15d7/scripts/audit-runtime-final-resources-live.sh:34: ps -eo comm=
++/var/tmp/mksrc-fdb15d7/scripts/audit-runtime-final-resources-live.sh:34: awk '$1 == "mkvsock-nbd" {n++} END {print n+0}'
+/var/tmp/mksrc-fdb15d7/scripts/audit-runtime-final-resources-live.sh:34: nbd_processes=0
++/var/tmp/mksrc-fdb15d7/scripts/audit-runtime-final-resources-live.sh:35: ps -eo comm=
++/var/tmp/mksrc-fdb15d7/scripts/audit-runtime-final-resources-live.sh:35: awk '$1 == "mk-agent-relay" {n++} END {print n+0}'
+/var/tmp/mksrc-fdb15d7/scripts/audit-runtime-final-resources-live.sh:35: relay_processes=0
+/var/tmp/mksrc-fdb15d7/scripts/audit-runtime-final-resources-live.sh:37: inventory='children=0 runtime_mounts=0 runtime_artifacts=0 bundle_artifacts=0 fifos=0 links=0 routes=0 nat_rules=0 filter_rules=0 default_tasks=0 default_containers=0 moby_tasks=0 moby_containers=0 docker_containers=0 rootfs_records=0 endpoints=0 shim_processes=0 nbd_processes=0 relay_processes=0'
+/var/tmp/mksrc-fdb15d7/scripts/audit-runtime-final-resources-live.sh:38: expected='children=0 runtime_mounts=0 runtime_artifacts=0 bundle_artifacts=0 fifos=0 links=0 routes=0 nat_rules=0 filter_rules=0 default_tasks=0 default_containers=0 moby_tasks=0 moby_containers=0 docker_containers=0 rootfs_records=0 endpoints=0 shim_processes=0 nbd_processes=0 relay_processes=0'
+/var/tmp/mksrc-fdb15d7/scripts/audit-runtime-final-resources-live.sh:39: [[ children=0 runtime_mounts=0 runtime_artifacts=0 bundle_artifacts=0 fifos=0 links=0 routes=0 nat_rules=0 filter_rules=0 default_tasks=0 default_containers=0 moby_tasks=0 moby_containers=0 docker_containers=0 rootfs_records=0 endpoints=0 shim_processes=0 nbd_processes=0 relay_processes=0 = children\=0 runtime_mounts\=0 runtime_artifacts\=0 bundle_artifacts\=0 fifos\=0 links\=0 routes\=0 nat_rules\=0 filter_rules\=0 default_tasks\=0 default_containers\=0 moby_tasks\=0 moby_containers\=0 docker_containers\=0 rootfs_records\=0 endpoints\=0 shim_processes\=0 nbd_processes\=0 relay_processes\=0 ]]
++/var/tmp/mksrc-fdb15d7/scripts/audit-runtime-final-resources-live.sh:41: systemctl show -p MainPID --value mkruntimed
+/var/tmp/mksrc-fdb15d7/scripts/audit-runtime-final-resources-live.sh:41: pid=1451
++/var/tmp/mksrc-fdb15d7/scripts/audit-runtime-final-resources-live.sh:42: readlink -f /usr/local/lib/multikernel/current
++/var/tmp/mksrc-fdb15d7/scripts/audit-runtime-final-resources-live.sh:42: cat /proc/sys/kernel/random/boot_id
++/var/tmp/mksrc-fdb15d7/scripts/audit-runtime-final-resources-live.sh:42: sudo sha256sum /proc/1451/exe
++/var/tmp/mksrc-fdb15d7/scripts/audit-runtime-final-resources-live.sh:42: awk '{print $1}'
OBSERVATION_BEGIN key=provenance
selector=/usr/local/lib/multikernel/releases/0.1.0-dev-ca7d7d013485a2ddb764707e63fb2c35ab1ed72b boot_id=7db90e79-7bf7-4ff8-befd-a3e1a5aff949 mkruntimed_pid=1451 mkruntimed_sha256=a4a9100674da1c59deee92646097d3ca9d69a8a9d0b80af07909158ed9ebaa2b
OBSERVATION_END key=provenance
+/var/tmp/mksrc-fdb15d7/scripts/audit-runtime-final-resources-live.sh:42: printf 'OBSERVATION_BEGIN key=provenance\nselector=%s boot_id=%s mkruntimed_pid=%s mkruntimed_sha256=%s\nOBSERVATION_END key=provenance\n' /usr/local/lib/multikernel/releases/0.1.0-dev-ca7d7d013485a2ddb764707e63fb2c35ab1ed72b 7db90e79-7bf7-4ff8-befd-a3e1a5aff949 1451 a4a9100674da1c59deee92646097d3ca9d69a8a9d0b80af07909158ed9ebaa2b
OBSERVATION_BEGIN key=kerf-resource-return

No memory pool configured

================================================================================
No instances found in /sys/fs/multikernel/instances/

/proc/kimage:
================================================================================
MK_ID  Type        Start Address   Segments  Mode  Cmdline
-----  ----------  --------------  --------  ----  -------
OBSERVATION_END key=kerf-resource-return
+/var/tmp/mksrc-fdb15d7/scripts/audit-runtime-final-resources-live.sh:45: printf 'OBSERVATION_BEGIN key=kerf-resource-return\n%s\nOBSERVATION_END key=kerf-resource-return\n' $'\nNo memory pool configured\n\n================================================================================\nNo instances found in /sys/fs/multikernel/instances/\n\n/proc/kimage:\n================================================================================\nMK_ID  Type        Start Address   Segments  Mode  Cmdline\n-----  ----------  --------------  --------  ----  -------'
OBSERVATION_BEGIN key=final-resource-inventory
children=0 runtime_mounts=0 runtime_artifacts=0 bundle_artifacts=0 fifos=0 links=0 routes=0 nat_rules=0 filter_rules=0 default_tasks=0 default_containers=0 moby_tasks=0 moby_containers=0 docker_containers=0 rootfs_records=0 endpoints=0 shim_processes=0 nbd_processes=0 relay_processes=0
OBSERVATION_END key=final-resource-inventory
+/var/tmp/mksrc-fdb15d7/scripts/audit-runtime-final-resources-live.sh:46: printf 'OBSERVATION_BEGIN key=final-resource-inventory\n%s\nOBSERVATION_END key=final-resource-inventory\n' 'children=0 runtime_mounts=0 runtime_artifacts=0 bundle_artifacts=0 fifos=0 links=0 routes=0 nat_rules=0 filter_rules=0 default_tasks=0 default_containers=0 moby_tasks=0 moby_containers=0 docker_containers=0 rootfs_records=0 endpoints=0 shim_processes=0 nbd_processes=0 relay_processes=0'
+/var/tmp/mksrc-fdb15d7/scripts/audit-runtime-final-resources-live.sh:47: for service in mkruntimed mknetd containerd docker
+/var/tmp/mksrc-fdb15d7/scripts/audit-runtime-final-resources-live.sh:48: systemctl show mkruntimed.service -p Id -p ActiveState -p SubState -p NRestarts -p MainPID --no-pager
Id=mkruntimed.service
ActiveState=active
SubState=running
MainPID=1451
NRestarts=0
+/var/tmp/mksrc-fdb15d7/scripts/audit-runtime-final-resources-live.sh:47: for service in mkruntimed mknetd containerd docker
+/var/tmp/mksrc-fdb15d7/scripts/audit-runtime-final-resources-live.sh:48: systemctl show mknetd.service -p Id -p ActiveState -p SubState -p NRestarts -p MainPID --no-pager
Id=mknetd.service
ActiveState=active
SubState=running
MainPID=1232
NRestarts=0
+/var/tmp/mksrc-fdb15d7/scripts/audit-runtime-final-resources-live.sh:47: for service in mkruntimed mknetd containerd docker
+/var/tmp/mksrc-fdb15d7/scripts/audit-runtime-final-resources-live.sh:48: systemctl show containerd.service -p Id -p ActiveState -p SubState -p NRestarts -p MainPID --no-pager
Id=containerd.service
ActiveState=active
SubState=running
MainPID=1465
NRestarts=0
+/var/tmp/mksrc-fdb15d7/scripts/audit-runtime-final-resources-live.sh:47: for service in mkruntimed mknetd containerd docker
+/var/tmp/mksrc-fdb15d7/scripts/audit-runtime-final-resources-live.sh:48: systemctl show docker.service -p Id -p ActiveState -p SubState -p NRestarts -p MainPID --no-pager
Id=docker.service
ActiveState=active
SubState=running
MainPID=1513
NRestarts=0
G6_FINAL_RESOURCE_RETURN_PASS
+/var/tmp/mksrc-fdb15d7/scripts/audit-runtime-final-resources-live.sh:50: echo G6_FINAL_RESOURCE_RETURN_PASS
+scripts/test-runtime-task-v2-exhaustive-vm.sh:51: cd /var/tmp/mksrc-fdb15d7/runtime
+scripts/test-runtime-task-v2-exhaustive-vm.sh:52: run_group lifecycle TestCancelCreateUsesExactOriginalIdentity TestCreateAmbiguityCancellationRemovesPreparedArtifacts TestCreateRejectsOCIValidationBeforeAllocationOrArtifacts TestCreatePostValidationFailureRollbackMatrix TestExecRollsBackProcessOnAgentFailure TestExecCreationIntentReconcilesAmbiguousGuestMutation TestRecoveredCreatedExecRequiresExactGuestOwnership TestExecRollbackRetainsOwnershipUntilGuestDeletion TestStartReturnsKillFailureAndRetainsMonitorAfterPersistenceFailure TestStartRejectsGuestPIDOutsideTaskRangeAndRetainsOwnership TestStartRejectsMismatchedGuestProcessStateAndRetainsOwnership TestStartReconcilesAmbiguousGuestResultWithoutLosingOwnership TestEnsureGuestProcessCreatedReconcilesBeforeMutation TestEnsureGuestProcessCreatedReconcilesLostReply TestStartedProcessCleanupTreatsAuthenticatedAbsenceAsSuccess TestExecRejectsGuestUnrepresentableIDBeforeAgentContact TestTaskStateGuardsRejectInvalidTransitionsBeforeAgentContact TestPreCancelledTaskMutationsPreserveStateAndAvoidGuestContact TestPreCancelledTaskReadsAndWaitAvoidGuestContact TestTaskRPCsRejectNilAndMismatchedTaskIdentityBeforeMutation
+scripts/test-runtime-task-v2-exhaustive-vm.sh:24: local name=lifecycle
+scripts/test-runtime-task-v2-exhaustive-vm.sh:25: shift
+scripts/test-runtime-task-v2-exhaustive-vm.sh:26: tests=('TestCancelCreateUsesExactOriginalIdentity' 'TestCreateAmbiguityCancellationRemovesPreparedArtifacts' 'TestCreateRejectsOCIValidationBeforeAllocationOrArtifacts' 'TestCreatePostValidationFailureRollbackMatrix' 'TestExecRollsBackProcessOnAgentFailure' 'TestExecCreationIntentReconcilesAmbiguousGuestMutation' 'TestRecoveredCreatedExecRequiresExactGuestOwnership' 'TestExecRollbackRetainsOwnershipUntilGuestDeletion' 'TestStartReturnsKillFailureAndRetainsMonitorAfterPersistenceFailure' 'TestStartRejectsGuestPIDOutsideTaskRangeAndRetainsOwnership' 'TestStartRejectsMismatchedGuestProcessStateAndRetainsOwnership' 'TestStartReconcilesAmbiguousGuestResultWithoutLosingOwnership' 'TestEnsureGuestProcessCreatedReconcilesBeforeMutation' 'TestEnsureGuestProcessCreatedReconcilesLostReply' 'TestStartedProcessCleanupTreatsAuthenticatedAbsenceAsSuccess' 'TestExecRejectsGuestUnrepresentableIDBeforeAgentContact' 'TestTaskStateGuardsRejectInvalidTransitionsBeforeAgentContact' 'TestPreCancelledTaskMutationsPreserveStateAndAvoidGuestContact' 'TestPreCancelledTaskReadsAndWaitAvoidGuestContact' 'TestTaskRPCsRejectNilAndMismatchedTaskIdentityBeforeMutation')
+scripts/test-runtime-task-v2-exhaustive-vm.sh:26: local tests regex listed output test_name
++scripts/test-runtime-task-v2-exhaustive-vm.sh:27: IFS='|'
++scripts/test-runtime-task-v2-exhaustive-vm.sh:27: printf '^(%s)$' 'TestCancelCreateUsesExactOriginalIdentity|TestCreateAmbiguityCancellationRemovesPreparedArtifacts|TestCreateRejectsOCIValidationBeforeAllocationOrArtifacts|TestCreatePostValidationFailureRollbackMatrix|TestExecRollsBackProcessOnAgentFailure|TestExecCreationIntentReconcilesAmbiguousGuestMutation|TestRecoveredCreatedExecRequiresExactGuestOwnership|TestExecRollbackRetainsOwnershipUntilGuestDeletion|TestStartReturnsKillFailureAndRetainsMonitorAfterPersistenceFailure|TestStartRejectsGuestPIDOutsideTaskRangeAndRetainsOwnership|TestStartRejectsMismatchedGuestProcessStateAndRetainsOwnership|TestStartReconcilesAmbiguousGuestResultWithoutLosingOwnership|TestEnsureGuestProcessCreatedReconcilesBeforeMutation|TestEnsureGuestProcessCreatedReconcilesLostReply|TestStartedProcessCleanupTreatsAuthenticatedAbsenceAsSuccess|TestExecRejectsGuestUnrepresentableIDBeforeAgentContact|TestTaskStateGuardsRejectInvalidTransitionsBeforeAgentContact|TestPreCancelledTaskMutationsPreserveStateAndAvoidGuestContact|TestPreCancelledTaskReadsAndWaitAvoidGuestContact|TestTaskRPCsRejectNilAndMismatchedTaskIdentityBeforeMutation'
+scripts/test-runtime-task-v2-exhaustive-vm.sh:27: regex='^(TestCancelCreateUsesExactOriginalIdentity|TestCreateAmbiguityCancellationRemovesPreparedArtifacts|TestCreateRejectsOCIValidationBeforeAllocationOrArtifacts|TestCreatePostValidationFailureRollbackMatrix|TestExecRollsBackProcessOnAgentFailure|TestExecCreationIntentReconcilesAmbiguousGuestMutation|TestRecoveredCreatedExecRequiresExactGuestOwnership|TestExecRollbackRetainsOwnershipUntilGuestDeletion|TestStartReturnsKillFailureAndRetainsMonitorAfterPersistenceFailure|TestStartRejectsGuestPIDOutsideTaskRangeAndRetainsOwnership|TestStartRejectsMismatchedGuestProcessStateAndRetainsOwnership|TestStartReconcilesAmbiguousGuestResultWithoutLosingOwnership|TestEnsureGuestProcessCreatedReconcilesBeforeMutation|TestEnsureGuestProcessCreatedReconcilesLostReply|TestStartedProcessCleanupTreatsAuthenticatedAbsenceAsSuccess|TestExecRejectsGuestUnrepresentableIDBeforeAgentContact|TestTaskStateGuardsRejectInvalidTransitionsBeforeAgentContact|TestPreCancelledTaskMutationsPreserveStateAndAvoidGuestContact|TestPreCancelledTaskReadsAndWaitAvoidGuestContact|TestTaskRPCsRejectNilAndMismatchedTaskIdentityBeforeMutation)$'
++scripts/test-runtime-task-v2-exhaustive-vm.sh:28: go test ./cmd/containerd-shim-multikernel-v2 -list '^(TestCancelCreateUsesExactOriginalIdentity|TestCreateAmbiguityCancellationRemovesPreparedArtifacts|TestCreateRejectsOCIValidationBeforeAllocationOrArtifacts|TestCreatePostValidationFailureRollbackMatrix|TestExecRollsBackProcessOnAgentFailure|TestExecCreationIntentReconcilesAmbiguousGuestMutation|TestRecoveredCreatedExecRequiresExactGuestOwnership|TestExecRollbackRetainsOwnershipUntilGuestDeletion|TestStartReturnsKillFailureAndRetainsMonitorAfterPersistenceFailure|TestStartRejectsGuestPIDOutsideTaskRangeAndRetainsOwnership|TestStartRejectsMismatchedGuestProcessStateAndRetainsOwnership|TestStartReconcilesAmbiguousGuestResultWithoutLosingOwnership|TestEnsureGuestProcessCreatedReconcilesBeforeMutation|TestEnsureGuestProcessCreatedReconcilesLostReply|TestStartedProcessCleanupTreatsAuthenticatedAbsenceAsSuccess|TestExecRejectsGuestUnrepresentableIDBeforeAgentContact|TestTaskStateGuardsRejectInvalidTransitionsBeforeAgentContact|TestPreCancelledTaskMutationsPreserveStateAndAvoidGuestContact|TestPreCancelledTaskReadsAndWaitAvoidGuestContact|TestTaskRPCsRejectNilAndMismatchedTaskIdentityBeforeMutation)$'
++scripts/test-runtime-task-v2-exhaustive-vm.sh:28: awk '/^Test/ {print}'
+scripts/test-runtime-task-v2-exhaustive-vm.sh:28: listed=$'TestCancelCreateUsesExactOriginalIdentity\nTestCreateAmbiguityCancellationRemovesPreparedArtifacts\nTestCreateRejectsOCIValidationBeforeAllocationOrArtifacts\nTestCreatePostValidationFailureRollbackMatrix\nTestExecRollsBackProcessOnAgentFailure\nTestExecCreationIntentReconcilesAmbiguousGuestMutation\nTestRecoveredCreatedExecRequiresExactGuestOwnership\nTestExecRollbackRetainsOwnershipUntilGuestDeletion\nTestStartReturnsKillFailureAndRetainsMonitorAfterPersistenceFailure\nTestStartRejectsGuestPIDOutsideTaskRangeAndRetainsOwnership\nTestStartRejectsMismatchedGuestProcessStateAndRetainsOwnership\nTestStartReconcilesAmbiguousGuestResultWithoutLosingOwnership\nTestEnsureGuestProcessCreatedReconcilesBeforeMutation\nTestEnsureGuestProcessCreatedReconcilesLostReply\nTestStartedProcessCleanupTreatsAuthenticatedAbsenceAsSuccess\nTestExecRejectsGuestUnrepresentableIDBeforeAgentContact\nTestTaskStateGuardsRejectInvalidTransitionsBeforeAgentContact\nTestPreCancelledTaskMutationsPreserveStateAndAvoidGuestContact\nTestPreCancelledTaskReadsAndWaitAvoidGuestContact\nTestTaskRPCsRejectNilAndMismatchedTaskIdentityBeforeMutation'
+scripts/test-runtime-task-v2-exhaustive-vm.sh:29: for test_name in "${tests[@]}"
+scripts/test-runtime-task-v2-exhaustive-vm.sh:29: grep -Fxq TestCancelCreateUsesExactOriginalIdentity
+scripts/test-runtime-task-v2-exhaustive-vm.sh:29: for test_name in "${tests[@]}"
+scripts/test-runtime-task-v2-exhaustive-vm.sh:29: grep -Fxq TestCreateAmbiguityCancellationRemovesPreparedArtifacts
+scripts/test-runtime-task-v2-exhaustive-vm.sh:29: for test_name in "${tests[@]}"
+scripts/test-runtime-task-v2-exhaustive-vm.sh:29: grep -Fxq TestCreateRejectsOCIValidationBeforeAllocationOrArtifacts
+scripts/test-runtime-task-v2-exhaustive-vm.sh:29: for test_name in "${tests[@]}"
+scripts/test-runtime-task-v2-exhaustive-vm.sh:29: grep -Fxq TestCreatePostValidationFailureRollbackMatrix
+scripts/test-runtime-task-v2-exhaustive-vm.sh:29: for test_name in "${tests[@]}"
+scripts/test-runtime-task-v2-exhaustive-vm.sh:29: grep -Fxq TestExecRollsBackProcessOnAgentFailure
+scripts/test-runtime-task-v2-exhaustive-vm.sh:29: for test_name in "${tests[@]}"
+scripts/test-runtime-task-v2-exhaustive-vm.sh:29: grep -Fxq TestExecCreationIntentReconcilesAmbiguousGuestMutation
+scripts/test-runtime-task-v2-exhaustive-vm.sh:29: for test_name in "${tests[@]}"
+scripts/test-runtime-task-v2-exhaustive-vm.sh:29: grep -Fxq TestRecoveredCreatedExecRequiresExactGuestOwnership
+scripts/test-runtime-task-v2-exhaustive-vm.sh:29: for test_name in "${tests[@]}"
+scripts/test-runtime-task-v2-exhaustive-vm.sh:29: grep -Fxq TestExecRollbackRetainsOwnershipUntilGuestDeletion
+scripts/test-runtime-task-v2-exhaustive-vm.sh:29: for test_name in "${tests[@]}"
+scripts/test-runtime-task-v2-exhaustive-vm.sh:29: grep -Fxq TestStartReturnsKillFailureAndRetainsMonitorAfterPersistenceFailure
+scripts/test-runtime-task-v2-exhaustive-vm.sh:29: for test_name in "${tests[@]}"
+scripts/test-runtime-task-v2-exhaustive-vm.sh:29: grep -Fxq TestStartRejectsGuestPIDOutsideTaskRangeAndRetainsOwnership
+scripts/test-runtime-task-v2-exhaustive-vm.sh:29: for test_name in "${tests[@]}"
+scripts/test-runtime-task-v2-exhaustive-vm.sh:29: grep -Fxq TestStartRejectsMismatchedGuestProcessStateAndRetainsOwnership
OBSERVATION_BEGIN key=lifecycle-selected-tests
package=./cmd/containerd-shim-multikernel-v2 iterations=20 count=20
TestCancelCreateUsesExactOriginalIdentity
TestCreateAmbiguityCancellationRemovesPreparedArtifacts
TestCreateRejectsOCIValidationBeforeAllocationOrArtifacts
TestCreatePostValidationFailureRollbackMatrix
TestExecRollsBackProcessOnAgentFailure
TestExecCreationIntentReconcilesAmbiguousGuestMutation
TestRecoveredCreatedExecRequiresExactGuestOwnership
TestExecRollbackRetainsOwnershipUntilGuestDeletion
TestStartReturnsKillFailureAndRetainsMonitorAfterPersistenceFailure
TestStartRejectsGuestPIDOutsideTaskRangeAndRetainsOwnership
TestStartRejectsMismatchedGuestProcessStateAndRetainsOwnership
TestStartReconcilesAmbiguousGuestResultWithoutLosingOwnership
TestEnsureGuestProcessCreatedReconcilesBeforeMutation
TestEnsureGuestProcessCreatedReconcilesLostReply
TestStartedProcessCleanupTreatsAuthenticatedAbsenceAsSuccess
TestExecRejectsGuestUnrepresentableIDBeforeAgentContact
TestTaskStateGuardsRejectInvalidTransitionsBeforeAgentContact
TestPreCancelledTaskMutationsPreserveStateAndAvoidGuestContact
TestPreCancelledTaskReadsAndWaitAvoidGuestContact
TestTaskRPCsRejectNilAndMismatchedTaskIdentityBeforeMutation
OBSERVATION_END key=lifecycle-selected-tests
+scripts/test-runtime-task-v2-exhaustive-vm.sh:29: for test_name in "${tests[@]}"
+scripts/test-runtime-task-v2-exhaustive-vm.sh:29: grep -Fxq TestStartReconcilesAmbiguousGuestResultWithoutLosingOwnership
+scripts/test-runtime-task-v2-exhaustive-vm.sh:29: for test_name in "${tests[@]}"
+scripts/test-runtime-task-v2-exhaustive-vm.sh:29: grep -Fxq TestEnsureGuestProcessCreatedReconcilesBeforeMutation
+scripts/test-runtime-task-v2-exhaustive-vm.sh:29: for test_name in "${tests[@]}"
+scripts/test-runtime-task-v2-exhaustive-vm.sh:29: grep -Fxq TestEnsureGuestProcessCreatedReconcilesLostReply
+scripts/test-runtime-task-v2-exhaustive-vm.sh:29: for test_name in "${tests[@]}"
+scripts/test-runtime-task-v2-exhaustive-vm.sh:29: grep -Fxq TestStartedProcessCleanupTreatsAuthenticatedAbsenceAsSuccess
+scripts/test-runtime-task-v2-exhaustive-vm.sh:29: for test_name in "${tests[@]}"
+scripts/test-runtime-task-v2-exhaustive-vm.sh:29: grep -Fxq TestExecRejectsGuestUnrepresentableIDBeforeAgentContact
+scripts/test-runtime-task-v2-exhaustive-vm.sh:29: for test_name in "${tests[@]}"
+scripts/test-runtime-task-v2-exhaustive-vm.sh:29: grep -Fxq TestTaskStateGuardsRejectInvalidTransitionsBeforeAgentContact
+scripts/test-runtime-task-v2-exhaustive-vm.sh:29: for test_name in "${tests[@]}"
+scripts/test-runtime-task-v2-exhaustive-vm.sh:29: grep -Fxq TestPreCancelledTaskMutationsPreserveStateAndAvoidGuestContact
+scripts/test-runtime-task-v2-exhaustive-vm.sh:29: for test_name in "${tests[@]}"
+scripts/test-runtime-task-v2-exhaustive-vm.sh:29: grep -Fxq TestPreCancelledTaskReadsAndWaitAvoidGuestContact
+scripts/test-runtime-task-v2-exhaustive-vm.sh:29: for test_name in "${tests[@]}"
+scripts/test-runtime-task-v2-exhaustive-vm.sh:29: grep -Fxq TestTaskRPCsRejectNilAndMismatchedTaskIdentityBeforeMutation
++scripts/test-runtime-task-v2-exhaustive-vm.sh:30: grep -c '^Test'
+scripts/test-runtime-task-v2-exhaustive-vm.sh:30: [[ 20 -eq 20 ]]
+scripts/test-runtime-task-v2-exhaustive-vm.sh:31: observe lifecycle-selected-tests $'package=./cmd/containerd-shim-multikernel-v2 iterations=20 count=20\nTestCancelCreateUsesExactOriginalIdentity\nTestCreateAmbiguityCancellationRemovesPreparedArtifacts\nTestCreateRejectsOCIValidationBeforeAllocationOrArtifacts\nTestCreatePostValidationFailureRollbackMatrix\nTestExecRollsBackProcessOnAgentFailure\nTestExecCreationIntentReconcilesAmbiguousGuestMutation\nTestRecoveredCreatedExecRequiresExactGuestOwnership\nTestExecRollbackRetainsOwnershipUntilGuestDeletion\nTestStartReturnsKillFailureAndRetainsMonitorAfterPersistenceFailure\nTestStartRejectsGuestPIDOutsideTaskRangeAndRetainsOwnership\nTestStartRejectsMismatchedGuestProcessStateAndRetainsOwnership\nTestStartReconcilesAmbiguousGuestResultWithoutLosingOwnership\nTestEnsureGuestProcessCreatedReconcilesBeforeMutation\nTestEnsureGuestProcessCreatedReconcilesLostReply\nTestStartedProcessCleanupTreatsAuthenticatedAbsenceAsSuccess\nTestExecRejectsGuestUnrepresentableIDBeforeAgentContact\nTestTaskStateGuardsRejectInvalidTransitionsBeforeAgentContact\nTestPreCancelledTaskMutationsPreserveStateAndAvoidGuestContact\nTestPreCancelledTaskReadsAndWaitAvoidGuestContact\nTestTaskRPCsRejectNilAndMismatchedTaskIdentityBeforeMutation'
+scripts/test-runtime-task-v2-exhaustive-vm.sh:21: local key=lifecycle-selected-tests
+scripts/test-runtime-task-v2-exhaustive-vm.sh:21: shift
+scripts/test-runtime-task-v2-exhaustive-vm.sh:21: printf 'OBSERVATION_BEGIN key=%s\n%s\nOBSERVATION_END key=%s\n' lifecycle-selected-tests $'package=./cmd/containerd-shim-multikernel-v2 iterations=20 count=20\nTestCancelCreateUsesExactOriginalIdentity\nTestCreateAmbiguityCancellationRemovesPreparedArtifacts\nTestCreateRejectsOCIValidationBeforeAllocationOrArtifacts\nTestCreatePostValidationFailureRollbackMatrix\nTestExecRollsBackProcessOnAgentFailure\nTestExecCreationIntentReconcilesAmbiguousGuestMutation\nTestRecoveredCreatedExecRequiresExactGuestOwnership\nTestExecRollbackRetainsOwnershipUntilGuestDeletion\nTestStartReturnsKillFailureAndRetainsMonitorAfterPersistenceFailure\nTestStartRejectsGuestPIDOutsideTaskRangeAndRetainsOwnership\nTestStartRejectsMismatchedGuestProcessStateAndRetainsOwnership\nTestStartReconcilesAmbiguousGuestResultWithoutLosingOwnership\nTestEnsureGuestProcessCreatedReconcilesBeforeMutation\nTestEnsureGuestProcessCreatedReconcilesLostReply\nTestStartedProcessCleanupTreatsAuthenticatedAbsenceAsSuccess\nTestExecRejectsGuestUnrepresentableIDBeforeAgentContact\nTestTaskStateGuardsRejectInvalidTransitionsBeforeAgentContact\nTestPreCancelledTaskMutationsPreserveStateAndAvoidGuestContact\nTestPreCancelledTaskReadsAndWaitAvoidGuestContact\nTestTaskRPCsRejectNilAndMismatchedTaskIdentityBeforeMutation' lifecycle-selected-tests
+scripts/test-runtime-task-v2-exhaustive-vm.sh:33: output=/var/tmp/tv2.ZsUOJA/lifecycle.log
+scripts/test-runtime-task-v2-exhaustive-vm.sh:34: go test -race -count=20 -run '^(TestCancelCreateUsesExactOriginalIdentity|TestCreateAmbiguityCancellationRemovesPreparedArtifacts|TestCreateRejectsOCIValidationBeforeAllocationOrArtifacts|TestCreatePostValidationFailureRollbackMatrix|TestExecRollsBackProcessOnAgentFailure|TestExecCreationIntentReconcilesAmbiguousGuestMutation|TestRecoveredCreatedExecRequiresExactGuestOwnership|TestExecRollbackRetainsOwnershipUntilGuestDeletion|TestStartReturnsKillFailureAndRetainsMonitorAfterPersistenceFailure|TestStartRejectsGuestPIDOutsideTaskRangeAndRetainsOwnership|TestStartRejectsMismatchedGuestProcessStateAndRetainsOwnership|TestStartReconcilesAmbiguousGuestResultWithoutLosingOwnership|TestEnsureGuestProcessCreatedReconcilesBeforeMutation|TestEnsureGuestProcessCreatedReconcilesLostReply|TestStartedProcessCleanupTreatsAuthenticatedAbsenceAsSuccess|TestExecRejectsGuestUnrepresentableIDBeforeAgentContact|TestTaskStateGuardsRejectInvalidTransitionsBeforeAgentContact|TestPreCancelledTaskMutationsPreserveStateAndAvoidGuestContact|TestPreCancelledTaskReadsAndWaitAvoidGuestContact|TestTaskRPCsRejectNilAndMismatchedTaskIdentityBeforeMutation)$' -v ./cmd/containerd-shim-multikernel-v2
+scripts/test-runtime-task-v2-exhaustive-vm.sh:34: tee /var/tmp/tv2.ZsUOJA/lifecycle.log
=== RUN   TestCancelCreateUsesExactOriginalIdentity
--- PASS: TestCancelCreateUsesExactOriginalIdentity (0.00s)
=== RUN   TestCreateAmbiguityCancellationRemovesPreparedArtifacts
--- PASS: TestCreateAmbiguityCancellationRemovesPreparedArtifacts (0.01s)
=== RUN   TestCreateRejectsOCIValidationBeforeAllocationOrArtifacts
--- PASS: TestCreateRejectsOCIValidationBeforeAllocationOrArtifacts (0.00s)
=== RUN   TestCreatePostValidationFailureRollbackMatrix
=== RUN   TestCreatePostValidationFailureRollbackMatrix/prepare-rootfs
=== RUN   TestCreatePostValidationFailureRollbackMatrix/runtime-handoff
=== RUN   TestCreatePostValidationFailureRollbackMatrix/token
=== RUN   TestCreatePostValidationFailureRollbackMatrix/create-sandbox
=== RUN   TestCreatePostValidationFailureRollbackMatrix/load-sandbox
=== RUN   TestCreatePostValidationFailureRollbackMatrix/provision-network
=== RUN   TestCreatePostValidationFailureRollbackMatrix/namespace-holder
=== RUN   TestCreatePostValidationFailureRollbackMatrix/persist-recovery
=== RUN   TestCreatePostValidationFailureRollbackMatrix/persist-create-event
--- PASS: TestCreatePostValidationFailureRollbackMatrix (0.03s)
    --- PASS: TestCreatePostValidationFailureRollbackMatrix/prepare-rootfs (0.00s)
    --- PASS: TestCreatePostValidationFailureRollbackMatrix/runtime-handoff (0.00s)
    --- PASS: TestCreatePostValidationFailureRollbackMatrix/token (0.00s)
    --- PASS: TestCreatePostValidationFailureRollbackMatrix/create-sandbox (0.00s)
    --- PASS: TestCreatePostValidationFailureRollbackMatrix/load-sandbox (0.00s)
    --- PASS: TestCreatePostValidationFailureRollbackMatrix/provision-network (0.00s)
    --- PASS: TestCreatePostValidationFailureRollbackMatrix/namespace-holder (0.00s)
    --- PASS: TestCreatePostValidationFailureRollbackMatrix/persist-recovery (0.01s)
    --- PASS: TestCreatePostValidationFailureRollbackMatrix/persist-create-event (0.01s)
=== RUN   TestExecRollsBackProcessOnAgentFailure
--- PASS: TestExecRollsBackProcessOnAgentFailure (0.00s)
=== RUN   TestExecCreationIntentReconcilesAmbiguousGuestMutation
=== RUN   TestExecCreationIntentReconcilesAmbiguousGuestMutation/lost_reply_confirms_created_owner
=== RUN   TestExecCreationIntentReconcilesAmbiguousGuestMutation/unavailable_state_and_cleanup_retain_durable_owner
=== RUN   TestExecCreationIntentReconcilesAmbiguousGuestMutation/confirmed_absence_removes_durable_intent
--- PASS: TestExecCreationIntentReconcilesAmbiguousGuestMutation (0.02s)
    --- PASS: TestExecCreationIntentReconcilesAmbiguousGuestMutation/lost_reply_confirms_created_owner (0.01s)
    --- PASS: TestExecCreationIntentReconcilesAmbiguousGuestMutation/unavailable_state_and_cleanup_retain_durable_owner (0.00s)
    --- PASS: TestExecCreationIntentReconcilesAmbiguousGuestMutation/confirmed_absence_removes_durable_intent (0.00s)
=== RUN   TestRecoveredCreatedExecRequiresExactGuestOwnership
=== RUN   TestRecoveredCreatedExecRequiresExactGuestOwnership/exact_created
=== RUN   TestRecoveredCreatedExecRequiresExactGuestOwnership/confirmed_absent
=== RUN   TestRecoveredCreatedExecRequiresExactGuestOwnership/wrong_identity
=== RUN   TestRecoveredCreatedExecRequiresExactGuestOwnership/running
=== RUN   TestRecoveredCreatedExecRequiresExactGuestOwnership/transport_unavailable
--- PASS: TestRecoveredCreatedExecRequiresExactGuestOwnership (0.00s)
    --- PASS: TestRecoveredCreatedExecRequiresExactGuestOwnership/exact_created (0.00s)
    --- PASS: TestRecoveredCreatedExecRequiresExactGuestOwnership/confirmed_absent (0.00s)
    --- PASS: TestRecoveredCreatedExecRequiresExactGuestOwnership/wrong_identity (0.00s)
    --- PASS: TestRecoveredCreatedExecRequiresExactGuestOwnership/running (0.00s)
    --- PASS: TestRecoveredCreatedExecRequiresExactGuestOwnership/transport_unavailable (0.00s)
=== RUN   TestExecRollbackRetainsOwnershipUntilGuestDeletion
=== RUN   TestExecRollbackRetainsOwnershipUntilGuestDeletion/deleted
=== RUN   TestExecRollbackRetainsOwnershipUntilGuestDeletion/already_absent
=== RUN   TestExecRollbackRetainsOwnershipUntilGuestDeletion/delete_failed
--- PASS: TestExecRollbackRetainsOwnershipUntilGuestDeletion (0.01s)
    --- PASS: TestExecRollbackRetainsOwnershipUntilGuestDeletion/deleted (0.00s)
    --- PASS: TestExecRollbackRetainsOwnershipUntilGuestDeletion/already_absent (0.00s)
    --- PASS: TestExecRollbackRetainsOwnershipUntilGuestDeletion/delete_failed (0.00s)
=== RUN   TestStartReturnsKillFailureAndRetainsMonitorAfterPersistenceFailure
--- PASS: TestStartReturnsKillFailureAndRetainsMonitorAfterPersistenceFailure (0.01s)
=== RUN   TestStartRejectsGuestPIDOutsideTaskRangeAndRetainsOwnership
--- PASS: TestStartRejectsGuestPIDOutsideTaskRangeAndRetainsOwnership (0.01s)
=== RUN   TestStartRejectsMismatchedGuestProcessStateAndRetainsOwnership
=== RUN   TestStartRejectsMismatchedGuestProcessStateAndRetainsOwnership/wrong_identity
=== RUN   TestStartRejectsMismatchedGuestProcessStateAndRetainsOwnership/created
--- PASS: TestStartRejectsMismatchedGuestProcessStateAndRetainsOwnership (0.02s)
    --- PASS: TestStartRejectsMismatchedGuestProcessStateAndRetainsOwnership/wrong_identity (0.01s)
    --- PASS: TestStartRejectsMismatchedGuestProcessStateAndRetainsOwnership/created (0.01s)
=== RUN   TestStartReconcilesAmbiguousGuestResultWithoutLosingOwnership
=== RUN   TestStartReconcilesAmbiguousGuestResultWithoutLosingOwnership/confirmed_created_remains_retryable
=== RUN   TestStartReconcilesAmbiguousGuestResultWithoutLosingOwnership/running_proves_start_applied
=== RUN   TestStartReconcilesAmbiguousGuestResultWithoutLosingOwnership/rapid_stop_proves_start_applied
=== RUN   TestStartReconcilesAmbiguousGuestResultWithoutLosingOwnership/lost_state_reply_reconnects
=== RUN   TestStartReconcilesAmbiguousGuestResultWithoutLosingOwnership/unresolved_transport_failure_retains_ownership
--- PASS: TestStartReconcilesAmbiguousGuestResultWithoutLosingOwnership (0.09s)
    --- PASS: TestStartReconcilesAmbiguousGuestResultWithoutLosingOwnership/confirmed_created_remains_retryable (0.00s)
    --- PASS: TestStartReconcilesAmbiguousGuestResultWithoutLosingOwnership/running_proves_start_applied (0.01s)
    --- PASS: TestStartReconcilesAmbiguousGuestResultWithoutLosingOwnership/rapid_stop_proves_start_applied (0.01s)
    --- PASS: TestStartReconcilesAmbiguousGuestResultWithoutLosingOwnership/lost_state_reply_reconnects (0.06s)
    --- PASS: TestStartReconcilesAmbiguousGuestResultWithoutLosingOwnership/unresolved_transport_failure_retains_ownership (0.01s)
=== RUN   TestEnsureGuestProcessCreatedReconcilesBeforeMutation
=== RUN   TestEnsureGuestProcessCreatedReconcilesBeforeMutation/absent_is_created
=== RUN   TestEnsureGuestProcessCreatedReconcilesBeforeMutation/create_rejection_is_returned
=== RUN   TestEnsureGuestProcessCreatedReconcilesBeforeMutation/existing_created_is_reused
=== RUN   TestEnsureGuestProcessCreatedReconcilesBeforeMutation/wrong_identity
=== RUN   TestEnsureGuestProcessCreatedReconcilesBeforeMutation/running_is_not_recreated
=== RUN   TestEnsureGuestProcessCreatedReconcilesBeforeMutation/created_with_pid_is_invalid
=== RUN   TestEnsureGuestProcessCreatedReconcilesBeforeMutation/transport_failure_is_not_absence
--- PASS: TestEnsureGuestProcessCreatedReconcilesBeforeMutation (0.00s)
    --- PASS: TestEnsureGuestProcessCreatedReconcilesBeforeMutation/absent_is_created (0.00s)
    --- PASS: TestEnsureGuestProcessCreatedReconcilesBeforeMutation/create_rejection_is_returned (0.00s)
    --- PASS: TestEnsureGuestProcessCreatedReconcilesBeforeMutation/existing_created_is_reused (0.00s)
    --- PASS: TestEnsureGuestProcessCreatedReconcilesBeforeMutation/wrong_identity (0.00s)
    --- PASS: TestEnsureGuestProcessCreatedReconcilesBeforeMutation/running_is_not_recreated (0.00s)
    --- PASS: TestEnsureGuestProcessCreatedReconcilesBeforeMutation/created_with_pid_is_invalid (0.00s)
    --- PASS: TestEnsureGuestProcessCreatedReconcilesBeforeMutation/transport_failure_is_not_absence (0.00s)
=== RUN   TestEnsureGuestProcessCreatedReconcilesLostReply
--- PASS: TestEnsureGuestProcessCreatedReconcilesLostReply (0.05s)
=== RUN   TestStartedProcessCleanupTreatsAuthenticatedAbsenceAsSuccess
--- PASS: TestStartedProcessCleanupTreatsAuthenticatedAbsenceAsSuccess (0.00s)
=== RUN   TestExecRejectsGuestUnrepresentableIDBeforeAgentContact
--- PASS: TestExecRejectsGuestUnrepresentableIDBeforeAgentContact (0.00s)
=== RUN   TestTaskStateGuardsRejectInvalidTransitionsBeforeAgentContact
--- PASS: TestTaskStateGuardsRejectInvalidTransitionsBeforeAgentContact (0.00s)
=== RUN   TestPreCancelledTaskMutationsPreserveStateAndAvoidGuestContact
=== RUN   TestPreCancelledTaskMutationsPreserveStateAndAvoidGuestContact/create
=== RUN   TestPreCancelledTaskMutationsPreserveStateAndAvoidGuestContact/start
=== RUN   TestPreCancelledTaskMutationsPreserveStateAndAvoidGuestContact/kill
=== RUN   TestPreCancelledTaskMutationsPreserveStateAndAvoidGuestContact/exec
=== RUN   TestPreCancelledTaskMutationsPreserveStateAndAvoidGuestContact/delete
=== RUN   TestPreCancelledTaskMutationsPreserveStateAndAvoidGuestContact/shutdown
=== RUN   TestPreCancelledTaskMutationsPreserveStateAndAvoidGuestContact/resize
=== RUN   TestPreCancelledTaskMutationsPreserveStateAndAvoidGuestContact/pause
=== RUN   TestPreCancelledTaskMutationsPreserveStateAndAvoidGuestContact/resume
=== RUN   TestPreCancelledTaskMutationsPreserveStateAndAvoidGuestContact/close-io
--- PASS: TestPreCancelledTaskMutationsPreserveStateAndAvoidGuestContact (0.00s)
    --- PASS: TestPreCancelledTaskMutationsPreserveStateAndAvoidGuestContact/create (0.00s)
    --- PASS: TestPreCancelledTaskMutationsPreserveStateAndAvoidGuestContact/start (0.00s)
    --- PASS: TestPreCancelledTaskMutationsPreserveStateAndAvoidGuestContact/kill (0.00s)
    --- PASS: TestPreCancelledTaskMutationsPreserveStateAndAvoidGuestContact/exec (0.00s)
    --- PASS: TestPreCancelledTaskMutationsPreserveStateAndAvoidGuestContact/delete (0.00s)
    --- PASS: TestPreCancelledTaskMutationsPreserveStateAndAvoidGuestContact/shutdown (0.00s)
    --- PASS: TestPreCancelledTaskMutationsPreserveStateAndAvoidGuestContact/resize (0.00s)
    --- PASS: TestPreCancelledTaskMutationsPreserveStateAndAvoidGuestContact/pause (0.00s)
    --- PASS: TestPreCancelledTaskMutationsPreserveStateAndAvoidGuestContact/resume (0.00s)
    --- PASS: TestPreCancelledTaskMutationsPreserveStateAndAvoidGuestContact/close-io (0.00s)
=== RUN   TestPreCancelledTaskReadsAndWaitAvoidGuestContact
=== RUN   TestPreCancelledTaskReadsAndWaitAvoidGuestContact/state
=== RUN   TestPreCancelledTaskReadsAndWaitAvoidGuestContact/wait
=== RUN   TestPreCancelledTaskReadsAndWaitAvoidGuestContact/pids
=== RUN   TestPreCancelledTaskReadsAndWaitAvoidGuestContact/connect
=== RUN   TestPreCancelledTaskReadsAndWaitAvoidGuestContact/stats
--- PASS: TestPreCancelledTaskReadsAndWaitAvoidGuestContact (0.00s)
    --- PASS: TestPreCancelledTaskReadsAndWaitAvoidGuestContact/state (0.00s)
    --- PASS: TestPreCancelledTaskReadsAndWaitAvoidGuestContact/wait (0.00s)
    --- PASS: TestPreCancelledTaskReadsAndWaitAvoidGuestContact/pids (0.00s)
    --- PASS: TestPreCancelledTaskReadsAndWaitAvoidGuestContact/connect (0.00s)
    --- PASS: TestPreCancelledTaskReadsAndWaitAvoidGuestContact/stats (0.00s)
=== RUN   TestTaskRPCsRejectNilAndMismatchedTaskIdentityBeforeMutation
=== RUN   TestTaskRPCsRejectNilAndMismatchedTaskIdentityBeforeMutation/Create
=== RUN   TestTaskRPCsRejectNilAndMismatchedTaskIdentityBeforeMutation/Create/nil
=== RUN   TestTaskRPCsRejectNilAndMismatchedTaskIdentityBeforeMutation/Create/mismatched
=== RUN   TestTaskRPCsRejectNilAndMismatchedTaskIdentityBeforeMutation/Start
=== RUN   TestTaskRPCsRejectNilAndMismatchedTaskIdentityBeforeMutation/Start/nil
=== RUN   TestTaskRPCsRejectNilAndMismatchedTaskIdentityBeforeMutation/Start/mismatched
=== RUN   TestTaskRPCsRejectNilAndMismatchedTaskIdentityBeforeMutation/State
=== RUN   TestTaskRPCsRejectNilAndMismatchedTaskIdentityBeforeMutation/State/nil
=== RUN   TestTaskRPCsRejectNilAndMismatchedTaskIdentityBeforeMutation/State/mismatched
=== RUN   TestTaskRPCsRejectNilAndMismatchedTaskIdentityBeforeMutation/Wait
=== RUN   TestTaskRPCsRejectNilAndMismatchedTaskIdentityBeforeMutation/Wait/nil
=== RUN   TestTaskRPCsRejectNilAndMismatchedTaskIdentityBeforeMutation/Wait/mismatched
=== RUN   TestTaskRPCsRejectNilAndMismatchedTaskIdentityBeforeMutation/Kill
=== RUN   TestTaskRPCsRejectNilAndMismatchedTaskIdentityBeforeMutation/Kill/nil
=== RUN   TestTaskRPCsRejectNilAndMismatchedTaskIdentityBeforeMutation/Kill/mismatched
=== RUN   TestTaskRPCsRejectNilAndMismatchedTaskIdentityBeforeMutation/Exec
=== RUN   TestTaskRPCsRejectNilAndMismatchedTaskIdentityBeforeMutation/Exec/nil
=== RUN   TestTaskRPCsRejectNilAndMismatchedTaskIdentityBeforeMutation/Exec/mismatched
=== RUN   TestTaskRPCsRejectNilAndMismatchedTaskIdentityBeforeMutation/Delete
=== RUN   TestTaskRPCsRejectNilAndMismatchedTaskIdentityBeforeMutation/Delete/nil
=== RUN   TestTaskRPCsRejectNilAndMismatchedTaskIdentityBeforeMutation/Delete/mismatched
=== RUN   TestTaskRPCsRejectNilAndMismatchedTaskIdentityBeforeMutation/Pids
=== RUN   TestTaskRPCsRejectNilAndMismatchedTaskIdentityBeforeMutation/Pids/nil
=== RUN   TestTaskRPCsRejectNilAndMismatchedTaskIdentityBeforeMutation/Pids/mismatched
=== RUN   TestTaskRPCsRejectNilAndMismatchedTaskIdentityBeforeMutation/Connect
=== RUN   TestTaskRPCsRejectNilAndMismatchedTaskIdentityBeforeMutation/Connect/nil
=== RUN   TestTaskRPCsRejectNilAndMismatchedTaskIdentityBeforeMutation/Connect/mismatched
=== RUN   TestTaskRPCsRejectNilAndMismatchedTaskIdentityBeforeMutation/Shutdown
=== RUN   TestTaskRPCsRejectNilAndMismatchedTaskIdentityBeforeMutation/Shutdown/nil
=== RUN   TestTaskRPCsRejectNilAndMismatchedTaskIdentityBeforeMutation/Shutdown/mismatched
=== RUN   TestTaskRPCsRejectNilAndMismatchedTaskIdentityBeforeMutation/ResizePty
=== RUN   TestTaskRPCsRejectNilAndMismatchedTaskIdentityBeforeMutation/ResizePty/nil
=== RUN   TestTaskRPCsRejectNilAndMismatchedTaskIdentityBeforeMutation/ResizePty/mismatched
=== RUN   TestTaskRPCsRejectNilAndMismatchedTaskIdentityBeforeMutation/Pause
=== RUN   TestTaskRPCsRejectNilAndMismatchedTaskIdentityBeforeMutation/Pause/nil
=== RUN   TestTaskRPCsRejectNilAndMismatchedTaskIdentityBeforeMutation/Pause/mismatched
=== RUN   TestTaskRPCsRejectNilAndMismatchedTaskIdentityBeforeMutation/Resume
=== RUN   TestTaskRPCsRejectNilAndMismatchedTaskIdentityBeforeMutation/Resume/nil
=== RUN   TestTaskRPCsRejectNilAndMismatchedTaskIdentityBeforeMutation/Resume/mismatched
=== RUN   TestTaskRPCsRejectNilAndMismatchedTaskIdentityBeforeMutation/CloseIO
=== RUN   TestTaskRPCsRejectNilAndMismatchedTaskIdentityBeforeMutation/CloseIO/nil
=== RUN   TestTaskRPCsRejectNilAndMismatchedTaskIdentityBeforeMutation/CloseIO/mismatched
=== RUN   TestTaskRPCsRejectNilAndMismatchedTaskIdentityBeforeMutation/Stats
=== RUN   TestTaskRPCsRejectNilAndMismatchedTaskIdentityBeforeMutation/Stats/nil
=== RUN   TestTaskRPCsRejectNilAndMismatchedTaskIdentityBeforeMutation/Stats/mismatched
--- PASS: TestTaskRPCsRejectNilAndMismatchedTaskIdentityBeforeMutation (0.01s)
    --- PASS: TestTaskRPCsRejectNilAndMismatchedTaskIdentityBeforeMutation/Create (0.00s)
        --- PASS: TestTaskRPCsRejectNilAndMismatchedTaskIdentityBeforeMutation/Create/nil (0.00s)
        --- PASS: TestTaskRPCsRejectNilAndMismatchedTaskIdentityBeforeMutation/Create/mismatched (0.00s)
    --- PASS: TestTaskRPCsRejectNilAndMismatchedTaskIdentityBeforeMutation/Start (0.00s)
        --- PASS: TestTaskRPCsRejectNilAndMismatchedTaskIdentityBeforeMutation/Start/nil (0.00s)
        --- PASS: TestTaskRPCsRejectNilAndMismatchedTaskIdentityBeforeMutation/Start/mismatched (0.00s)
    --- PASS: TestTaskRPCsRejectNilAndMismatchedTaskIdentityBeforeMutation/State (0.00s)
        --- PASS: TestTaskRPCsRejectNilAndMismatchedTaskIdentityBeforeMutation/State/nil (0.00s)
        --- PASS: TestTaskRPCsRejectNilAndMismatchedTaskIdentityBeforeMutation/State/mismatched (0.00s)
    --- PASS: TestTaskRPCsRejectNilAndMismatchedTaskIdentityBeforeMutation/Wait (0.00s)
        --- PASS: TestTaskRPCsRejectNilAndMismatchedTaskIdentityBeforeMutation/Wait/nil (0.00s)
        --- PASS: TestTaskRPCsRejectNilAndMismatchedTaskIdentityBeforeMutation/Wait/mismatched (0.00s)
    --- PASS: TestTaskRPCsRejectNilAndMismatchedTaskIdentityBeforeMutation/Kill (0.00s)
        --- PASS: TestTaskRPCsRejectNilAndMismatchedTaskIdentityBeforeMutation/Kill/nil (0.00s)
        --- PASS: TestTaskRPCsRejectNilAndMismatchedTaskIdentityBeforeMutation/Kill/mismatched (0.00s)
    --- PASS: TestTaskRPCsRejectNilAndMismatchedTaskIdentityBeforeMutation/Exec (0.00s)
        --- PASS: TestTaskRPCsRejectNilAndMismatchedTaskIdentityBeforeMutation/Exec/nil (0.00s)
        --- PASS: TestTaskRPCsRejectNilAndMismatchedTaskIdentityBeforeMutation/Exec/mismatched (0.00s)
    --- PASS: TestTaskRPCsRejectNilAndMismatchedTaskIdentityBeforeMutation/Delete (0.00s)
        --- PASS: TestTaskRPCsRejectNilAndMismatchedTaskIdentityBeforeMutation/Delete/nil (0.00s)
        --- PASS: TestTaskRPCsRejectNilAndMismatchedTaskIdentityBeforeMutation/Delete/mismatched (0.00s)
    --- PASS: TestTaskRPCsRejectNilAndMismatchedTaskIdentityBeforeMutation/Pids (0.00s)
        --- PASS: TestTaskRPCsRejectNilAndMismatchedTaskIdentityBeforeMutation/Pids/nil (0.00s)
        --- PASS: TestTaskRPCsRejectNilAndMismatchedTaskIdentityBeforeMutation/Pids/mismatched (0.00s)
    --- PASS: TestTaskRPCsRejectNilAndMismatchedTaskIdentityBeforeMutation/Connect (0.00s)
        --- PASS: TestTaskRPCsRejectNilAndMismatchedTaskIdentityBeforeMutation/Connect/nil (0.00s)
        --- PASS: TestTaskRPCsRejectNilAndMismatchedTaskIdentityBeforeMutation/Connect/mismatched (0.00s)
    --- PASS: TestTaskRPCsRejectNilAndMismatchedTaskIdentityBeforeMutation/Shutdown (0.00s)
        --- PASS: TestTaskRPCsRejectNilAndMismatchedTaskIdentityBeforeMutation/Shutdown/nil (0.00s)
        --- PASS: TestTaskRPCsRejectNilAndMismatchedTaskIdentityBeforeMutation/Shutdown/mismatched (0.00s)
    --- PASS: TestTaskRPCsRejectNilAndMismatchedTaskIdentityBeforeMutation/ResizePty (0.00s)
        --- PASS: TestTaskRPCsRejectNilAndMismatchedTaskIdentityBeforeMutation/ResizePty/nil (0.00s)
        --- PASS: TestTaskRPCsRejectNilAndMismatchedTaskIdentityBeforeMutation/ResizePty/mismatched (0.00s)
    --- PASS: TestTaskRPCsRejectNilAndMismatchedTaskIdentityBeforeMutation/Pause (0.00s)
        --- PASS: TestTaskRPCsRejectNilAndMismatchedTaskIdentityBeforeMutation/Pause/nil (0.00s)
        --- PASS: TestTaskRPCsRejectNilAndMismatchedTaskIdentityBeforeMutation/Pause/mismatched (0.00s)
    --- PASS: TestTaskRPCsRejectNilAndMismatchedTaskIdentityBeforeMutation/Resume (0.00s)
        --- PASS: TestTaskRPCsRejectNilAndMismatchedTaskIdentityBeforeMutation/Resume/nil (0.00s)
        --- PASS: TestTaskRPCsRejectNilAndMismatchedTaskIdentityBeforeMutation/Resume/mismatched (0.00s)
    --- PASS: TestTaskRPCsRejectNilAndMismatchedTaskIdentityBeforeMutation/CloseIO (0.00s)
        --- PASS: TestTaskRPCsRejectNilAndMismatchedTaskIdentityBeforeMutation/CloseIO/nil (0.00s)
        --- PASS: TestTaskRPCsRejectNilAndMismatchedTaskIdentityBeforeMutation/CloseIO/mismatched (0.00s)
    --- PASS: TestTaskRPCsRejectNilAndMismatchedTaskIdentityBeforeMutation/Stats (0.00s)
        --- PASS: TestTaskRPCsRejectNilAndMismatchedTaskIdentityBeforeMutation/Stats/nil (0.00s)
        --- PASS: TestTaskRPCsRejectNilAndMismatchedTaskIdentityBeforeMutation/Stats/mismatched (0.00s)
=== RUN   TestCancelCreateUsesExactOriginalIdentity
--- PASS: TestCancelCreateUsesExactOriginalIdentity (0.00s)
=== RUN   TestCreateAmbiguityCancellationRemovesPreparedArtifacts
--- PASS: TestCreateAmbiguityCancellationRemovesPreparedArtifacts (0.00s)
=== RUN   TestCreateRejectsOCIValidationBeforeAllocationOrArtifacts
--- PASS: TestCreateRejectsOCIValidationBeforeAllocationOrArtifacts (0.00s)
=== RUN   TestCreatePostValidationFailureRollbackMatrix
=== RUN   TestCreatePostValidationFailureRollbackMatrix/prepare-rootfs
=== RUN   TestCreatePostValidationFailureRollbackMatrix/runtime-handoff
=== RUN   TestCreatePostValidationFailureRollbackMatrix/token
=== RUN   TestCreatePostValidationFailureRollbackMatrix/create-sandbox
=== RUN   TestCreatePostValidationFailureRollbackMatrix/load-sandbox
=== RUN   TestCreatePostValidationFailureRollbackMatrix/provision-network
=== RUN   TestCreatePostValidationFailureRollbackMatrix/namespace-holder
=== RUN   TestCreatePostValidationFailureRollbackMatrix/persist-recovery
=== RUN   TestCreatePostValidationFailureRollbackMatrix/persist-create-event
--- PASS: TestCreatePostValidationFailureRollbackMatrix (0.02s)
    --- PASS: TestCreatePostValidationFailureRollbackMatrix/prepare-rootfs (0.00s)
    --- PASS: TestCreatePostValidationFailureRollbackMatrix/runtime-handoff (0.00s)
    --- PASS: TestCreatePostValidationFailureRollbackMatrix/token (0.00s)
    --- PASS: TestCreatePostValidationFailureRollbackMatrix/create-sandbox (0.00s)
    --- PASS: TestCreatePostValidationFailureRollbackMatrix/load-sandbox (0.00s)
    --- PASS: TestCreatePostValidationFailureRollbackMatrix/provision-network (0.00s)
    --- PASS: TestCreatePostValidationFailureRollbackMatrix/namespace-holder (0.00s)
    --- PASS: TestCreatePostValidationFailureRollbackMatrix/persist-recovery (0.00s)
    --- PASS: TestCreatePostValidationFailureRollbackMatrix/persist-create-event (0.00s)
=== RUN   TestExecRollsBackProcessOnAgentFailure
--- PASS: TestExecRollsBackProcessOnAgentFailure (0.00s)
=== RUN   TestExecCreationIntentReconcilesAmbiguousGuestMutation
=== RUN   TestExecCreationIntentReconcilesAmbiguousGuestMutation/lost_reply_confirms_created_owner
=== RUN   TestExecCreationIntentReconcilesAmbiguousGuestMutation/unavailable_state_and_cleanup_retain_durable_owner
=== RUN   TestExecCreationIntentReconcilesAmbiguousGuestMutation/confirmed_absence_removes_durable_intent
--- PASS: TestExecCreationIntentReconcilesAmbiguousGuestMutation (0.02s)
    --- PASS: TestExecCreationIntentReconcilesAmbiguousGuestMutation/lost_reply_confirms_created_owner (0.01s)
    --- PASS: TestExecCreationIntentReconcilesAmbiguousGuestMutation/unavailable_state_and_cleanup_retain_durable_owner (0.00s)
    --- PASS: TestExecCreationIntentReconcilesAmbiguousGuestMutation/confirmed_absence_removes_durable_intent (0.00s)
=== RUN   TestRecoveredCreatedExecRequiresExactGuestOwnership
=== RUN   TestRecoveredCreatedExecRequiresExactGuestOwnership/exact_created
=== RUN   TestRecoveredCreatedExecRequiresExactGuestOwnership/confirmed_absent
=== RUN   TestRecoveredCreatedExecRequiresExactGuestOwnership/wrong_identity
=== RUN   TestRecoveredCreatedExecRequiresExactGuestOwnership/running
=== RUN   TestRecoveredCreatedExecRequiresExactGuestOwnership/transport_unavailable
--- PASS: TestRecoveredCreatedExecRequiresExactGuestOwnership (0.00s)
    --- PASS: TestRecoveredCreatedExecRequiresExactGuestOwnership/exact_created (0.00s)
    --- PASS: TestRecoveredCreatedExecRequiresExactGuestOwnership/confirmed_absent (0.00s)
    --- PASS: TestRecoveredCreatedExecRequiresExactGuestOwnership/wrong_identity (0.00s)
    --- PASS: TestRecoveredCreatedExecRequiresExactGuestOwnership/running (0.00s)
    --- PASS: TestRecoveredCreatedExecRequiresExactGuestOwnership/transport_unavailable (0.00s)
=== RUN   TestExecRollbackRetainsOwnershipUntilGuestDeletion
=== RUN   TestExecRollbackRetainsOwnershipUntilGuestDeletion/deleted
=== RUN   TestExecRollbackRetainsOwnershipUntilGuestDeletion/already_absent
=== RUN   TestExecRollbackRetainsOwnershipUntilGuestDeletion/delete_failed
--- PASS: TestExecRollbackRetainsOwnershipUntilGuestDeletion (0.01s)
    --- PASS: TestExecRollbackRetainsOwnershipUntilGuestDeletion/deleted (0.00s)
    --- PASS: TestExecRollbackRetainsOwnershipUntilGuestDeletion/already_absent (0.00s)
    --- PASS: TestExecRollbackRetainsOwnershipUntilGuestDeletion/delete_failed (0.00s)
=== RUN   TestStartReturnsKillFailureAndRetainsMonitorAfterPersistenceFailure
--- PASS: TestStartReturnsKillFailureAndRetainsMonitorAfterPersistenceFailure (0.01s)
=== RUN   TestStartRejectsGuestPIDOutsideTaskRangeAndRetainsOwnership
--- PASS: TestStartRejectsGuestPIDOutsideTaskRangeAndRetainsOwnership (0.01s)
=== RUN   TestStartRejectsMismatchedGuestProcessStateAndRetainsOwnership
=== RUN   TestStartRejectsMismatchedGuestProcessStateAndRetainsOwnership/wrong_identity
=== RUN   TestStartRejectsMismatchedGuestProcessStateAndRetainsOwnership/created
--- PASS: TestStartRejectsMismatchedGuestProcessStateAndRetainsOwnership (0.02s)
    --- PASS: TestStartRejectsMismatchedGuestProcessStateAndRetainsOwnership/wrong_identity (0.01s)
    --- PASS: TestStartRejectsMismatchedGuestProcessStateAndRetainsOwnership/created (0.01s)
=== RUN   TestStartReconcilesAmbiguousGuestResultWithoutLosingOwnership
=== RUN   TestStartReconcilesAmbiguousGuestResultWithoutLosingOwnership/confirmed_created_remains_retryable
=== RUN   TestStartReconcilesAmbiguousGuestResultWithoutLosingOwnership/running_proves_start_applied
=== RUN   TestStartReconcilesAmbiguousGuestResultWithoutLosingOwnership/rapid_stop_proves_start_applied
=== RUN   TestStartReconcilesAmbiguousGuestResultWithoutLosingOwnership/lost_state_reply_reconnects
=== RUN   TestStartReconcilesAmbiguousGuestResultWithoutLosingOwnership/unresolved_transport_failure_retains_ownership
--- PASS: TestStartReconcilesAmbiguousGuestResultWithoutLosingOwnership (0.09s)
    --- PASS: TestStartReconcilesAmbiguousGuestResultWithoutLosingOwnership/confirmed_created_remains_retryable (0.00s)
    --- PASS: TestStartReconcilesAmbiguousGuestResultWithoutLosingOwnership/running_proves_start_applied (0.01s)
    --- PASS: TestStartReconcilesAmbiguousGuestResultWithoutLosingOwnership/rapid_stop_proves_start_applied (0.01s)
    --- PASS: TestStartReconcilesAmbiguousGuestResultWithoutLosingOwnership/lost_state_reply_reconnects (0.06s)
    --- PASS: TestStartReconcilesAmbiguousGuestResultWithoutLosingOwnership/unresolved_transport_failure_retains_ownership (0.01s)
=== RUN   TestEnsureGuestProcessCreatedReconcilesBeforeMutation
=== RUN   TestEnsureGuestProcessCreatedReconcilesBeforeMutation/absent_is_created
=== RUN   TestEnsureGuestProcessCreatedReconcilesBeforeMutation/create_rejection_is_returned
=== RUN   TestEnsureGuestProcessCreatedReconcilesBeforeMutation/existing_created_is_reused
=== RUN   TestEnsureGuestProcessCreatedReconcilesBeforeMutation/wrong_identity
=== RUN   TestEnsureGuestProcessCreatedReconcilesBeforeMutation/running_is_not_recreated
=== RUN   TestEnsureGuestProcessCreatedReconcilesBeforeMutation/created_with_pid_is_invalid
=== RUN   TestEnsureGuestProcessCreatedReconcilesBeforeMutation/transport_failure_is_not_absence
--- PASS: TestEnsureGuestProcessCreatedReconcilesBeforeMutation (0.00s)
    --- PASS: TestEnsureGuestProcessCreatedReconcilesBeforeMutation/absent_is_created (0.00s)
    --- PASS: TestEnsureGuestProcessCreatedReconcilesBeforeMutation/create_rejection_is_returned (0.00s)
    --- PASS: TestEnsureGuestProcessCreatedReconcilesBeforeMutation/existing_created_is_reused (0.00s)
    --- PASS: TestEnsureGuestProcessCreatedReconcilesBeforeMutation/wrong_identity (0.00s)
    --- PASS: TestEnsureGuestProcessCreatedReconcilesBeforeMutation/running_is_not_recreated (0.00s)
    --- PASS: TestEnsureGuestProcessCreatedReconcilesBeforeMutation/created_with_pid_is_invalid (0.00s)
    --- PASS: TestEnsureGuestProcessCreatedReconcilesBeforeMutation/transport_failure_is_not_absence (0.00s)
=== RUN   TestEnsureGuestProcessCreatedReconcilesLostReply
--- PASS: TestEnsureGuestProcessCreatedReconcilesLostReply (0.05s)
=== RUN   TestStartedProcessCleanupTreatsAuthenticatedAbsenceAsSuccess
--- PASS: TestStartedProcessCleanupTreatsAuthenticatedAbsenceAsSuccess (0.00s)
=== RUN   TestExecRejectsGuestUnrepresentableIDBeforeAgentContact
--- PASS: TestExecRejectsGuestUnrepresentableIDBeforeAgentContact (0.00s)
=== RUN   TestTaskStateGuardsRejectInvalidTransitionsBeforeAgentContact
--- PASS: TestTaskStateGuardsRejectInvalidTransitionsBeforeAgentContact (0.00s)
=== RUN   TestPreCancelledTaskMutationsPreserveStateAndAvoidGuestContact
=== RUN   TestPreCancelledTaskMutationsPreserveStateAndAvoidGuestContact/create
=== RUN   TestPreCancelledTaskMutationsPreserveStateAndAvoidGuestContact/start
=== RUN   TestPreCancelledTaskMutationsPreserveStateAndAvoidGuestContact/kill
=== RUN   TestPreCancelledTaskMutationsPreserveStateAndAvoidGuestContact/exec
=== RUN   TestPreCancelledTaskMutationsPreserveStateAndAvoidGuestContact/delete
=== RUN   TestPreCancelledTaskMutationsPreserveStateAndAvoidGuestContact/shutdown
=== RUN   TestPreCancelledTaskMutationsPreserveStateAndAvoidGuestContact/resize
=== RUN   TestPreCancelledTaskMutationsPreserveStateAndAvoidGuestContact/pause
=== RUN   TestPreCancelledTaskMutationsPreserveStateAndAvoidGuestContact/resume
=== RUN   TestPreCancelledTaskMutationsPreserveStateAndAvoidGuestContact/close-io
--- PASS: TestPreCancelledTaskMutationsPreserveStateAndAvoidGuestContact (0.00s)
    --- PASS: TestPreCancelledTaskMutationsPreserveStateAndAvoidGuestContact/create (0.00s)
    --- PASS: TestPreCancelledTaskMutationsPreserveStateAndAvoidGuestContact/start (0.00s)
    --- PASS: TestPreCancelledTaskMutationsPreserveStateAndAvoidGuestContact/kill (0.00s)
    --- PASS: TestPreCancelledTaskMutationsPreserveStateAndAvoidGuestContact/exec (0.00s)
    --- PASS: TestPreCancelledTaskMutationsPreserveStateAndAvoidGuestContact/delete (0.00s)
    --- PASS: TestPreCancelledTaskMutationsPreserveStateAndAvoidGuestContact/shutdown (0.00s)
    --- PASS: TestPreCancelledTaskMutationsPreserveStateAndAvoidGuestContact/resize (0.00s)
    --- PASS: TestPreCancelledTaskMutationsPreserveStateAndAvoidGuestContact/pause (0.00s)
    --- PASS: TestPreCancelledTaskMutationsPreserveStateAndAvoidGuestContact/resume (0.00s)
    --- PASS: TestPreCancelledTaskMutationsPreserveStateAndAvoidGuestContact/close-io (0.00s)
=== RUN   TestPreCancelledTaskReadsAndWaitAvoidGuestContact
=== RUN   TestPreCancelledTaskReadsAndWaitAvoidGuestContact/pids
=== RUN   TestPreCancelledTaskReadsAndWaitAvoidGuestContact/connect
=== RUN   TestPreCancelledTaskReadsAndWaitAvoidGuestContact/stats
=== RUN   TestPreCancelledTaskReadsAndWaitAvoidGuestContact/state
=== RUN   TestPreCancelledTaskReadsAndWaitAvoidGuestContact/wait
--- PASS: TestPreCancelledTaskReadsAndWaitAvoidGuestContact (0.00s)
    --- PASS: TestPreCancelledTaskReadsAndWaitAvoidGuestContact/pids (0.00s)
    --- PASS: TestPreCancelledTaskReadsAndWaitAvoidGuestContact/connect (0.00s)
    --- PASS: TestPreCancelledTaskReadsAndWaitAvoidGuestContact/stats (0.00s)
    --- PASS: TestPreCancelledTaskReadsAndWaitAvoidGuestContact/state (0.00s)
    --- PASS: TestPreCancelledTaskReadsAndWaitAvoidGuestContact/wait (0.00s)
=== RUN   TestTaskRPCsRejectNilAndMismatchedTaskIdentityBeforeMutation
=== RUN   TestTaskRPCsRejectNilAndMismatchedTaskIdentityBeforeMutation/Create
=== RUN   TestTaskRPCsRejectNilAndMismatchedTaskIdentityBeforeMutation/Create/nil
=== RUN   TestTaskRPCsRejectNilAndMismatchedTaskIdentityBeforeMutation/Create/mismatched
=== RUN   TestTaskRPCsRejectNilAndMismatchedTaskIdentityBeforeMutation/Start
=== RUN   TestTaskRPCsRejectNilAndMismatchedTaskIdentityBeforeMutation/Start/nil
=== RUN   TestTaskRPCsRejectNilAndMismatchedTaskIdentityBeforeMutation/Start/mismatched
=== RUN   TestTaskRPCsRejectNilAndMismatchedTaskIdentityBeforeMutation/State
=== RUN   TestTaskRPCsRejectNilAndMismatchedTaskIdentityBeforeMutation/State/mismatched
=== RUN   TestTaskRPCsRejectNilAndMismatchedTaskIdentityBeforeMutation/State/nil
=== RUN   TestTaskRPCsRejectNilAndMismatchedTaskIdentityBeforeMutation/Wait
=== RUN   TestTaskRPCsRejectNilAndMismatchedTaskIdentityBeforeMutation/Wait/nil
=== RUN   TestTaskRPCsRejectNilAndMismatchedTaskIdentityBeforeMutation/Wait/mismatched
=== RUN   TestTaskRPCsRejectNilAndMismatchedTaskIdentityBeforeMutation/Kill
=== RUN   TestTaskRPCsRejectNilAndMismatchedTaskIdentityBeforeMutation/Kill/nil
=== RUN   TestTaskRPCsRejectNilAndMismatchedTaskIdentityBeforeMutation/Kill/mismatched
=== RUN   TestTaskRPCsRejectNilAndMismatchedTaskIdentityBeforeMutation/Exec
=== RUN   TestTaskRPCsRejectNilAndMismatchedTaskIdentityBeforeMutation/Exec/nil
=== RUN   TestTaskRPCsRejectNilAndMismatchedTaskIdentityBeforeMutation/Exec/mismatched
=== RUN   TestTaskRPCsRejectNilAndMismatchedTaskIdentityBeforeMutation/Delete
=== RUN   TestTaskRPCsRejectNilAndMismatchedTaskIdentityBeforeMutation/Delete/nil
=== RUN   TestTaskRPCsRejectNilAndMismatchedTaskIdentityBeforeMutation/Delete/mismatched
=== RUN   TestTaskRPCsRejectNilAndMismatchedTaskIdentityBeforeMutation/Pids
=== RUN   TestTaskRPCsRejectNilAndMismatchedTaskIdentityBeforeMutation/Pids/nil
=== RUN   TestTaskRPCsRejectNilAndMismatchedTaskIdentityBeforeMutation/Pids/mismatched
=== RUN   TestTaskRPCsRejectNilAndMismatchedTaskIdentityBeforeMutation/Connect
=== RUN   TestTaskRPCsRejectNilAndMismatchedTaskIdentityBeforeMutation/Connect/nil
=== RUN   TestTaskRPCsRejectNilAndMismatchedTaskIdentityBeforeMutation/Connect/mismatched
=== RUN   TestTaskRPCsRejectNilAndMismatchedTaskIdentityBeforeMutation/Shutdown
=== RUN   TestTaskRPCsRejectNilAndMismatchedTaskIdentityBeforeMutation/Shutdown/nil
=== RUN   TestTaskRPCsRejectNilAndMismatchedTaskIdentityBeforeMutation/Shutdown/mismatched
=== RUN   TestTaskRPCsRejectNilAndMismatchedTaskIdentityBeforeMutation/ResizePty
=== RUN   TestTaskRPCsRejectNilAndMismatchedTaskIdentityBeforeMutation/ResizePty/nil
=== RUN   TestTaskRPCsRejectNilAndMismatchedTaskIdentityBeforeMutation/ResizePty/mismatched
=== RUN   TestTaskRPCsRejectNilAndMismatchedTaskIdentityBeforeMutation/Pause
=== RUN   TestTaskRPCsRejectNilAndMismatchedTaskIdentityBeforeMutation/Pause/nil
=== RUN   TestTaskRPCsRejectNilAndMismatchedTaskIdentityBeforeMutation/Pause/mismatched
=== RUN   TestTaskRPCsRejectNilAndMismatchedTaskIdentityBeforeMutation/Resume
=== RUN   TestTaskRPCsRejectNilAndMismatchedTaskIdentityBeforeMutation/Resume/nil
=== RUN   TestTaskRPCsRejectNilAndMismatchedTaskIdentityBeforeMutation/Resume/mismatched
=== RUN   TestTaskRPCsRejectNilAndMismatchedTaskIdentityBeforeMutation/CloseIO
=== RUN   TestTaskRPCsRejectNilAndMismatchedTaskIdentityBeforeMutation/CloseIO/nil
=== RUN   TestTaskRPCsRejectNilAndMismatchedTaskIdentityBeforeMutation/CloseIO/mismatched
=== RUN   TestTaskRPCsRejectNilAndMismatchedTaskIdentityBeforeMutation/Stats
=== RUN   TestTaskRPCsRejectNilAndMismatchedTaskIdentityBeforeMutation/Stats/nil
=== RUN   TestTaskRPCsRejectNilAndMismatchedTaskIdentityBeforeMutation/Stats/mismatched
--- PASS: TestTaskRPCsRejectNilAndMismatchedTaskIdentityBeforeMutation (0.01s)
    --- PASS: TestTaskRPCsRejectNilAndMismatchedTaskIdentityBeforeMutation/Create (0.00s)
        --- PASS: TestTaskRPCsRejectNilAndMismatchedTaskIdentityBeforeMutation/Create/nil (0.00s)
        --- PASS: TestTaskRPCsRejectNilAndMismatchedTaskIdentityBeforeMutation/Create/mismatched (0.00s)
    --- PASS: TestTaskRPCsRejectNilAndMismatchedTaskIdentityBeforeMutation/Start (0.00s)
        --- PASS: TestTaskRPCsRejectNilAndMismatchedTaskIdentityBeforeMutation/Start/nil (0.00s)
        --- PASS: TestTaskRPCsRejectNilAndMismatchedTaskIdentityBeforeMutation/Start/mismatched (0.00s)
    --- PASS: TestTaskRPCsRejectNilAndMismatchedTaskIdentityBeforeMutation/State (0.00s)
        --- PASS: TestTaskRPCsRejectNilAndMismatchedTaskIdentityBeforeMutation/State/mismatched (0.00s)
        --- PASS: TestTaskRPCsRejectNilAndMismatchedTaskIdentityBeforeMutation/State/nil (0.00s)
    --- PASS: TestTaskRPCsRejectNilAndMismatchedTaskIdentityBeforeMutation/Wait (0.00s)
        --- PASS: TestTaskRPCsRejectNilAndMismatchedTaskIdentityBeforeMutation/Wait/nil (0.00s)
        --- PASS: TestTaskRPCsRejectNilAndMismatchedTaskIdentityBeforeMutation/Wait/mismatched (0.00s)
    --- PASS: TestTaskRPCsRejectNilAndMismatchedTaskIdentityBeforeMutation/Kill (0.00s)
        --- PASS: TestTaskRPCsRejectNilAndMismatchedTaskIdentityBeforeMutation/Kill/nil (0.00s)
        --- PASS: TestTaskRPCsRejectNilAndMismatchedTaskIdentityBeforeMutation/Kill/mismatched (0.00s)
    --- PASS: TestTaskRPCsRejectNilAndMismatchedTaskIdentityBeforeMutation/Exec (0.00s)
        --- PASS: TestTaskRPCsRejectNilAndMismatchedTaskIdentityBeforeMutation/Exec/nil (0.00s)
        --- PASS: TestTaskRPCsRejectNilAndMismatchedTaskIdentityBeforeMutation/Exec/mismatched (0.00s)
    --- PASS: TestTaskRPCsRejectNilAndMismatchedTaskIdentityBeforeMutation/Delete (0.00s)
        --- PASS: TestTaskRPCsRejectNilAndMismatchedTaskIdentityBeforeMutation/Delete/nil (0.00s)
        --- PASS: TestTaskRPCsRejectNilAndMismatchedTaskIdentityBeforeMutation/Delete/mismatched (0.00s)
    --- PASS: TestTaskRPCsRejectNilAndMismatchedTaskIdentityBeforeMutation/Pids (0.00s)
        --- PASS: TestTaskRPCsRejectNilAndMismatchedTaskIdentityBeforeMutation/Pids/nil (0.00s)
        --- PASS: TestTaskRPCsRejectNilAndMismatchedTaskIdentityBeforeMutation/Pids/mismatched (0.00s)
    --- PASS: TestTaskRPCsRejectNilAndMismatchedTaskIdentityBeforeMutation/Connect (0.00s)
        --- PASS: TestTaskRPCsRejectNilAndMismatchedTaskIdentityBeforeMutation/Connect/nil (0.00s)
        --- PASS: TestTaskRPCsRejectNilAndMismatchedTaskIdentityBeforeMutation/Connect/mismatched (0.00s)
    --- PASS: TestTaskRPCsRejectNilAndMismatchedTaskIdentityBeforeMutation/Shutdown (0.00s)
        --- PASS: TestTaskRPCsRejectNilAndMismatchedTaskIdentityBeforeMutation/Shutdown/nil (0.00s)
        --- PASS: TestTaskRPCsRejectNilAndMismatchedTaskIdentityBeforeMutation/Shutdown/mismatched (0.00s)
    --- PASS: TestTaskRPCsRejectNilAndMismatchedTaskIdentityBeforeMutation/ResizePty (0.00s)
        --- PASS: TestTaskRPCsRejectNilAndMismatchedTaskIdentityBeforeMutation/ResizePty/nil (0.00s)
        --- PASS: TestTaskRPCsRejectNilAndMismatchedTaskIdentityBeforeMutation/ResizePty/mismatched (0.00s)
    --- PASS: TestTaskRPCsRejectNilAndMismatchedTaskIdentityBeforeMutation/Pause (0.00s)
        --- PASS: TestTaskRPCsRejectNilAndMismatchedTaskIdentityBeforeMutation/Pause/nil (0.00s)
        --- PASS: TestTaskRPCsRejectNilAndMismatchedTaskIdentityBeforeMutation/Pause/mismatched (0.00s)
    --- PASS: TestTaskRPCsRejectNilAndMismatchedTaskIdentityBeforeMutation/Resume (0.00s)
        --- PASS: TestTaskRPCsRejectNilAndMismatchedTaskIdentityBeforeMutation/Resume/nil (0.00s)
        --- PASS: TestTaskRPCsRejectNilAndMismatchedTaskIdentityBeforeMutation/Resume/mismatched (0.00s)
    --- PASS: TestTaskRPCsRejectNilAndMismatchedTaskIdentityBeforeMutation/CloseIO (0.00s)
        --- PASS: TestTaskRPCsRejectNilAndMismatchedTaskIdentityBeforeMutation/CloseIO/nil (0.00s)
        --- PASS: TestTaskRPCsRejectNilAndMismatchedTaskIdentityBeforeMutation/CloseIO/mismatched (0.00s)
    --- PASS: TestTaskRPCsRejectNilAndMismatchedTaskIdentityBeforeMutation/Stats (0.00s)
        --- PASS: TestTaskRPCsRejectNilAndMismatchedTaskIdentityBeforeMutation/Stats/nil (0.00s)
        --- PASS: TestTaskRPCsRejectNilAndMismatchedTaskIdentityBeforeMutation/Stats/mismatched (0.00s)
=== RUN   TestCancelCreateUsesExactOriginalIdentity
--- PASS: TestCancelCreateUsesExactOriginalIdentity (0.00s)
=== RUN   TestCreateAmbiguityCancellationRemovesPreparedArtifacts
--- PASS: TestCreateAmbiguityCancellationRemovesPreparedArtifacts (0.00s)
=== RUN   TestCreateRejectsOCIValidationBeforeAllocationOrArtifacts
--- PASS: TestCreateRejectsOCIValidationBeforeAllocationOrArtifacts (0.00s)
=== RUN   TestCreatePostValidationFailureRollbackMatrix
=== RUN   TestCreatePostValidationFailureRollbackMatrix/prepare-rootfs
=== RUN   TestCreatePostValidationFailureRollbackMatrix/runtime-handoff
=== RUN   TestCreatePostValidationFailureRollbackMatrix/token
=== RUN   TestCreatePostValidationFailureRollbackMatrix/create-sandbox
=== RUN   TestCreatePostValidationFailureRollbackMatrix/load-sandbox
=== RUN   TestCreatePostValidationFailureRollbackMatrix/provision-network
=== RUN   TestCreatePostValidationFailureRollbackMatrix/namespace-holder
=== RUN   TestCreatePostValidationFailureRollbackMatrix/persist-recovery
=== RUN   TestCreatePostValidationFailureRollbackMatrix/persist-create-event
--- PASS: TestCreatePostValidationFailureRollbackMatrix (0.02s)
    --- PASS: TestCreatePostValidationFailureRollbackMatrix/prepare-rootfs (0.00s)
    --- PASS: TestCreatePostValidationFailureRollbackMatrix/runtime-handoff (0.00s)
    --- PASS: TestCreatePostValidationFailureRollbackMatrix/token (0.00s)
    --- PASS: TestCreatePostValidationFailureRollbackMatrix/create-sandbox (0.00s)
    --- PASS: TestCreatePostValidationFailureRollbackMatrix/load-sandbox (0.00s)
    --- PASS: TestCreatePostValidationFailureRollbackMatrix/provision-network (0.00s)
    --- PASS: TestCreatePostValidationFailureRollbackMatrix/namespace-holder (0.00s)
    --- PASS: TestCreatePostValidationFailureRollbackMatrix/persist-recovery (0.00s)
    --- PASS: TestCreatePostValidationFailureRollbackMatrix/persist-create-event (0.00s)
=== RUN   TestExecRollsBackProcessOnAgentFailure
--- PASS: TestExecRollsBackProcessOnAgentFailure (0.00s)
=== RUN   TestExecCreationIntentReconcilesAmbiguousGuestMutation
=== RUN   TestExecCreationIntentReconcilesAmbiguousGuestMutation/lost_reply_confirms_created_owner
=== RUN   TestExecCreationIntentReconcilesAmbiguousGuestMutation/unavailable_state_and_cleanup_retain_durable_owner
=== RUN   TestExecCreationIntentReconcilesAmbiguousGuestMutation/confirmed_absence_removes_durable_intent
--- PASS: TestExecCreationIntentReconcilesAmbiguousGuestMutation (0.02s)
    --- PASS: TestExecCreationIntentReconcilesAmbiguousGuestMutation/lost_reply_confirms_created_owner (0.01s)
    --- PASS: TestExecCreationIntentReconcilesAmbiguousGuestMutation/unavailable_state_and_cleanup_retain_durable_owner (0.00s)
    --- PASS: TestExecCreationIntentReconcilesAmbiguousGuestMutation/confirmed_absence_removes_durable_intent (0.00s)
=== RUN   TestRecoveredCreatedExecRequiresExactGuestOwnership
=== RUN   TestRecoveredCreatedExecRequiresExactGuestOwnership/exact_created
=== RUN   TestRecoveredCreatedExecRequiresExactGuestOwnership/confirmed_absent
=== RUN   TestRecoveredCreatedExecRequiresExactGuestOwnership/wrong_identity
=== RUN   TestRecoveredCreatedExecRequiresExactGuestOwnership/running
=== RUN   TestRecoveredCreatedExecRequiresExactGuestOwnership/transport_unavailable
--- PASS: TestRecoveredCreatedExecRequiresExactGuestOwnership (0.00s)
    --- PASS: TestRecoveredCreatedExecRequiresExactGuestOwnership/exact_created (0.00s)
    --- PASS: TestRecoveredCreatedExecRequiresExactGuestOwnership/confirmed_absent (0.00s)
    --- PASS: TestRecoveredCreatedExecRequiresExactGuestOwnership/wrong_identity (0.00s)
    --- PASS: TestRecoveredCreatedExecRequiresExactGuestOwnership/running (0.00s)
    --- PASS: TestRecoveredCreatedExecRequiresExactGuestOwnership/transport_unavailable (0.00s)
=== RUN   TestExecRollbackRetainsOwnershipUntilGuestDeletion
=== RUN   TestExecRollbackRetainsOwnershipUntilGuestDeletion/already_absent
=== RUN   TestExecRollbackRetainsOwnershipUntilGuestDeletion/delete_failed
=== RUN   TestExecRollbackRetainsOwnershipUntilGuestDeletion/deleted
--- PASS: TestExecRollbackRetainsOwnershipUntilGuestDeletion (0.01s)
    --- PASS: TestExecRollbackRetainsOwnershipUntilGuestDeletion/already_absent (0.00s)
    --- PASS: TestExecRollbackRetainsOwnershipUntilGuestDeletion/delete_failed (0.00s)
    --- PASS: TestExecRollbackRetainsOwnershipUntilGuestDeletion/deleted (0.00s)
=== RUN   TestStartReturnsKillFailureAndRetainsMonitorAfterPersistenceFailure
--- PASS: TestStartReturnsKillFailureAndRetainsMonitorAfterPersistenceFailure (0.01s)
=== RUN   TestStartRejectsGuestPIDOutsideTaskRangeAndRetainsOwnership
--- PASS: TestStartRejectsGuestPIDOutsideTaskRangeAndRetainsOwnership (0.01s)
=== RUN   TestStartRejectsMismatchedGuestProcessStateAndRetainsOwnership
=== RUN   TestStartRejectsMismatchedGuestProcessStateAndRetainsOwnership/wrong_identity
=== RUN   TestStartRejectsMismatchedGuestProcessStateAndRetainsOwnership/created
--- PASS: TestStartRejectsMismatchedGuestProcessStateAndRetainsOwnership (0.02s)
    --- PASS: TestStartRejectsMismatchedGuestProcessStateAndRetainsOwnership/wrong_identity (0.01s)
    --- PASS: TestStartRejectsMismatchedGuestProcessStateAndRetainsOwnership/created (0.01s)
=== RUN   TestStartReconcilesAmbiguousGuestResultWithoutLosingOwnership
=== RUN   TestStartReconcilesAmbiguousGuestResultWithoutLosingOwnership/confirmed_created_remains_retryable
=== RUN   TestStartReconcilesAmbiguousGuestResultWithoutLosingOwnership/running_proves_start_applied
=== RUN   TestStartReconcilesAmbiguousGuestResultWithoutLosingOwnership/rapid_stop_proves_start_applied
=== RUN   TestStartReconcilesAmbiguousGuestResultWithoutLosingOwnership/lost_state_reply_reconnects
=== RUN   TestStartReconcilesAmbiguousGuestResultWithoutLosingOwnership/unresolved_transport_failure_retains_ownership
--- PASS: TestStartReconcilesAmbiguousGuestResultWithoutLosingOwnership (0.09s)
    --- PASS: TestStartReconcilesAmbiguousGuestResultWithoutLosingOwnership/confirmed_created_remains_retryable (0.00s)
    --- PASS: TestStartReconcilesAmbiguousGuestResultWithoutLosingOwnership/running_proves_start_applied (0.01s)
    --- PASS: TestStartReconcilesAmbiguousGuestResultWithoutLosingOwnership/rapid_stop_proves_start_applied (0.01s)
    --- PASS: TestStartReconcilesAmbiguousGuestResultWithoutLosingOwnership/lost_state_reply_reconnects (0.06s)
    --- PASS: TestStartReconcilesAmbiguousGuestResultWithoutLosingOwnership/unresolved_transport_failure_retains_ownership (0.01s)
=== RUN   TestEnsureGuestProcessCreatedReconcilesBeforeMutation
=== RUN   TestEnsureGuestProcessCreatedReconcilesBeforeMutation/absent_is_created
=== RUN   TestEnsureGuestProcessCreatedReconcilesBeforeMutation/create_rejection_is_returned
=== RUN   TestEnsureGuestProcessCreatedReconcilesBeforeMutation/existing_created_is_reused
=== RUN   TestEnsureGuestProcessCreatedReconcilesBeforeMutation/wrong_identity
=== RUN   TestEnsureGuestProcessCreatedReconcilesBeforeMutation/running_is_not_recreated
=== RUN   TestEnsureGuestProcessCreatedReconcilesBeforeMutation/created_with_pid_is_invalid
=== RUN   TestEnsureGuestProcessCreatedReconcilesBeforeMutation/transport_failure_is_not_absence
--- PASS: TestEnsureGuestProcessCreatedReconcilesBeforeMutation (0.00s)
    --- PASS: TestEnsureGuestProcessCreatedReconcilesBeforeMutation/absent_is_created (0.00s)
    --- PASS: TestEnsureGuestProcessCreatedReconcilesBeforeMutation/create_rejection_is_returned (0.00s)
    --- PASS: TestEnsureGuestProcessCreatedReconcilesBeforeMutation/existing_created_is_reused (0.00s)
    --- PASS: TestEnsureGuestProcessCreatedReconcilesBeforeMutation/wrong_identity (0.00s)
    --- PASS: TestEnsureGuestProcessCreatedReconcilesBeforeMutation/running_is_not_recreated (0.00s)
    --- PASS: TestEnsureGuestProcessCreatedReconcilesBeforeMutation/created_with_pid_is_invalid (0.00s)
    --- PASS: TestEnsureGuestProcessCreatedReconcilesBeforeMutation/transport_failure_is_not_absence (0.00s)
=== RUN   TestEnsureGuestProcessCreatedReconcilesLostReply
--- PASS: TestEnsureGuestProcessCreatedReconcilesLostReply (0.05s)
=== RUN   TestStartedProcessCleanupTreatsAuthenticatedAbsenceAsSuccess
--- PASS: TestStartedProcessCleanupTreatsAuthenticatedAbsenceAsSuccess (0.00s)
=== RUN   TestExecRejectsGuestUnrepresentableIDBeforeAgentContact
--- PASS: TestExecRejectsGuestUnrepresentableIDBeforeAgentContact (0.00s)
=== RUN   TestTaskStateGuardsRejectInvalidTransitionsBeforeAgentContact
--- PASS: TestTaskStateGuardsRejectInvalidTransitionsBeforeAgentContact (0.00s)
=== RUN   TestPreCancelledTaskMutationsPreserveStateAndAvoidGuestContact
=== RUN   TestPreCancelledTaskMutationsPreserveStateAndAvoidGuestContact/create
=== RUN   TestPreCancelledTaskMutationsPreserveStateAndAvoidGuestContact/start
=== RUN   TestPreCancelledTaskMutationsPreserveStateAndAvoidGuestContact/kill
=== RUN   TestPreCancelledTaskMutationsPreserveStateAndAvoidGuestContact/exec
=== RUN   TestPreCancelledTaskMutationsPreserveStateAndAvoidGuestContact/delete
=== RUN   TestPreCancelledTaskMutationsPreserveStateAndAvoidGuestContact/shutdown
=== RUN   TestPreCancelledTaskMutationsPreserveStateAndAvoidGuestContact/resize
=== RUN   TestPreCancelledTaskMutationsPreserveStateAndAvoidGuestContact/pause
=== RUN   TestPreCancelledTaskMutationsPreserveStateAndAvoidGuestContact/resume
=== RUN   TestPreCancelledTaskMutationsPreserveStateAndAvoidGuestContact/close-io
--- PASS: TestPreCancelledTaskMutationsPreserveStateAndAvoidGuestContact (0.00s)
    --- PASS: TestPreCancelledTaskMutationsPreserveStateAndAvoidGuestContact/create (0.00s)
    --- PASS: TestPreCancelledTaskMutationsPreserveStateAndAvoidGuestContact/start (0.00s)
    --- PASS: TestPreCancelledTaskMutationsPreserveStateAndAvoidGuestContact/kill (0.00s)
    --- PASS: TestPreCancelledTaskMutationsPreserveStateAndAvoidGuestContact/exec (0.00s)
    --- PASS: TestPreCancelledTaskMutationsPreserveStateAndAvoidGuestContact/delete (0.00s)
    --- PASS: TestPreCancelledTaskMutationsPreserveStateAndAvoidGuestContact/shutdown (0.00s)
    --- PASS: TestPreCancelledTaskMutationsPreserveStateAndAvoidGuestContact/resize (0.00s)
    --- PASS: TestPreCancelledTaskMutationsPreserveStateAndAvoidGuestContact/pause (0.00s)
    --- PASS: TestPreCancelledTaskMutationsPreserveStateAndAvoidGuestContact/resume (0.00s)
    --- PASS: TestPreCancelledTaskMutationsPreserveStateAndAvoidGuestContact/close-io (0.00s)
=== RUN   TestPreCancelledTaskReadsAndWaitAvoidGuestContact
=== RUN   TestPreCancelledTaskReadsAndWaitAvoidGuestContact/pids
=== RUN   TestPreCancelledTaskReadsAndWaitAvoidGuestContact/connect
=== RUN   TestPreCancelledTaskReadsAndWaitAvoidGuestContact/stats
=== RUN   TestPreCancelledTaskReadsAndWaitAvoidGuestContact/state
=== RUN   TestPreCancelledTaskReadsAndWaitAvoidGuestContact/wait
--- PASS: TestPreCancelledTaskReadsAndWaitAvoidGuestContact (0.00s)
    --- PASS: TestPreCancelledTaskReadsAndWaitAvoidGuestContact/pids (0.00s)
    --- PASS: TestPreCancelledTaskReadsAndWaitAvoidGuestContact/connect (0.00s)
    --- PASS: TestPreCancelledTaskReadsAndWaitAvoidGuestContact/stats (0.00s)
    --- PASS: TestPreCancelledTaskReadsAndWaitAvoidGuestContact/state (0.00s)
    --- PASS: TestPreCancelledTaskReadsAndWaitAvoidGuestContact/wait (0.00s)
=== RUN   TestTaskRPCsRejectNilAndMismatchedTaskIdentityBeforeMutation
=== RUN   TestTaskRPCsRejectNilAndMismatchedTaskIdentityBeforeMutation/Create
=== RUN   TestTaskRPCsRejectNilAndMismatchedTaskIdentityBeforeMutation/Create/nil
=== RUN   TestTaskRPCsRejectNilAndMismatchedTaskIdentityBeforeMutation/Create/mismatched
=== RUN   TestTaskRPCsRejectNilAndMismatchedTaskIdentityBeforeMutation/Start
=== RUN   TestTaskRPCsRejectNilAndMismatchedTaskIdentityBeforeMutation/Start/nil
=== RUN   TestTaskRPCsRejectNilAndMismatchedTaskIdentityBeforeMutation/Start/mismatched
=== RUN   TestTaskRPCsRejectNilAndMismatchedTaskIdentityBeforeMutation/State
=== RUN   TestTaskRPCsRejectNilAndMismatchedTaskIdentityBeforeMutation/State/nil
=== RUN   TestTaskRPCsRejectNilAndMismatchedTaskIdentityBeforeMutation/State/mismatched
=== RUN   TestTaskRPCsRejectNilAndMismatchedTaskIdentityBeforeMutation/Wait
=== RUN   TestTaskRPCsRejectNilAndMismatchedTaskIdentityBeforeMutation/Wait/nil
=== RUN   TestTaskRPCsRejectNilAndMismatchedTaskIdentityBeforeMutation/Wait/mismatched
=== RUN   TestTaskRPCsRejectNilAndMismatchedTaskIdentityBeforeMutation/Kill
=== RUN   TestTaskRPCsRejectNilAndMismatchedTaskIdentityBeforeMutation/Kill/mismatched
=== RUN   TestTaskRPCsRejectNilAndMismatchedTaskIdentityBeforeMutation/Kill/nil
=== RUN   TestTaskRPCsRejectNilAndMismatchedTaskIdentityBeforeMutation/Exec
=== RUN   TestTaskRPCsRejectNilAndMismatchedTaskIdentityBeforeMutation/Exec/nil
=== RUN   TestTaskRPCsRejectNilAndMismatchedTaskIdentityBeforeMutation/Exec/mismatched
=== RUN   TestTaskRPCsRejectNilAndMismatchedTaskIdentityBeforeMutation/Delete
=== RUN   TestTaskRPCsRejectNilAndMismatchedTaskIdentityBeforeMutation/Delete/mismatched
=== RUN   TestTaskRPCsRejectNilAndMismatchedTaskIdentityBeforeMutation/Delete/nil
=== RUN   TestTaskRPCsRejectNilAndMismatchedTaskIdentityBeforeMutation/Pids
=== RUN   TestTaskRPCsRejectNilAndMismatchedTaskIdentityBeforeMutation/Pids/mismatched
=== RUN   TestTaskRPCsRejectNilAndMismatchedTaskIdentityBeforeMutation/Pids/nil
=== RUN   TestTaskRPCsRejectNilAndMismatchedTaskIdentityBeforeMutation/Connect
=== RUN   TestTaskRPCsRejectNilAndMismatchedTaskIdentityBeforeMutation/Connect/nil
=== RUN   TestTaskRPCsRejectNilAndMismatchedTaskIdentityBeforeMutation/Connect/mismatched
=== RUN   TestTaskRPCsRejectNilAndMismatchedTaskIdentityBeforeMutation/Shutdown
=== RUN   TestTaskRPCsRejectNilAndMismatchedTaskIdentityBeforeMutation/Shutdown/nil
=== RUN   TestTaskRPCsRejectNilAndMismatchedTaskIdentityBeforeMutation/Shutdown/mismatched
=== RUN   TestTaskRPCsRejectNilAndMismatchedTaskIdentityBeforeMutation/ResizePty
=== RUN   TestTaskRPCsRejectNilAndMismatchedTaskIdentityBeforeMutation/ResizePty/nil
=== RUN   TestTaskRPCsRejectNilAndMismatchedTaskIdentityBeforeMutation/ResizePty/mismatched
=== RUN   TestTaskRPCsRejectNilAndMismatchedTaskIdentityBeforeMutation/Pause
=== RUN   TestTaskRPCsRejectNilAndMismatchedTaskIdentityBeforeMutation/Pause/mismatched
=== RUN   TestTaskRPCsRejectNilAndMismatchedTaskIdentityBeforeMutation/Pause/nil
=== RUN   TestTaskRPCsRejectNilAndMismatchedTaskIdentityBeforeMutation/Resume
=== RUN   TestTaskRPCsRejectNilAndMismatchedTaskIdentityBeforeMutation/Resume/mismatched
=== RUN   TestTaskRPCsRejectNilAndMismatchedTaskIdentityBeforeMutation/Resume/nil
=== RUN   TestTaskRPCsRejectNilAndMismatchedTaskIdentityBeforeMutation/CloseIO
=== RUN   TestTaskRPCsRejectNilAndMismatchedTaskIdentityBeforeMutation/CloseIO/nil
=== RUN   TestTaskRPCsRejectNilAndMismatchedTaskIdentityBeforeMutation/CloseIO/mismatched
=== RUN   TestTaskRPCsRejectNilAndMismatchedTaskIdentityBeforeMutation/Stats
=== RUN   TestTaskRPCsRejectNilAndMismatchedTaskIdentityBeforeMutation/Stats/nil
=== RUN   TestTaskRPCsRejectNilAndMismatchedTaskIdentityBeforeMutation/Stats/mismatched
--- PASS: TestTaskRPCsRejectNilAndMismatchedTaskIdentityBeforeMutation (0.01s)
    --- PASS: TestTaskRPCsRejectNilAndMismatchedTaskIdentityBeforeMutation/Create (0.00s)
        --- PASS: TestTaskRPCsRejectNilAndMismatchedTaskIdentityBeforeMutation/Create/nil (0.00s)
        --- PASS: TestTaskRPCsRejectNilAndMismatchedTaskIdentityBeforeMutation/Create/mismatched (0.00s)
    --- PASS: TestTaskRPCsRejectNilAndMismatchedTaskIdentityBeforeMutation/Start (0.00s)
        --- PASS: TestTaskRPCsRejectNilAndMismatchedTaskIdentityBeforeMutation/Start/nil (0.00s)
        --- PASS: TestTaskRPCsRejectNilAndMismatchedTaskIdentityBeforeMutation/Start/mismatched (0.00s)
    --- PASS: TestTaskRPCsRejectNilAndMismatchedTaskIdentityBeforeMutation/State (0.00s)
        --- PASS: TestTaskRPCsRejectNilAndMismatchedTaskIdentityBeforeMutation/State/nil (0.00s)
        --- PASS: TestTaskRPCsRejectNilAndMismatchedTaskIdentityBeforeMutation/State/mismatched (0.00s)
    --- PASS: TestTaskRPCsRejectNilAndMismatchedTaskIdentityBeforeMutation/Wait (0.00s)
        --- PASS: TestTaskRPCsRejectNilAndMismatchedTaskIdentityBeforeMutation/Wait/nil (0.00s)
        --- PASS: TestTaskRPCsRejectNilAndMismatchedTaskIdentityBeforeMutation/Wait/mismatched (0.00s)
    --- PASS: TestTaskRPCsRejectNilAndMismatchedTaskIdentityBeforeMutation/Kill (0.00s)
        --- PASS: TestTaskRPCsRejectNilAndMismatchedTaskIdentityBeforeMutation/Kill/mismatched (0.00s)
        --- PASS: TestTaskRPCsRejectNilAndMismatchedTaskIdentityBeforeMutation/Kill/nil (0.00s)
    --- PASS: TestTaskRPCsRejectNilAndMismatchedTaskIdentityBeforeMutation/Exec (0.00s)
        --- PASS: TestTaskRPCsRejectNilAndMismatchedTaskIdentityBeforeMutation/Exec/nil (0.00s)
        --- PASS: TestTaskRPCsRejectNilAndMismatchedTaskIdentityBeforeMutation/Exec/mismatched (0.00s)
    --- PASS: TestTaskRPCsRejectNilAndMismatchedTaskIdentityBeforeMutation/Delete (0.00s)
        --- PASS: TestTaskRPCsRejectNilAndMismatchedTaskIdentityBeforeMutation/Delete/mismatched (0.00s)
        --- PASS: TestTaskRPCsRejectNilAndMismatchedTaskIdentityBeforeMutation/Delete/nil (0.00s)
    --- PASS: TestTaskRPCsRejectNilAndMismatchedTaskIdentityBeforeMutation/Pids (0.00s)
        --- PASS: TestTaskRPCsRejectNilAndMismatchedTaskIdentityBeforeMutation/Pids/mismatched (0.00s)
        --- PASS: TestTaskRPCsRejectNilAndMismatchedTaskIdentityBeforeMutation/Pids/nil (0.00s)
    --- PASS: TestTaskRPCsRejectNilAndMismatchedTaskIdentityBeforeMutation/Connect (0.00s)
        --- PASS: TestTaskRPCsRejectNilAndMismatchedTaskIdentityBeforeMutation/Connect/nil (0.00s)
        --- PASS: TestTaskRPCsRejectNilAndMismatchedTaskIdentityBeforeMutation/Connect/mismatched (0.00s)
    --- PASS: TestTaskRPCsRejectNilAndMismatchedTaskIdentityBeforeMutation/Shutdown (0.00s)
        --- PASS: TestTaskRPCsRejectNilAndMismatchedTaskIdentityBeforeMutation/Shutdown/nil (0.00s)
        --- PASS: TestTaskRPCsRejectNilAndMismatchedTaskIdentityBeforeMutation/Shutdown/mismatched (0.00s)
    --- PASS: TestTaskRPCsRejectNilAndMismatchedTaskIdentityBeforeMutation/ResizePty (0.00s)
        --- PASS: TestTaskRPCsRejectNilAndMismatchedTaskIdentityBeforeMutation/ResizePty/nil (0.00s)
        --- PASS: TestTaskRPCsRejectNilAndMismatchedTaskIdentityBeforeMutation/ResizePty/mismatched (0.00s)
    --- PASS: TestTaskRPCsRejectNilAndMismatchedTaskIdentityBeforeMutation/Pause (0.00s)
        --- PASS: TestTaskRPCsRejectNilAndMismatchedTaskIdentityBeforeMutation/Pause/mismatched (0.00s)
        --- PASS: TestTaskRPCsRejectNilAndMismatchedTaskIdentityBeforeMutation/Pause/nil (0.00s)
    --- PASS: TestTaskRPCsRejectNilAndMismatchedTaskIdentityBeforeMutation/Resume (0.00s)
        --- PASS: TestTaskRPCsRejectNilAndMismatchedTaskIdentityBeforeMutation/Resume/mismatched (0.00s)
        --- PASS: TestTaskRPCsRejectNilAndMismatchedTaskIdentityBeforeMutation/Resume/nil (0.00s)
    --- PASS: TestTaskRPCsRejectNilAndMismatchedTaskIdentityBeforeMutation/CloseIO (0.00s)
        --- PASS: TestTaskRPCsRejectNilAndMismatchedTaskIdentityBeforeMutation/CloseIO/nil (0.00s)
        --- PASS: TestTaskRPCsRejectNilAndMismatchedTaskIdentityBeforeMutation/CloseIO/mismatched (0.00s)
    --- PASS: TestTaskRPCsRejectNilAndMismatchedTaskIdentityBeforeMutation/Stats (0.00s)
        --- PASS: TestTaskRPCsRejectNilAndMismatchedTaskIdentityBeforeMutation/Stats/nil (0.00s)
        --- PASS: TestTaskRPCsRejectNilAndMismatchedTaskIdentityBeforeMutation/Stats/mismatched (0.00s)
=== RUN   TestCancelCreateUsesExactOriginalIdentity
--- PASS: TestCancelCreateUsesExactOriginalIdentity (0.00s)
=== RUN   TestCreateAmbiguityCancellationRemovesPreparedArtifacts
--- PASS: TestCreateAmbiguityCancellationRemovesPreparedArtifacts (0.00s)
=== RUN   TestCreateRejectsOCIValidationBeforeAllocationOrArtifacts
--- PASS: TestCreateRejectsOCIValidationBeforeAllocationOrArtifacts (0.00s)
=== RUN   TestCreatePostValidationFailureRollbackMatrix
=== RUN   TestCreatePostValidationFailureRollbackMatrix/prepare-rootfs
=== RUN   TestCreatePostValidationFailureRollbackMatrix/runtime-handoff
=== RUN   TestCreatePostValidationFailureRollbackMatrix/token
=== RUN   TestCreatePostValidationFailureRollbackMatrix/create-sandbox
=== RUN   TestCreatePostValidationFailureRollbackMatrix/load-sandbox
=== RUN   TestCreatePostValidationFailureRollbackMatrix/provision-network
=== RUN   TestCreatePostValidationFailureRollbackMatrix/namespace-holder
=== RUN   TestCreatePostValidationFailureRollbackMatrix/persist-recovery
=== RUN   TestCreatePostValidationFailureRollbackMatrix/persist-create-event
--- PASS: TestCreatePostValidationFailureRollbackMatrix (0.02s)
    --- PASS: TestCreatePostValidationFailureRollbackMatrix/prepare-rootfs (0.00s)
    --- PASS: TestCreatePostValidationFailureRollbackMatrix/runtime-handoff (0.00s)
    --- PASS: TestCreatePostValidationFailureRollbackMatrix/token (0.00s)
    --- PASS: TestCreatePostValidationFailureRollbackMatrix/create-sandbox (0.00s)
    --- PASS: TestCreatePostValidationFailureRollbackMatrix/load-sandbox (0.00s)
    --- PASS: TestCreatePostValidationFailureRollbackMatrix/provision-network (0.00s)
    --- PASS: TestCreatePostValidationFailureRollbackMatrix/namespace-holder (0.00s)
    --- PASS: TestCreatePostValidationFailureRollbackMatrix/persist-recovery (0.00s)
    --- PASS: TestCreatePostValidationFailureRollbackMatrix/persist-create-event (0.01s)
=== RUN   TestExecRollsBackProcessOnAgentFailure
--- PASS: TestExecRollsBackProcessOnAgentFailure (0.00s)
=== RUN   TestExecCreationIntentReconcilesAmbiguousGuestMutation
=== RUN   TestExecCreationIntentReconcilesAmbiguousGuestMutation/lost_reply_confirms_created_owner
=== RUN   TestExecCreationIntentReconcilesAmbiguousGuestMutation/unavailable_state_and_cleanup_retain_durable_owner
=== RUN   TestExecCreationIntentReconcilesAmbiguousGuestMutation/confirmed_absence_removes_durable_intent
--- PASS: TestExecCreationIntentReconcilesAmbiguousGuestMutation (0.02s)
    --- PASS: TestExecCreationIntentReconcilesAmbiguousGuestMutation/lost_reply_confirms_created_owner (0.01s)
    --- PASS: TestExecCreationIntentReconcilesAmbiguousGuestMutation/unavailable_state_and_cleanup_retain_durable_owner (0.00s)
    --- PASS: TestExecCreationIntentReconcilesAmbiguousGuestMutation/confirmed_absence_removes_durable_intent (0.00s)
=== RUN   TestRecoveredCreatedExecRequiresExactGuestOwnership
=== RUN   TestRecoveredCreatedExecRequiresExactGuestOwnership/exact_created
=== RUN   TestRecoveredCreatedExecRequiresExactGuestOwnership/confirmed_absent
=== RUN   TestRecoveredCreatedExecRequiresExactGuestOwnership/wrong_identity
=== RUN   TestRecoveredCreatedExecRequiresExactGuestOwnership/running
=== RUN   TestRecoveredCreatedExecRequiresExactGuestOwnership/transport_unavailable
--- PASS: TestRecoveredCreatedExecRequiresExactGuestOwnership (0.00s)
    --- PASS: TestRecoveredCreatedExecRequiresExactGuestOwnership/exact_created (0.00s)
    --- PASS: TestRecoveredCreatedExecRequiresExactGuestOwnership/confirmed_absent (0.00s)
    --- PASS: TestRecoveredCreatedExecRequiresExactGuestOwnership/wrong_identity (0.00s)
    --- PASS: TestRecoveredCreatedExecRequiresExactGuestOwnership/running (0.00s)
    --- PASS: TestRecoveredCreatedExecRequiresExactGuestOwnership/transport_unavailable (0.00s)
=== RUN   TestExecRollbackRetainsOwnershipUntilGuestDeletion
=== RUN   TestExecRollbackRetainsOwnershipUntilGuestDeletion/deleted
=== RUN   TestExecRollbackRetainsOwnershipUntilGuestDeletion/already_absent
=== RUN   TestExecRollbackRetainsOwnershipUntilGuestDeletion/delete_failed
--- PASS: TestExecRollbackRetainsOwnershipUntilGuestDeletion (0.01s)
    --- PASS: TestExecRollbackRetainsOwnershipUntilGuestDeletion/deleted (0.00s)
    --- PASS: TestExecRollbackRetainsOwnershipUntilGuestDeletion/already_absent (0.00s)
    --- PASS: TestExecRollbackRetainsOwnershipUntilGuestDeletion/delete_failed (0.00s)
=== RUN   TestStartReturnsKillFailureAndRetainsMonitorAfterPersistenceFailure
--- PASS: TestStartReturnsKillFailureAndRetainsMonitorAfterPersistenceFailure (0.01s)
=== RUN   TestStartRejectsGuestPIDOutsideTaskRangeAndRetainsOwnership
--- PASS: TestStartRejectsGuestPIDOutsideTaskRangeAndRetainsOwnership (0.01s)
=== RUN   TestStartRejectsMismatchedGuestProcessStateAndRetainsOwnership
=== RUN   TestStartRejectsMismatchedGuestProcessStateAndRetainsOwnership/wrong_identity
=== RUN   TestStartRejectsMismatchedGuestProcessStateAndRetainsOwnership/created
--- PASS: TestStartRejectsMismatchedGuestProcessStateAndRetainsOwnership (0.02s)
    --- PASS: TestStartRejectsMismatchedGuestProcessStateAndRetainsOwnership/wrong_identity (0.01s)
    --- PASS: TestStartRejectsMismatchedGuestProcessStateAndRetainsOwnership/created (0.01s)
=== RUN   TestStartReconcilesAmbiguousGuestResultWithoutLosingOwnership
=== RUN   TestStartReconcilesAmbiguousGuestResultWithoutLosingOwnership/confirmed_created_remains_retryable
=== RUN   TestStartReconcilesAmbiguousGuestResultWithoutLosingOwnership/running_proves_start_applied
=== RUN   TestStartReconcilesAmbiguousGuestResultWithoutLosingOwnership/rapid_stop_proves_start_applied
=== RUN   TestStartReconcilesAmbiguousGuestResultWithoutLosingOwnership/lost_state_reply_reconnects
=== RUN   TestStartReconcilesAmbiguousGuestResultWithoutLosingOwnership/unresolved_transport_failure_retains_ownership
--- PASS: TestStartReconcilesAmbiguousGuestResultWithoutLosingOwnership (0.10s)
    --- PASS: TestStartReconcilesAmbiguousGuestResultWithoutLosingOwnership/confirmed_created_remains_retryable (0.00s)
    --- PASS: TestStartReconcilesAmbiguousGuestResultWithoutLosingOwnership/running_proves_start_applied (0.01s)
    --- PASS: TestStartReconcilesAmbiguousGuestResultWithoutLosingOwnership/rapid_stop_proves_start_applied (0.01s)
    --- PASS: TestStartReconcilesAmbiguousGuestResultWithoutLosingOwnership/lost_state_reply_reconnects (0.06s)
    --- PASS: TestStartReconcilesAmbiguousGuestResultWithoutLosingOwnership/unresolved_transport_failure_retains_ownership (0.01s)
=== RUN   TestEnsureGuestProcessCreatedReconcilesBeforeMutation
=== RUN   TestEnsureGuestProcessCreatedReconcilesBeforeMutation/absent_is_created
=== RUN   TestEnsureGuestProcessCreatedReconcilesBeforeMutation/create_rejection_is_returned
=== RUN   TestEnsureGuestProcessCreatedReconcilesBeforeMutation/existing_created_is_reused
=== RUN   TestEnsureGuestProcessCreatedReconcilesBeforeMutation/wrong_identity
=== RUN   TestEnsureGuestProcessCreatedReconcilesBeforeMutation/running_is_not_recreated
=== RUN   TestEnsureGuestProcessCreatedReconcilesBeforeMutation/created_with_pid_is_invalid
=== RUN   TestEnsureGuestProcessCreatedReconcilesBeforeMutation/transport_failure_is_not_absence
--- PASS: TestEnsureGuestProcessCreatedReconcilesBeforeMutation (0.00s)
    --- PASS: TestEnsureGuestProcessCreatedReconcilesBeforeMutation/absent_is_created (0.00s)
    --- PASS: TestEnsureGuestProcessCreatedReconcilesBeforeMutation/create_rejection_is_returned (0.00s)
    --- PASS: TestEnsureGuestProcessCreatedReconcilesBeforeMutation/existing_created_is_reused (0.00s)
    --- PASS: TestEnsureGuestProcessCreatedReconcilesBeforeMutation/wrong_identity (0.00s)
    --- PASS: TestEnsureGuestProcessCreatedReconcilesBeforeMutation/running_is_not_recreated (0.00s)
    --- PASS: TestEnsureGuestProcessCreatedReconcilesBeforeMutation/created_with_pid_is_invalid (0.00s)
    --- PASS: TestEnsureGuestProcessCreatedReconcilesBeforeMutation/transport_failure_is_not_absence (0.00s)
=== RUN   TestEnsureGuestProcessCreatedReconcilesLostReply
--- PASS: TestEnsureGuestProcessCreatedReconcilesLostReply (0.05s)
=== RUN   TestStartedProcessCleanupTreatsAuthenticatedAbsenceAsSuccess
--- PASS: TestStartedProcessCleanupTreatsAuthenticatedAbsenceAsSuccess (0.00s)
=== RUN   TestExecRejectsGuestUnrepresentableIDBeforeAgentContact
--- PASS: TestExecRejectsGuestUnrepresentableIDBeforeAgentContact (0.00s)
=== RUN   TestTaskStateGuardsRejectInvalidTransitionsBeforeAgentContact
--- PASS: TestTaskStateGuardsRejectInvalidTransitionsBeforeAgentContact (0.00s)
=== RUN   TestPreCancelledTaskMutationsPreserveStateAndAvoidGuestContact
=== RUN   TestPreCancelledTaskMutationsPreserveStateAndAvoidGuestContact/create
=== RUN   TestPreCancelledTaskMutationsPreserveStateAndAvoidGuestContact/start
=== RUN   TestPreCancelledTaskMutationsPreserveStateAndAvoidGuestContact/kill
=== RUN   TestPreCancelledTaskMutationsPreserveStateAndAvoidGuestContact/exec
=== RUN   TestPreCancelledTaskMutationsPreserveStateAndAvoidGuestContact/delete
=== RUN   TestPreCancelledTaskMutationsPreserveStateAndAvoidGuestContact/shutdown
=== RUN   TestPreCancelledTaskMutationsPreserveStateAndAvoidGuestContact/resize
=== RUN   TestPreCancelledTaskMutationsPreserveStateAndAvoidGuestContact/pause
=== RUN   TestPreCancelledTaskMutationsPreserveStateAndAvoidGuestContact/resume
=== RUN   TestPreCancelledTaskMutationsPreserveStateAndAvoidGuestContact/close-io
--- PASS: TestPreCancelledTaskMutationsPreserveStateAndAvoidGuestContact (0.00s)
    --- PASS: TestPreCancelledTaskMutationsPreserveStateAndAvoidGuestContact/create (0.00s)
    --- PASS: TestPreCancelledTaskMutationsPreserveStateAndAvoidGuestContact/start (0.00s)
    --- PASS: TestPreCancelledTaskMutationsPreserveStateAndAvoidGuestContact/kill (0.00s)
    --- PASS: TestPreCancelledTaskMutationsPreserveStateAndAvoidGuestContact/exec (0.00s)
    --- PASS: TestPreCancelledTaskMutationsPreserveStateAndAvoidGuestContact/delete (0.00s)
    --- PASS: TestPreCancelledTaskMutationsPreserveStateAndAvoidGuestContact/shutdown (0.00s)
    --- PASS: TestPreCancelledTaskMutationsPreserveStateAndAvoidGuestContact/resize (0.00s)
    --- PASS: TestPreCancelledTaskMutationsPreserveStateAndAvoidGuestContact/pause (0.00s)
    --- PASS: TestPreCancelledTaskMutationsPreserveStateAndAvoidGuestContact/resume (0.00s)
    --- PASS: TestPreCancelledTaskMutationsPreserveStateAndAvoidGuestContact/close-io (0.00s)
=== RUN   TestPreCancelledTaskReadsAndWaitAvoidGuestContact
=== RUN   TestPreCancelledTaskReadsAndWaitAvoidGuestContact/connect
=== RUN   TestPreCancelledTaskReadsAndWaitAvoidGuestContact/stats
=== RUN   TestPreCancelledTaskReadsAndWaitAvoidGuestContact/state
=== RUN   TestPreCancelledTaskReadsAndWaitAvoidGuestContact/wait
=== RUN   TestPreCancelledTaskReadsAndWaitAvoidGuestContact/pids
--- PASS: TestPreCancelledTaskReadsAndWaitAvoidGuestContact (0.00s)
    --- PASS: TestPreCancelledTaskReadsAndWaitAvoidGuestContact/connect (0.00s)
    --- PASS: TestPreCancelledTaskReadsAndWaitAvoidGuestContact/stats (0.00s)
    --- PASS: TestPreCancelledTaskReadsAndWaitAvoidGuestContact/state (0.00s)
    --- PASS: TestPreCancelledTaskReadsAndWaitAvoidGuestContact/wait (0.00s)
    --- PASS: TestPreCancelledTaskReadsAndWaitAvoidGuestContact/pids (0.00s)
=== RUN   TestTaskRPCsRejectNilAndMismatchedTaskIdentityBeforeMutation
=== RUN   TestTaskRPCsRejectNilAndMismatchedTaskIdentityBeforeMutation/Create
=== RUN   TestTaskRPCsRejectNilAndMismatchedTaskIdentityBeforeMutation/Create/nil
=== RUN   TestTaskRPCsRejectNilAndMismatchedTaskIdentityBeforeMutation/Create/mismatched
=== RUN   TestTaskRPCsRejectNilAndMismatchedTaskIdentityBeforeMutation/Start
=== RUN   TestTaskRPCsRejectNilAndMismatchedTaskIdentityBeforeMutation/Start/nil
=== RUN   TestTaskRPCsRejectNilAndMismatchedTaskIdentityBeforeMutation/Start/mismatched
=== RUN   TestTaskRPCsRejectNilAndMismatchedTaskIdentityBeforeMutation/State
=== RUN   TestTaskRPCsRejectNilAndMismatchedTaskIdentityBeforeMutation/State/nil
=== RUN   TestTaskRPCsRejectNilAndMismatchedTaskIdentityBeforeMutation/State/mismatched
=== RUN   TestTaskRPCsRejectNilAndMismatchedTaskIdentityBeforeMutation/Wait
=== RUN   TestTaskRPCsRejectNilAndMismatchedTaskIdentityBeforeMutation/Wait/nil
=== RUN   TestTaskRPCsRejectNilAndMismatchedTaskIdentityBeforeMutation/Wait/mismatched
=== RUN   TestTaskRPCsRejectNilAndMismatchedTaskIdentityBeforeMutation/Kill
=== RUN   TestTaskRPCsRejectNilAndMismatchedTaskIdentityBeforeMutation/Kill/mismatched
=== RUN   TestTaskRPCsRejectNilAndMismatchedTaskIdentityBeforeMutation/Kill/nil
=== RUN   TestTaskRPCsRejectNilAndMismatchedTaskIdentityBeforeMutation/Exec
=== RUN   TestTaskRPCsRejectNilAndMismatchedTaskIdentityBeforeMutation/Exec/nil
=== RUN   TestTaskRPCsRejectNilAndMismatchedTaskIdentityBeforeMutation/Exec/mismatched
=== RUN   TestTaskRPCsRejectNilAndMismatchedTaskIdentityBeforeMutation/Delete
=== RUN   TestTaskRPCsRejectNilAndMismatchedTaskIdentityBeforeMutation/Delete/nil
=== RUN   TestTaskRPCsRejectNilAndMismatchedTaskIdentityBeforeMutation/Delete/mismatched
=== RUN   TestTaskRPCsRejectNilAndMismatchedTaskIdentityBeforeMutation/Pids
=== RUN   TestTaskRPCsRejectNilAndMismatchedTaskIdentityBeforeMutation/Pids/nil
=== RUN   TestTaskRPCsRejectNilAndMismatchedTaskIdentityBeforeMutation/Pids/mismatched
=== RUN   TestTaskRPCsRejectNilAndMismatchedTaskIdentityBeforeMutation/Connect
=== RUN   TestTaskRPCsRejectNilAndMismatchedTaskIdentityBeforeMutation/Connect/nil
=== RUN   TestTaskRPCsRejectNilAndMismatchedTaskIdentityBeforeMutation/Connect/mismatched
=== RUN   TestTaskRPCsRejectNilAndMismatchedTaskIdentityBeforeMutation/Shutdown
=== RUN   TestTaskRPCsRejectNilAndMismatchedTaskIdentityBeforeMutation/Shutdown/nil
=== RUN   TestTaskRPCsRejectNilAndMismatchedTaskIdentityBeforeMutation/Shutdown/mismatched
=== RUN   TestTaskRPCsRejectNilAndMismatchedTaskIdentityBeforeMutation/ResizePty
=== RUN   TestTaskRPCsRejectNilAndMismatchedTaskIdentityBeforeMutation/ResizePty/nil
=== RUN   TestTaskRPCsRejectNilAndMismatchedTaskIdentityBeforeMutation/ResizePty/mismatched
=== RUN   TestTaskRPCsRejectNilAndMismatchedTaskIdentityBeforeMutation/Pause
=== RUN   TestTaskRPCsRejectNilAndMismatchedTaskIdentityBeforeMutation/Pause/nil
=== RUN   TestTaskRPCsRejectNilAndMismatchedTaskIdentityBeforeMutation/Pause/mismatched
=== RUN   TestTaskRPCsRejectNilAndMismatchedTaskIdentityBeforeMutation/Resume
=== RUN   TestTaskRPCsRejectNilAndMismatchedTaskIdentityBeforeMutation/Resume/mismatched
=== RUN   TestTaskRPCsRejectNilAndMismatchedTaskIdentityBeforeMutation/Resume/nil
=== RUN   TestTaskRPCsRejectNilAndMismatchedTaskIdentityBeforeMutation/CloseIO
=== RUN   TestTaskRPCsRejectNilAndMismatchedTaskIdentityBeforeMutation/CloseIO/nil
=== RUN   TestTaskRPCsRejectNilAndMismatchedTaskIdentityBeforeMutation/CloseIO/mismatched
=== RUN   TestTaskRPCsRejectNilAndMismatchedTaskIdentityBeforeMutation/Stats
=== RUN   TestTaskRPCsRejectNilAndMismatchedTaskIdentityBeforeMutation/Stats/nil
=== RUN   TestTaskRPCsRejectNilAndMismatchedTaskIdentityBeforeMutation/Stats/mismatched
--- PASS: TestTaskRPCsRejectNilAndMismatchedTaskIdentityBeforeMutation (0.00s)
    --- PASS: TestTaskRPCsRejectNilAndMismatchedTaskIdentityBeforeMutation/Create (0.00s)
        --- PASS: TestTaskRPCsRejectNilAndMismatchedTaskIdentityBeforeMutation/Create/nil (0.00s)
        --- PASS: TestTaskRPCsRejectNilAndMismatchedTaskIdentityBeforeMutation/Create/mismatched (0.00s)
    --- PASS: TestTaskRPCsRejectNilAndMismatchedTaskIdentityBeforeMutation/Start (0.00s)
        --- PASS: TestTaskRPCsRejectNilAndMismatchedTaskIdentityBeforeMutation/Start/nil (0.00s)
        --- PASS: TestTaskRPCsRejectNilAndMismatchedTaskIdentityBeforeMutation/Start/mismatched (0.00s)
    --- PASS: TestTaskRPCsRejectNilAndMismatchedTaskIdentityBeforeMutation/State (0.00s)
        --- PASS: TestTaskRPCsRejectNilAndMismatchedTaskIdentityBeforeMutation/State/nil (0.00s)
        --- PASS: TestTaskRPCsRejectNilAndMismatchedTaskIdentityBeforeMutation/State/mismatched (0.00s)
    --- PASS: TestTaskRPCsRejectNilAndMismatchedTaskIdentityBeforeMutation/Wait (0.00s)
        --- PASS: TestTaskRPCsRejectNilAndMismatchedTaskIdentityBeforeMutation/Wait/nil (0.00s)
        --- PASS: TestTaskRPCsRejectNilAndMismatchedTaskIdentityBeforeMutation/Wait/mismatched (0.00s)
    --- PASS: TestTaskRPCsRejectNilAndMismatchedTaskIdentityBeforeMutation/Kill (0.00s)
        --- PASS: TestTaskRPCsRejectNilAndMismatchedTaskIdentityBeforeMutation/Kill/mismatched (0.00s)
        --- PASS: TestTaskRPCsRejectNilAndMismatchedTaskIdentityBeforeMutation/Kill/nil (0.00s)
    --- PASS: TestTaskRPCsRejectNilAndMismatchedTaskIdentityBeforeMutation/Exec (0.00s)
        --- PASS: TestTaskRPCsRejectNilAndMismatchedTaskIdentityBeforeMutation/Exec/nil (0.00s)
        --- PASS: TestTaskRPCsRejectNilAndMismatchedTaskIdentityBeforeMutation/Exec/mismatched (0.00s)
    --- PASS: TestTaskRPCsRejectNilAndMismatchedTaskIdentityBeforeMutation/Delete (0.00s)
        --- PASS: TestTaskRPCsRejectNilAndMismatchedTaskIdentityBeforeMutation/Delete/nil (0.00s)
        --- PASS: TestTaskRPCsRejectNilAndMismatchedTaskIdentityBeforeMutation/Delete/mismatched (0.00s)
    --- PASS: TestTaskRPCsRejectNilAndMismatchedTaskIdentityBeforeMutation/Pids (0.00s)
        --- PASS: TestTaskRPCsRejectNilAndMismatchedTaskIdentityBeforeMutation/Pids/nil (0.00s)
        --- PASS: TestTaskRPCsRejectNilAndMismatchedTaskIdentityBeforeMutation/Pids/mismatched (0.00s)
    --- PASS: TestTaskRPCsRejectNilAndMismatchedTaskIdentityBeforeMutation/Connect (0.00s)
        --- PASS: TestTaskRPCsRejectNilAndMismatchedTaskIdentityBeforeMutation/Connect/nil (0.00s)
        --- PASS: TestTaskRPCsRejectNilAndMismatchedTaskIdentityBeforeMutation/Connect/mismatched (0.00s)
    --- PASS: TestTaskRPCsRejectNilAndMismatchedTaskIdentityBeforeMutation/Shutdown (0.00s)
        --- PASS: TestTaskRPCsRejectNilAndMismatchedTaskIdentityBeforeMutation/Shutdown/nil (0.00s)
        --- PASS: TestTaskRPCsRejectNilAndMismatchedTaskIdentityBeforeMutation/Shutdown/mismatched (0.00s)
    --- PASS: TestTaskRPCsRejectNilAndMismatchedTaskIdentityBeforeMutation/ResizePty (0.00s)
        --- PASS: TestTaskRPCsRejectNilAndMismatchedTaskIdentityBeforeMutation/ResizePty/nil (0.00s)
        --- PASS: TestTaskRPCsRejectNilAndMismatchedTaskIdentityBeforeMutation/ResizePty/mismatched (0.00s)
    --- PASS: TestTaskRPCsRejectNilAndMismatchedTaskIdentityBeforeMutation/Pause (0.00s)
        --- PASS: TestTaskRPCsRejectNilAndMismatchedTaskIdentityBeforeMutation/Pause/nil (0.00s)
        --- PASS: TestTaskRPCsRejectNilAndMismatchedTaskIdentityBeforeMutation/Pause/mismatched (0.00s)
    --- PASS: TestTaskRPCsRejectNilAndMismatchedTaskIdentityBeforeMutation/Resume (0.00s)
        --- PASS: TestTaskRPCsRejectNilAndMismatchedTaskIdentityBeforeMutation/Resume/mismatched (0.00s)
        --- PASS: TestTaskRPCsRejectNilAndMismatchedTaskIdentityBeforeMutation/Resume/nil (0.00s)
    --- PASS: TestTaskRPCsRejectNilAndMismatchedTaskIdentityBeforeMutation/CloseIO (0.00s)
        --- PASS: TestTaskRPCsRejectNilAndMismatchedTaskIdentityBeforeMutation/CloseIO/nil (0.00s)
        --- PASS: TestTaskRPCsRejectNilAndMismatchedTaskIdentityBeforeMutation/CloseIO/mismatched (0.00s)
    --- PASS: TestTaskRPCsRejectNilAndMismatchedTaskIdentityBeforeMutation/Stats (0.00s)
        --- PASS: TestTaskRPCsRejectNilAndMismatchedTaskIdentityBeforeMutation/Stats/nil (0.00s)
        --- PASS: TestTaskRPCsRejectNilAndMismatchedTaskIdentityBeforeMutation/Stats/mismatched (0.00s)
=== RUN   TestCancelCreateUsesExactOriginalIdentity
--- PASS: TestCancelCreateUsesExactOriginalIdentity (0.00s)
=== RUN   TestCreateAmbiguityCancellationRemovesPreparedArtifacts
--- PASS: TestCreateAmbiguityCancellationRemovesPreparedArtifacts (0.00s)
=== RUN   TestCreateRejectsOCIValidationBeforeAllocationOrArtifacts
--- PASS: TestCreateRejectsOCIValidationBeforeAllocationOrArtifacts (0.00s)
=== RUN   TestCreatePostValidationFailureRollbackMatrix
=== RUN   TestCreatePostValidationFailureRollbackMatrix/prepare-rootfs
=== RUN   TestCreatePostValidationFailureRollbackMatrix/runtime-handoff
=== RUN   TestCreatePostValidationFailureRollbackMatrix/token
=== RUN   TestCreatePostValidationFailureRollbackMatrix/create-sandbox
=== RUN   TestCreatePostValidationFailureRollbackMatrix/load-sandbox
=== RUN   TestCreatePostValidationFailureRollbackMatrix/provision-network
=== RUN   TestCreatePostValidationFailureRollbackMatrix/namespace-holder
=== RUN   TestCreatePostValidationFailureRollbackMatrix/persist-recovery
=== RUN   TestCreatePostValidationFailureRollbackMatrix/persist-create-event
--- PASS: TestCreatePostValidationFailureRollbackMatrix (0.02s)
    --- PASS: TestCreatePostValidationFailureRollbackMatrix/prepare-rootfs (0.00s)
    --- PASS: TestCreatePostValidationFailureRollbackMatrix/runtime-handoff (0.00s)
    --- PASS: TestCreatePostValidationFailureRollbackMatrix/token (0.00s)
    --- PASS: TestCreatePostValidationFailureRollbackMatrix/create-sandbox (0.00s)
    --- PASS: TestCreatePostValidationFailureRollbackMatrix/load-sandbox (0.00s)
    --- PASS: TestCreatePostValidationFailureRollbackMatrix/provision-network (0.00s)
    --- PASS: TestCreatePostValidationFailureRollbackMatrix/namespace-holder (0.00s)
    --- PASS: TestCreatePostValidationFailureRollbackMatrix/persist-recovery (0.00s)
    --- PASS: TestCreatePostValidationFailureRollbackMatrix/persist-create-event (0.01s)
=== RUN   TestExecRollsBackProcessOnAgentFailure
--- PASS: TestExecRollsBackProcessOnAgentFailure (0.00s)
=== RUN   TestExecCreationIntentReconcilesAmbiguousGuestMutation
=== RUN   TestExecCreationIntentReconcilesAmbiguousGuestMutation/lost_reply_confirms_created_owner
=== RUN   TestExecCreationIntentReconcilesAmbiguousGuestMutation/unavailable_state_and_cleanup_retain_durable_owner
=== RUN   TestExecCreationIntentReconcilesAmbiguousGuestMutation/confirmed_absence_removes_durable_intent
--- PASS: TestExecCreationIntentReconcilesAmbiguousGuestMutation (0.02s)
    --- PASS: TestExecCreationIntentReconcilesAmbiguousGuestMutation/lost_reply_confirms_created_owner (0.01s)
    --- PASS: TestExecCreationIntentReconcilesAmbiguousGuestMutation/unavailable_state_and_cleanup_retain_durable_owner (0.00s)
    --- PASS: TestExecCreationIntentReconcilesAmbiguousGuestMutation/confirmed_absence_removes_durable_intent (0.00s)
=== RUN   TestRecoveredCreatedExecRequiresExactGuestOwnership
=== RUN   TestRecoveredCreatedExecRequiresExactGuestOwnership/exact_created
=== RUN   TestRecoveredCreatedExecRequiresExactGuestOwnership/confirmed_absent
=== RUN   TestRecoveredCreatedExecRequiresExactGuestOwnership/wrong_identity
=== RUN   TestRecoveredCreatedExecRequiresExactGuestOwnership/running
=== RUN   TestRecoveredCreatedExecRequiresExactGuestOwnership/transport_unavailable
--- PASS: TestRecoveredCreatedExecRequiresExactGuestOwnership (0.00s)
    --- PASS: TestRecoveredCreatedExecRequiresExactGuestOwnership/exact_created (0.00s)
    --- PASS: TestRecoveredCreatedExecRequiresExactGuestOwnership/confirmed_absent (0.00s)
    --- PASS: TestRecoveredCreatedExecRequiresExactGuestOwnership/wrong_identity (0.00s)
    --- PASS: TestRecoveredCreatedExecRequiresExactGuestOwnership/running (0.00s)
    --- PASS: TestRecoveredCreatedExecRequiresExactGuestOwnership/transport_unavailable (0.00s)
=== RUN   TestExecRollbackRetainsOwnershipUntilGuestDeletion
=== RUN   TestExecRollbackRetainsOwnershipUntilGuestDeletion/deleted
=== RUN   TestExecRollbackRetainsOwnershipUntilGuestDeletion/already_absent
=== RUN   TestExecRollbackRetainsOwnershipUntilGuestDeletion/delete_failed
--- PASS: TestExecRollbackRetainsOwnershipUntilGuestDeletion (0.01s)
    --- PASS: TestExecRollbackRetainsOwnershipUntilGuestDeletion/deleted (0.00s)
    --- PASS: TestExecRollbackRetainsOwnershipUntilGuestDeletion/already_absent (0.00s)
    --- PASS: TestExecRollbackRetainsOwnershipUntilGuestDeletion/delete_failed (0.00s)
=== RUN   TestStartReturnsKillFailureAndRetainsMonitorAfterPersistenceFailure
--- PASS: TestStartReturnsKillFailureAndRetainsMonitorAfterPersistenceFailure (0.01s)
=== RUN   TestStartRejectsGuestPIDOutsideTaskRangeAndRetainsOwnership
--- PASS: TestStartRejectsGuestPIDOutsideTaskRangeAndRetainsOwnership (0.01s)
=== RUN   TestStartRejectsMismatchedGuestProcessStateAndRetainsOwnership
=== RUN   TestStartRejectsMismatchedGuestProcessStateAndRetainsOwnership/wrong_identity
=== RUN   TestStartRejectsMismatchedGuestProcessStateAndRetainsOwnership/created
--- PASS: TestStartRejectsMismatchedGuestProcessStateAndRetainsOwnership (0.02s)
    --- PASS: TestStartRejectsMismatchedGuestProcessStateAndRetainsOwnership/wrong_identity (0.01s)
    --- PASS: TestStartRejectsMismatchedGuestProcessStateAndRetainsOwnership/created (0.01s)
=== RUN   TestStartReconcilesAmbiguousGuestResultWithoutLosingOwnership
=== RUN   TestStartReconcilesAmbiguousGuestResultWithoutLosingOwnership/confirmed_created_remains_retryable
=== RUN   TestStartReconcilesAmbiguousGuestResultWithoutLosingOwnership/running_proves_start_applied
=== RUN   TestStartReconcilesAmbiguousGuestResultWithoutLosingOwnership/rapid_stop_proves_start_applied
=== RUN   TestStartReconcilesAmbiguousGuestResultWithoutLosingOwnership/lost_state_reply_reconnects
=== RUN   TestStartReconcilesAmbiguousGuestResultWithoutLosingOwnership/unresolved_transport_failure_retains_ownership
--- PASS: TestStartReconcilesAmbiguousGuestResultWithoutLosingOwnership (0.09s)
    --- PASS: TestStartReconcilesAmbiguousGuestResultWithoutLosingOwnership/confirmed_created_remains_retryable (0.00s)
    --- PASS: TestStartReconcilesAmbiguousGuestResultWithoutLosingOwnership/running_proves_start_applied (0.01s)
    --- PASS: TestStartReconcilesAmbiguousGuestResultWithoutLosingOwnership/rapid_stop_proves_start_applied (0.01s)
    --- PASS: TestStartReconcilesAmbiguousGuestResultWithoutLosingOwnership/lost_state_reply_reconnects (0.06s)
    --- PASS: TestStartReconcilesAmbiguousGuestResultWithoutLosingOwnership/unresolved_transport_failure_retains_ownership (0.01s)
=== RUN   TestEnsureGuestProcessCreatedReconcilesBeforeMutation
=== RUN   TestEnsureGuestProcessCreatedReconcilesBeforeMutation/absent_is_created
=== RUN   TestEnsureGuestProcessCreatedReconcilesBeforeMutation/create_rejection_is_returned
=== RUN   TestEnsureGuestProcessCreatedReconcilesBeforeMutation/existing_created_is_reused
=== RUN   TestEnsureGuestProcessCreatedReconcilesBeforeMutation/wrong_identity
=== RUN   TestEnsureGuestProcessCreatedReconcilesBeforeMutation/running_is_not_recreated
=== RUN   TestEnsureGuestProcessCreatedReconcilesBeforeMutation/created_with_pid_is_invalid
=== RUN   TestEnsureGuestProcessCreatedReconcilesBeforeMutation/transport_failure_is_not_absence
--- PASS: TestEnsureGuestProcessCreatedReconcilesBeforeMutation (0.00s)
    --- PASS: TestEnsureGuestProcessCreatedReconcilesBeforeMutation/absent_is_created (0.00s)
    --- PASS: TestEnsureGuestProcessCreatedReconcilesBeforeMutation/create_rejection_is_returned (0.00s)
    --- PASS: TestEnsureGuestProcessCreatedReconcilesBeforeMutation/existing_created_is_reused (0.00s)
    --- PASS: TestEnsureGuestProcessCreatedReconcilesBeforeMutation/wrong_identity (0.00s)
    --- PASS: TestEnsureGuestProcessCreatedReconcilesBeforeMutation/running_is_not_recreated (0.00s)
    --- PASS: TestEnsureGuestProcessCreatedReconcilesBeforeMutation/created_with_pid_is_invalid (0.00s)
    --- PASS: TestEnsureGuestProcessCreatedReconcilesBeforeMutation/transport_failure_is_not_absence (0.00s)
=== RUN   TestEnsureGuestProcessCreatedReconcilesLostReply
--- PASS: TestEnsureGuestProcessCreatedReconcilesLostReply (0.05s)
=== RUN   TestStartedProcessCleanupTreatsAuthenticatedAbsenceAsSuccess
--- PASS: TestStartedProcessCleanupTreatsAuthenticatedAbsenceAsSuccess (0.00s)
=== RUN   TestExecRejectsGuestUnrepresentableIDBeforeAgentContact
--- PASS: TestExecRejectsGuestUnrepresentableIDBeforeAgentContact (0.00s)
=== RUN   TestTaskStateGuardsRejectInvalidTransitionsBeforeAgentContact
--- PASS: TestTaskStateGuardsRejectInvalidTransitionsBeforeAgentContact (0.00s)
=== RUN   TestPreCancelledTaskMutationsPreserveStateAndAvoidGuestContact
=== RUN   TestPreCancelledTaskMutationsPreserveStateAndAvoidGuestContact/create
=== RUN   TestPreCancelledTaskMutationsPreserveStateAndAvoidGuestContact/start
=== RUN   TestPreCancelledTaskMutationsPreserveStateAndAvoidGuestContact/kill
=== RUN   TestPreCancelledTaskMutationsPreserveStateAndAvoidGuestContact/exec
=== RUN   TestPreCancelledTaskMutationsPreserveStateAndAvoidGuestContact/delete
=== RUN   TestPreCancelledTaskMutationsPreserveStateAndAvoidGuestContact/shutdown
=== RUN   TestPreCancelledTaskMutationsPreserveStateAndAvoidGuestContact/resize
=== RUN   TestPreCancelledTaskMutationsPreserveStateAndAvoidGuestContact/pause
=== RUN   TestPreCancelledTaskMutationsPreserveStateAndAvoidGuestContact/resume
=== RUN   TestPreCancelledTaskMutationsPreserveStateAndAvoidGuestContact/close-io
--- PASS: TestPreCancelledTaskMutationsPreserveStateAndAvoidGuestContact (0.00s)
    --- PASS: TestPreCancelledTaskMutationsPreserveStateAndAvoidGuestContact/create (0.00s)
    --- PASS: TestPreCancelledTaskMutationsPreserveStateAndAvoidGuestContact/start (0.00s)
    --- PASS: TestPreCancelledTaskMutationsPreserveStateAndAvoidGuestContact/kill (0.00s)
    --- PASS: TestPreCancelledTaskMutationsPreserveStateAndAvoidGuestContact/exec (0.00s)
    --- PASS: TestPreCancelledTaskMutationsPreserveStateAndAvoidGuestContact/delete (0.00s)
    --- PASS: TestPreCancelledTaskMutationsPreserveStateAndAvoidGuestContact/shutdown (0.00s)
    --- PASS: TestPreCancelledTaskMutationsPreserveStateAndAvoidGuestContact/resize (0.00s)
    --- PASS: TestPreCancelledTaskMutationsPreserveStateAndAvoidGuestContact/pause (0.00s)
    --- PASS: TestPreCancelledTaskMutationsPreserveStateAndAvoidGuestContact/resume (0.00s)
    --- PASS: TestPreCancelledTaskMutationsPreserveStateAndAvoidGuestContact/close-io (0.00s)
=== RUN   TestPreCancelledTaskReadsAndWaitAvoidGuestContact
=== RUN   TestPreCancelledTaskReadsAndWaitAvoidGuestContact/stats
=== RUN   TestPreCancelledTaskReadsAndWaitAvoidGuestContact/state
=== RUN   TestPreCancelledTaskReadsAndWaitAvoidGuestContact/wait
=== RUN   TestPreCancelledTaskReadsAndWaitAvoidGuestContact/pids
=== RUN   TestPreCancelledTaskReadsAndWaitAvoidGuestContact/connect
--- PASS: TestPreCancelledTaskReadsAndWaitAvoidGuestContact (0.00s)
    --- PASS: TestPreCancelledTaskReadsAndWaitAvoidGuestContact/stats (0.00s)
    --- PASS: TestPreCancelledTaskReadsAndWaitAvoidGuestContact/state (0.00s)
    --- PASS: TestPreCancelledTaskReadsAndWaitAvoidGuestContact/wait (0.00s)
    --- PASS: TestPreCancelledTaskReadsAndWaitAvoidGuestContact/pids (0.00s)
    --- PASS: TestPreCancelledTaskReadsAndWaitAvoidGuestContact/connect (0.00s)
=== RUN   TestTaskRPCsRejectNilAndMismatchedTaskIdentityBeforeMutation
=== RUN   TestTaskRPCsRejectNilAndMismatchedTaskIdentityBeforeMutation/Create
=== RUN   TestTaskRPCsRejectNilAndMismatchedTaskIdentityBeforeMutation/Create/nil
=== RUN   TestTaskRPCsRejectNilAndMismatchedTaskIdentityBeforeMutation/Create/mismatched
=== RUN   TestTaskRPCsRejectNilAndMismatchedTaskIdentityBeforeMutation/Start
=== RUN   TestTaskRPCsRejectNilAndMismatchedTaskIdentityBeforeMutation/Start/nil
=== RUN   TestTaskRPCsRejectNilAndMismatchedTaskIdentityBeforeMutation/Start/mismatched
=== RUN   TestTaskRPCsRejectNilAndMismatchedTaskIdentityBeforeMutation/State
=== RUN   TestTaskRPCsRejectNilAndMismatchedTaskIdentityBeforeMutation/State/nil
=== RUN   TestTaskRPCsRejectNilAndMismatchedTaskIdentityBeforeMutation/State/mismatched
=== RUN   TestTaskRPCsRejectNilAndMismatchedTaskIdentityBeforeMutation/Wait
=== RUN   TestTaskRPCsRejectNilAndMismatchedTaskIdentityBeforeMutation/Wait/nil
=== RUN   TestTaskRPCsRejectNilAndMismatchedTaskIdentityBeforeMutation/Wait/mismatched
=== RUN   TestTaskRPCsRejectNilAndMismatchedTaskIdentityBeforeMutation/Kill
=== RUN   TestTaskRPCsRejectNilAndMismatchedTaskIdentityBeforeMutation/Kill/mismatched
=== RUN   TestTaskRPCsRejectNilAndMismatchedTaskIdentityBeforeMutation/Kill/nil
=== RUN   TestTaskRPCsRejectNilAndMismatchedTaskIdentityBeforeMutation/Exec
=== RUN   TestTaskRPCsRejectNilAndMismatchedTaskIdentityBeforeMutation/Exec/nil
=== RUN   TestTaskRPCsRejectNilAndMismatchedTaskIdentityBeforeMutation/Exec/mismatched
=== RUN   TestTaskRPCsRejectNilAndMismatchedTaskIdentityBeforeMutation/Delete
=== RUN   TestTaskRPCsRejectNilAndMismatchedTaskIdentityBeforeMutation/Delete/nil
=== RUN   TestTaskRPCsRejectNilAndMismatchedTaskIdentityBeforeMutation/Delete/mismatched
=== RUN   TestTaskRPCsRejectNilAndMismatchedTaskIdentityBeforeMutation/Pids
=== RUN   TestTaskRPCsRejectNilAndMismatchedTaskIdentityBeforeMutation/Pids/nil
=== RUN   TestTaskRPCsRejectNilAndMismatchedTaskIdentityBeforeMutation/Pids/mismatched
=== RUN   TestTaskRPCsRejectNilAndMismatchedTaskIdentityBeforeMutation/Connect
=== RUN   TestTaskRPCsRejectNilAndMismatchedTaskIdentityBeforeMutation/Connect/nil
=== RUN   TestTaskRPCsRejectNilAndMismatchedTaskIdentityBeforeMutation/Connect/mismatched
=== RUN   TestTaskRPCsRejectNilAndMismatchedTaskIdentityBeforeMutation/Shutdown
=== RUN   TestTaskRPCsRejectNilAndMismatchedTaskIdentityBeforeMutation/Shutdown/nil
=== RUN   TestTaskRPCsRejectNilAndMismatchedTaskIdentityBeforeMutation/Shutdown/mismatched
=== RUN   TestTaskRPCsRejectNilAndMismatchedTaskIdentityBeforeMutation/ResizePty
=== RUN   TestTaskRPCsRejectNilAndMismatchedTaskIdentityBeforeMutation/ResizePty/nil
=== RUN   TestTaskRPCsRejectNilAndMismatchedTaskIdentityBeforeMutation/ResizePty/mismatched
=== RUN   TestTaskRPCsRejectNilAndMismatchedTaskIdentityBeforeMutation/Pause
=== RUN   TestTaskRPCsRejectNilAndMismatchedTaskIdentityBeforeMutation/Pause/nil
=== RUN   TestTaskRPCsRejectNilAndMismatchedTaskIdentityBeforeMutation/Pause/mismatched
=== RUN   TestTaskRPCsRejectNilAndMismatchedTaskIdentityBeforeMutation/Resume
=== RUN   TestTaskRPCsRejectNilAndMismatchedTaskIdentityBeforeMutation/Resume/nil
=== RUN   TestTaskRPCsRejectNilAndMismatchedTaskIdentityBeforeMutation/Resume/mismatched
=== RUN   TestTaskRPCsRejectNilAndMismatchedTaskIdentityBeforeMutation/CloseIO
=== RUN   TestTaskRPCsRejectNilAndMismatchedTaskIdentityBeforeMutation/CloseIO/nil
=== RUN   TestTaskRPCsRejectNilAndMismatchedTaskIdentityBeforeMutation/CloseIO/mismatched
=== RUN   TestTaskRPCsRejectNilAndMismatchedTaskIdentityBeforeMutation/Stats
=== RUN   TestTaskRPCsRejectNilAndMismatchedTaskIdentityBeforeMutation/Stats/nil
=== RUN   TestTaskRPCsRejectNilAndMismatchedTaskIdentityBeforeMutation/Stats/mismatched
--- PASS: TestTaskRPCsRejectNilAndMismatchedTaskIdentityBeforeMutation (0.01s)
    --- PASS: TestTaskRPCsRejectNilAndMismatchedTaskIdentityBeforeMutation/Create (0.00s)
        --- PASS: TestTaskRPCsRejectNilAndMismatchedTaskIdentityBeforeMutation/Create/nil (0.00s)
        --- PASS: TestTaskRPCsRejectNilAndMismatchedTaskIdentityBeforeMutation/Create/mismatched (0.00s)
    --- PASS: TestTaskRPCsRejectNilAndMismatchedTaskIdentityBeforeMutation/Start (0.00s)
        --- PASS: TestTaskRPCsRejectNilAndMismatchedTaskIdentityBeforeMutation/Start/nil (0.00s)
        --- PASS: TestTaskRPCsRejectNilAndMismatchedTaskIdentityBeforeMutation/Start/mismatched (0.00s)
    --- PASS: TestTaskRPCsRejectNilAndMismatchedTaskIdentityBeforeMutation/State (0.00s)
        --- PASS: TestTaskRPCsRejectNilAndMismatchedTaskIdentityBeforeMutation/State/nil (0.00s)
        --- PASS: TestTaskRPCsRejectNilAndMismatchedTaskIdentityBeforeMutation/State/mismatched (0.00s)
    --- PASS: TestTaskRPCsRejectNilAndMismatchedTaskIdentityBeforeMutation/Wait (0.00s)
        --- PASS: TestTaskRPCsRejectNilAndMismatchedTaskIdentityBeforeMutation/Wait/nil (0.00s)
        --- PASS: TestTaskRPCsRejectNilAndMismatchedTaskIdentityBeforeMutation/Wait/mismatched (0.00s)
    --- PASS: TestTaskRPCsRejectNilAndMismatchedTaskIdentityBeforeMutation/Kill (0.00s)
        --- PASS: TestTaskRPCsRejectNilAndMismatchedTaskIdentityBeforeMutation/Kill/mismatched (0.00s)
        --- PASS: TestTaskRPCsRejectNilAndMismatchedTaskIdentityBeforeMutation/Kill/nil (0.00s)
    --- PASS: TestTaskRPCsRejectNilAndMismatchedTaskIdentityBeforeMutation/Exec (0.00s)
        --- PASS: TestTaskRPCsRejectNilAndMismatchedTaskIdentityBeforeMutation/Exec/nil (0.00s)
        --- PASS: TestTaskRPCsRejectNilAndMismatchedTaskIdentityBeforeMutation/Exec/mismatched (0.00s)
    --- PASS: TestTaskRPCsRejectNilAndMismatchedTaskIdentityBeforeMutation/Delete (0.00s)
        --- PASS: TestTaskRPCsRejectNilAndMismatchedTaskIdentityBeforeMutation/Delete/nil (0.00s)
        --- PASS: TestTaskRPCsRejectNilAndMismatchedTaskIdentityBeforeMutation/Delete/mismatched (0.00s)
    --- PASS: TestTaskRPCsRejectNilAndMismatchedTaskIdentityBeforeMutation/Pids (0.00s)
        --- PASS: TestTaskRPCsRejectNilAndMismatchedTaskIdentityBeforeMutation/Pids/nil (0.00s)
        --- PASS: TestTaskRPCsRejectNilAndMismatchedTaskIdentityBeforeMutation/Pids/mismatched (0.00s)
    --- PASS: TestTaskRPCsRejectNilAndMismatchedTaskIdentityBeforeMutation/Connect (0.00s)
        --- PASS: TestTaskRPCsRejectNilAndMismatchedTaskIdentityBeforeMutation/Connect/nil (0.00s)
        --- PASS: TestTaskRPCsRejectNilAndMismatchedTaskIdentityBeforeMutation/Connect/mismatched (0.00s)
    --- PASS: TestTaskRPCsRejectNilAndMismatchedTaskIdentityBeforeMutation/Shutdown (0.00s)
        --- PASS: TestTaskRPCsRejectNilAndMismatchedTaskIdentityBeforeMutation/Shutdown/nil (0.00s)
        --- PASS: TestTaskRPCsRejectNilAndMismatchedTaskIdentityBeforeMutation/Shutdown/mismatched (0.00s)
    --- PASS: TestTaskRPCsRejectNilAndMismatchedTaskIdentityBeforeMutation/ResizePty (0.00s)
        --- PASS: TestTaskRPCsRejectNilAndMismatchedTaskIdentityBeforeMutation/ResizePty/nil (0.00s)
        --- PASS: TestTaskRPCsRejectNilAndMismatchedTaskIdentityBeforeMutation/ResizePty/mismatched (0.00s)
    --- PASS: TestTaskRPCsRejectNilAndMismatchedTaskIdentityBeforeMutation/Pause (0.00s)
        --- PASS: TestTaskRPCsRejectNilAndMismatchedTaskIdentityBeforeMutation/Pause/nil (0.00s)
        --- PASS: TestTaskRPCsRejectNilAndMismatchedTaskIdentityBeforeMutation/Pause/mismatched (0.00s)
    --- PASS: TestTaskRPCsRejectNilAndMismatchedTaskIdentityBeforeMutation/Resume (0.00s)
        --- PASS: TestTaskRPCsRejectNilAndMismatchedTaskIdentityBeforeMutation/Resume/nil (0.00s)
        --- PASS: TestTaskRPCsRejectNilAndMismatchedTaskIdentityBeforeMutation/Resume/mismatched (0.00s)
    --- PASS: TestTaskRPCsRejectNilAndMismatchedTaskIdentityBeforeMutation/CloseIO (0.00s)
        --- PASS: TestTaskRPCsRejectNilAndMismatchedTaskIdentityBeforeMutation/CloseIO/nil (0.00s)
        --- PASS: TestTaskRPCsRejectNilAndMismatchedTaskIdentityBeforeMutation/CloseIO/mismatched (0.00s)
    --- PASS: TestTaskRPCsRejectNilAndMismatchedTaskIdentityBeforeMutation/Stats (0.00s)
        --- PASS: TestTaskRPCsRejectNilAndMismatchedTaskIdentityBeforeMutation/Stats/nil (0.00s)
        --- PASS: TestTaskRPCsRejectNilAndMismatchedTaskIdentityBeforeMutation/Stats/mismatched (0.00s)
=== RUN   TestCancelCreateUsesExactOriginalIdentity
--- PASS: TestCancelCreateUsesExactOriginalIdentity (0.00s)
=== RUN   TestCreateAmbiguityCancellationRemovesPreparedArtifacts
--- PASS: TestCreateAmbiguityCancellationRemovesPreparedArtifacts (0.00s)
=== RUN   TestCreateRejectsOCIValidationBeforeAllocationOrArtifacts
--- PASS: TestCreateRejectsOCIValidationBeforeAllocationOrArtifacts (0.00s)
=== RUN   TestCreatePostValidationFailureRollbackMatrix
=== RUN   TestCreatePostValidationFailureRollbackMatrix/prepare-rootfs
=== RUN   TestCreatePostValidationFailureRollbackMatrix/runtime-handoff
=== RUN   TestCreatePostValidationFailureRollbackMatrix/token
=== RUN   TestCreatePostValidationFailureRollbackMatrix/create-sandbox
=== RUN   TestCreatePostValidationFailureRollbackMatrix/load-sandbox
=== RUN   TestCreatePostValidationFailureRollbackMatrix/provision-network
=== RUN   TestCreatePostValidationFailureRollbackMatrix/namespace-holder
=== RUN   TestCreatePostValidationFailureRollbackMatrix/persist-recovery
=== RUN   TestCreatePostValidationFailureRollbackMatrix/persist-create-event
--- PASS: TestCreatePostValidationFailureRollbackMatrix (0.02s)
    --- PASS: TestCreatePostValidationFailureRollbackMatrix/prepare-rootfs (0.00s)
    --- PASS: TestCreatePostValidationFailureRollbackMatrix/runtime-handoff (0.00s)
    --- PASS: TestCreatePostValidationFailureRollbackMatrix/token (0.00s)
    --- PASS: TestCreatePostValidationFailureRollbackMatrix/create-sandbox (0.00s)
    --- PASS: TestCreatePostValidationFailureRollbackMatrix/load-sandbox (0.00s)
    --- PASS: TestCreatePostValidationFailureRollbackMatrix/provision-network (0.00s)
    --- PASS: TestCreatePostValidationFailureRollbackMatrix/namespace-holder (0.00s)
    --- PASS: TestCreatePostValidationFailureRollbackMatrix/persist-recovery (0.00s)
    --- PASS: TestCreatePostValidationFailureRollbackMatrix/persist-create-event (0.00s)
=== RUN   TestExecRollsBackProcessOnAgentFailure
--- PASS: TestExecRollsBackProcessOnAgentFailure (0.00s)
=== RUN   TestExecCreationIntentReconcilesAmbiguousGuestMutation
=== RUN   TestExecCreationIntentReconcilesAmbiguousGuestMutation/lost_reply_confirms_created_owner
=== RUN   TestExecCreationIntentReconcilesAmbiguousGuestMutation/unavailable_state_and_cleanup_retain_durable_owner
=== RUN   TestExecCreationIntentReconcilesAmbiguousGuestMutation/confirmed_absence_removes_durable_intent
--- PASS: TestExecCreationIntentReconcilesAmbiguousGuestMutation (0.02s)
    --- PASS: TestExecCreationIntentReconcilesAmbiguousGuestMutation/lost_reply_confirms_created_owner (0.01s)
    --- PASS: TestExecCreationIntentReconcilesAmbiguousGuestMutation/unavailable_state_and_cleanup_retain_durable_owner (0.00s)
    --- PASS: TestExecCreationIntentReconcilesAmbiguousGuestMutation/confirmed_absence_removes_durable_intent (0.00s)
=== RUN   TestRecoveredCreatedExecRequiresExactGuestOwnership
=== RUN   TestRecoveredCreatedExecRequiresExactGuestOwnership/exact_created
=== RUN   TestRecoveredCreatedExecRequiresExactGuestOwnership/confirmed_absent
=== RUN   TestRecoveredCreatedExecRequiresExactGuestOwnership/wrong_identity
=== RUN   TestRecoveredCreatedExecRequiresExactGuestOwnership/running
=== RUN   TestRecoveredCreatedExecRequiresExactGuestOwnership/transport_unavailable
--- PASS: TestRecoveredCreatedExecRequiresExactGuestOwnership (0.00s)
    --- PASS: TestRecoveredCreatedExecRequiresExactGuestOwnership/exact_created (0.00s)
    --- PASS: TestRecoveredCreatedExecRequiresExactGuestOwnership/confirmed_absent (0.00s)
    --- PASS: TestRecoveredCreatedExecRequiresExactGuestOwnership/wrong_identity (0.00s)
    --- PASS: TestRecoveredCreatedExecRequiresExactGuestOwnership/running (0.00s)
    --- PASS: TestRecoveredCreatedExecRequiresExactGuestOwnership/transport_unavailable (0.00s)
=== RUN   TestExecRollbackRetainsOwnershipUntilGuestDeletion
=== RUN   TestExecRollbackRetainsOwnershipUntilGuestDeletion/deleted
=== RUN   TestExecRollbackRetainsOwnershipUntilGuestDeletion/already_absent
=== RUN   TestExecRollbackRetainsOwnershipUntilGuestDeletion/delete_failed
--- PASS: TestExecRollbackRetainsOwnershipUntilGuestDeletion (0.01s)
    --- PASS: TestExecRollbackRetainsOwnershipUntilGuestDeletion/deleted (0.00s)
    --- PASS: TestExecRollbackRetainsOwnershipUntilGuestDeletion/already_absent (0.00s)
    --- PASS: TestExecRollbackRetainsOwnershipUntilGuestDeletion/delete_failed (0.00s)
=== RUN   TestStartReturnsKillFailureAndRetainsMonitorAfterPersistenceFailure
--- PASS: TestStartReturnsKillFailureAndRetainsMonitorAfterPersistenceFailure (0.01s)
=== RUN   TestStartRejectsGuestPIDOutsideTaskRangeAndRetainsOwnership
--- PASS: TestStartRejectsGuestPIDOutsideTaskRangeAndRetainsOwnership (0.01s)
=== RUN   TestStartRejectsMismatchedGuestProcessStateAndRetainsOwnership
=== RUN   TestStartRejectsMismatchedGuestProcessStateAndRetainsOwnership/wrong_identity
=== RUN   TestStartRejectsMismatchedGuestProcessStateAndRetainsOwnership/created
--- PASS: TestStartRejectsMismatchedGuestProcessStateAndRetainsOwnership (0.02s)
    --- PASS: TestStartRejectsMismatchedGuestProcessStateAndRetainsOwnership/wrong_identity (0.01s)
    --- PASS: TestStartRejectsMismatchedGuestProcessStateAndRetainsOwnership/created (0.01s)
=== RUN   TestStartReconcilesAmbiguousGuestResultWithoutLosingOwnership
=== RUN   TestStartReconcilesAmbiguousGuestResultWithoutLosingOwnership/confirmed_created_remains_retryable
=== RUN   TestStartReconcilesAmbiguousGuestResultWithoutLosingOwnership/running_proves_start_applied
=== RUN   TestStartReconcilesAmbiguousGuestResultWithoutLosingOwnership/rapid_stop_proves_start_applied
=== RUN   TestStartReconcilesAmbiguousGuestResultWithoutLosingOwnership/lost_state_reply_reconnects
=== RUN   TestStartReconcilesAmbiguousGuestResultWithoutLosingOwnership/unresolved_transport_failure_retains_ownership
--- PASS: TestStartReconcilesAmbiguousGuestResultWithoutLosingOwnership (0.09s)
    --- PASS: TestStartReconcilesAmbiguousGuestResultWithoutLosingOwnership/confirmed_created_remains_retryable (0.00s)
    --- PASS: TestStartReconcilesAmbiguousGuestResultWithoutLosingOwnership/running_proves_start_applied (0.01s)
    --- PASS: TestStartReconcilesAmbiguousGuestResultWithoutLosingOwnership/rapid_stop_proves_start_applied (0.01s)
    --- PASS: TestStartReconcilesAmbiguousGuestResultWithoutLosingOwnership/lost_state_reply_reconnects (0.06s)
    --- PASS: TestStartReconcilesAmbiguousGuestResultWithoutLosingOwnership/unresolved_transport_failure_retains_ownership (0.01s)
=== RUN   TestEnsureGuestProcessCreatedReconcilesBeforeMutation
=== RUN   TestEnsureGuestProcessCreatedReconcilesBeforeMutation/absent_is_created
=== RUN   TestEnsureGuestProcessCreatedReconcilesBeforeMutation/create_rejection_is_returned
=== RUN   TestEnsureGuestProcessCreatedReconcilesBeforeMutation/existing_created_is_reused
=== RUN   TestEnsureGuestProcessCreatedReconcilesBeforeMutation/wrong_identity
=== RUN   TestEnsureGuestProcessCreatedReconcilesBeforeMutation/running_is_not_recreated
=== RUN   TestEnsureGuestProcessCreatedReconcilesBeforeMutation/created_with_pid_is_invalid
=== RUN   TestEnsureGuestProcessCreatedReconcilesBeforeMutation/transport_failure_is_not_absence
--- PASS: TestEnsureGuestProcessCreatedReconcilesBeforeMutation (0.00s)
    --- PASS: TestEnsureGuestProcessCreatedReconcilesBeforeMutation/absent_is_created (0.00s)
    --- PASS: TestEnsureGuestProcessCreatedReconcilesBeforeMutation/create_rejection_is_returned (0.00s)
    --- PASS: TestEnsureGuestProcessCreatedReconcilesBeforeMutation/existing_created_is_reused (0.00s)
    --- PASS: TestEnsureGuestProcessCreatedReconcilesBeforeMutation/wrong_identity (0.00s)
    --- PASS: TestEnsureGuestProcessCreatedReconcilesBeforeMutation/running_is_not_recreated (0.00s)
    --- PASS: TestEnsureGuestProcessCreatedReconcilesBeforeMutation/created_with_pid_is_invalid (0.00s)
    --- PASS: TestEnsureGuestProcessCreatedReconcilesBeforeMutation/transport_failure_is_not_absence (0.00s)
=== RUN   TestEnsureGuestProcessCreatedReconcilesLostReply
--- PASS: TestEnsureGuestProcessCreatedReconcilesLostReply (0.05s)
=== RUN   TestStartedProcessCleanupTreatsAuthenticatedAbsenceAsSuccess
--- PASS: TestStartedProcessCleanupTreatsAuthenticatedAbsenceAsSuccess (0.00s)
=== RUN   TestExecRejectsGuestUnrepresentableIDBeforeAgentContact
--- PASS: TestExecRejectsGuestUnrepresentableIDBeforeAgentContact (0.00s)
=== RUN   TestTaskStateGuardsRejectInvalidTransitionsBeforeAgentContact
--- PASS: TestTaskStateGuardsRejectInvalidTransitionsBeforeAgentContact (0.00s)
=== RUN   TestPreCancelledTaskMutationsPreserveStateAndAvoidGuestContact
=== RUN   TestPreCancelledTaskMutationsPreserveStateAndAvoidGuestContact/create
=== RUN   TestPreCancelledTaskMutationsPreserveStateAndAvoidGuestContact/start
=== RUN   TestPreCancelledTaskMutationsPreserveStateAndAvoidGuestContact/kill
=== RUN   TestPreCancelledTaskMutationsPreserveStateAndAvoidGuestContact/exec
=== RUN   TestPreCancelledTaskMutationsPreserveStateAndAvoidGuestContact/delete
=== RUN   TestPreCancelledTaskMutationsPreserveStateAndAvoidGuestContact/shutdown
=== RUN   TestPreCancelledTaskMutationsPreserveStateAndAvoidGuestContact/resize
=== RUN   TestPreCancelledTaskMutationsPreserveStateAndAvoidGuestContact/pause
=== RUN   TestPreCancelledTaskMutationsPreserveStateAndAvoidGuestContact/resume
=== RUN   TestPreCancelledTaskMutationsPreserveStateAndAvoidGuestContact/close-io
--- PASS: TestPreCancelledTaskMutationsPreserveStateAndAvoidGuestContact (0.00s)
    --- PASS: TestPreCancelledTaskMutationsPreserveStateAndAvoidGuestContact/create (0.00s)
    --- PASS: TestPreCancelledTaskMutationsPreserveStateAndAvoidGuestContact/start (0.00s)
    --- PASS: TestPreCancelledTaskMutationsPreserveStateAndAvoidGuestContact/kill (0.00s)
    --- PASS: TestPreCancelledTaskMutationsPreserveStateAndAvoidGuestContact/exec (0.00s)
    --- PASS: TestPreCancelledTaskMutationsPreserveStateAndAvoidGuestContact/delete (0.00s)
    --- PASS: TestPreCancelledTaskMutationsPreserveStateAndAvoidGuestContact/shutdown (0.00s)
    --- PASS: TestPreCancelledTaskMutationsPreserveStateAndAvoidGuestContact/resize (0.00s)
    --- PASS: TestPreCancelledTaskMutationsPreserveStateAndAvoidGuestContact/pause (0.00s)
    --- PASS: TestPreCancelledTaskMutationsPreserveStateAndAvoidGuestContact/resume (0.00s)
    --- PASS: TestPreCancelledTaskMutationsPreserveStateAndAvoidGuestContact/close-io (0.00s)
=== RUN   TestPreCancelledTaskReadsAndWaitAvoidGuestContact
=== RUN   TestPreCancelledTaskReadsAndWaitAvoidGuestContact/pids
=== RUN   TestPreCancelledTaskReadsAndWaitAvoidGuestContact/connect
=== RUN   TestPreCancelledTaskReadsAndWaitAvoidGuestContact/stats
=== RUN   TestPreCancelledTaskReadsAndWaitAvoidGuestContact/state
=== RUN   TestPreCancelledTaskReadsAndWaitAvoidGuestContact/wait
--- PASS: TestPreCancelledTaskReadsAndWaitAvoidGuestContact (0.00s)
    --- PASS: TestPreCancelledTaskReadsAndWaitAvoidGuestContact/pids (0.00s)
    --- PASS: TestPreCancelledTaskReadsAndWaitAvoidGuestContact/connect (0.00s)
    --- PASS: TestPreCancelledTaskReadsAndWaitAvoidGuestContact/stats (0.00s)
    --- PASS: TestPreCancelledTaskReadsAndWaitAvoidGuestContact/state (0.00s)
    --- PASS: TestPreCancelledTaskReadsAndWaitAvoidGuestContact/wait (0.00s)
=== RUN   TestTaskRPCsRejectNilAndMismatchedTaskIdentityBeforeMutation
=== RUN   TestTaskRPCsRejectNilAndMismatchedTaskIdentityBeforeMutation/Create
=== RUN   TestTaskRPCsRejectNilAndMismatchedTaskIdentityBeforeMutation/Create/nil
=== RUN   TestTaskRPCsRejectNilAndMismatchedTaskIdentityBeforeMutation/Create/mismatched
=== RUN   TestTaskRPCsRejectNilAndMismatchedTaskIdentityBeforeMutation/Start
=== RUN   TestTaskRPCsRejectNilAndMismatchedTaskIdentityBeforeMutation/Start/nil
=== RUN   TestTaskRPCsRejectNilAndMismatchedTaskIdentityBeforeMutation/Start/mismatched
=== RUN   TestTaskRPCsRejectNilAndMismatchedTaskIdentityBeforeMutation/State
=== RUN   TestTaskRPCsRejectNilAndMismatchedTaskIdentityBeforeMutation/State/nil
=== RUN   TestTaskRPCsRejectNilAndMismatchedTaskIdentityBeforeMutation/State/mismatched
=== RUN   TestTaskRPCsRejectNilAndMismatchedTaskIdentityBeforeMutation/Wait
=== RUN   TestTaskRPCsRejectNilAndMismatchedTaskIdentityBeforeMutation/Wait/nil
=== RUN   TestTaskRPCsRejectNilAndMismatchedTaskIdentityBeforeMutation/Wait/mismatched
=== RUN   TestTaskRPCsRejectNilAndMismatchedTaskIdentityBeforeMutation/Kill
=== RUN   TestTaskRPCsRejectNilAndMismatchedTaskIdentityBeforeMutation/Kill/nil
=== RUN   TestTaskRPCsRejectNilAndMismatchedTaskIdentityBeforeMutation/Kill/mismatched
=== RUN   TestTaskRPCsRejectNilAndMismatchedTaskIdentityBeforeMutation/Exec
=== RUN   TestTaskRPCsRejectNilAndMismatchedTaskIdentityBeforeMutation/Exec/nil
=== RUN   TestTaskRPCsRejectNilAndMismatchedTaskIdentityBeforeMutation/Exec/mismatched
=== RUN   TestTaskRPCsRejectNilAndMismatchedTaskIdentityBeforeMutation/Delete
=== RUN   TestTaskRPCsRejectNilAndMismatchedTaskIdentityBeforeMutation/Delete/nil
=== RUN   TestTaskRPCsRejectNilAndMismatchedTaskIdentityBeforeMutation/Delete/mismatched
=== RUN   TestTaskRPCsRejectNilAndMismatchedTaskIdentityBeforeMutation/Pids
=== RUN   TestTaskRPCsRejectNilAndMismatchedTaskIdentityBeforeMutation/Pids/nil
=== RUN   TestTaskRPCsRejectNilAndMismatchedTaskIdentityBeforeMutation/Pids/mismatched
=== RUN   TestTaskRPCsRejectNilAndMismatchedTaskIdentityBeforeMutation/Connect
=== RUN   TestTaskRPCsRejectNilAndMismatchedTaskIdentityBeforeMutation/Connect/nil
=== RUN   TestTaskRPCsRejectNilAndMismatchedTaskIdentityBeforeMutation/Connect/mismatched
=== RUN   TestTaskRPCsRejectNilAndMismatchedTaskIdentityBeforeMutation/Shutdown
=== RUN   TestTaskRPCsRejectNilAndMismatchedTaskIdentityBeforeMutation/Shutdown/mismatched
=== RUN   TestTaskRPCsRejectNilAndMismatchedTaskIdentityBeforeMutation/Shutdown/nil
=== RUN   TestTaskRPCsRejectNilAndMismatchedTaskIdentityBeforeMutation/ResizePty
=== RUN   TestTaskRPCsRejectNilAndMismatchedTaskIdentityBeforeMutation/ResizePty/nil
=== RUN   TestTaskRPCsRejectNilAndMismatchedTaskIdentityBeforeMutation/ResizePty/mismatched
=== RUN   TestTaskRPCsRejectNilAndMismatchedTaskIdentityBeforeMutation/Pause
=== RUN   TestTaskRPCsRejectNilAndMismatchedTaskIdentityBeforeMutation/Pause/nil
=== RUN   TestTaskRPCsRejectNilAndMismatchedTaskIdentityBeforeMutation/Pause/mismatched
=== RUN   TestTaskRPCsRejectNilAndMismatchedTaskIdentityBeforeMutation/Resume
=== RUN   TestTaskRPCsRejectNilAndMismatchedTaskIdentityBeforeMutation/Resume/nil
=== RUN   TestTaskRPCsRejectNilAndMismatchedTaskIdentityBeforeMutation/Resume/mismatched
=== RUN   TestTaskRPCsRejectNilAndMismatchedTaskIdentityBeforeMutation/CloseIO
=== RUN   TestTaskRPCsRejectNilAndMismatchedTaskIdentityBeforeMutation/CloseIO/nil
=== RUN   TestTaskRPCsRejectNilAndMismatchedTaskIdentityBeforeMutation/CloseIO/mismatched
=== RUN   TestTaskRPCsRejectNilAndMismatchedTaskIdentityBeforeMutation/Stats
=== RUN   TestTaskRPCsRejectNilAndMismatchedTaskIdentityBeforeMutation/Stats/nil
=== RUN   TestTaskRPCsRejectNilAndMismatchedTaskIdentityBeforeMutation/Stats/mismatched
--- PASS: TestTaskRPCsRejectNilAndMismatchedTaskIdentityBeforeMutation (0.01s)
    --- PASS: TestTaskRPCsRejectNilAndMismatchedTaskIdentityBeforeMutation/Create (0.00s)
        --- PASS: TestTaskRPCsRejectNilAndMismatchedTaskIdentityBeforeMutation/Create/nil (0.00s)
        --- PASS: TestTaskRPCsRejectNilAndMismatchedTaskIdentityBeforeMutation/Create/mismatched (0.00s)
    --- PASS: TestTaskRPCsRejectNilAndMismatchedTaskIdentityBeforeMutation/Start (0.00s)
        --- PASS: TestTaskRPCsRejectNilAndMismatchedTaskIdentityBeforeMutation/Start/nil (0.00s)
        --- PASS: TestTaskRPCsRejectNilAndMismatchedTaskIdentityBeforeMutation/Start/mismatched (0.00s)
    --- PASS: TestTaskRPCsRejectNilAndMismatchedTaskIdentityBeforeMutation/State (0.00s)
        --- PASS: TestTaskRPCsRejectNilAndMismatchedTaskIdentityBeforeMutation/State/nil (0.00s)
        --- PASS: TestTaskRPCsRejectNilAndMismatchedTaskIdentityBeforeMutation/State/mismatched (0.00s)
    --- PASS: TestTaskRPCsRejectNilAndMismatchedTaskIdentityBeforeMutation/Wait (0.00s)
        --- PASS: TestTaskRPCsRejectNilAndMismatchedTaskIdentityBeforeMutation/Wait/nil (0.00s)
        --- PASS: TestTaskRPCsRejectNilAndMismatchedTaskIdentityBeforeMutation/Wait/mismatched (0.00s)
    --- PASS: TestTaskRPCsRejectNilAndMismatchedTaskIdentityBeforeMutation/Kill (0.00s)
        --- PASS: TestTaskRPCsRejectNilAndMismatchedTaskIdentityBeforeMutation/Kill/nil (0.00s)
        --- PASS: TestTaskRPCsRejectNilAndMismatchedTaskIdentityBeforeMutation/Kill/mismatched (0.00s)
    --- PASS: TestTaskRPCsRejectNilAndMismatchedTaskIdentityBeforeMutation/Exec (0.00s)
        --- PASS: TestTaskRPCsRejectNilAndMismatchedTaskIdentityBeforeMutation/Exec/nil (0.00s)
        --- PASS: TestTaskRPCsRejectNilAndMismatchedTaskIdentityBeforeMutation/Exec/mismatched (0.00s)
    --- PASS: TestTaskRPCsRejectNilAndMismatchedTaskIdentityBeforeMutation/Delete (0.00s)
        --- PASS: TestTaskRPCsRejectNilAndMismatchedTaskIdentityBeforeMutation/Delete/nil (0.00s)
        --- PASS: TestTaskRPCsRejectNilAndMismatchedTaskIdentityBeforeMutation/Delete/mismatched (0.00s)
    --- PASS: TestTaskRPCsRejectNilAndMismatchedTaskIdentityBeforeMutation/Pids (0.00s)
        --- PASS: TestTaskRPCsRejectNilAndMismatchedTaskIdentityBeforeMutation/Pids/nil (0.00s)
        --- PASS: TestTaskRPCsRejectNilAndMismatchedTaskIdentityBeforeMutation/Pids/mismatched (0.00s)
    --- PASS: TestTaskRPCsRejectNilAndMismatchedTaskIdentityBeforeMutation/Connect (0.00s)
        --- PASS: TestTaskRPCsRejectNilAndMismatchedTaskIdentityBeforeMutation/Connect/nil (0.00s)
        --- PASS: TestTaskRPCsRejectNilAndMismatchedTaskIdentityBeforeMutation/Connect/mismatched (0.00s)
    --- PASS: TestTaskRPCsRejectNilAndMismatchedTaskIdentityBeforeMutation/Shutdown (0.00s)
        --- PASS: TestTaskRPCsRejectNilAndMismatchedTaskIdentityBeforeMutation/Shutdown/mismatched (0.00s)
        --- PASS: TestTaskRPCsRejectNilAndMismatchedTaskIdentityBeforeMutation/Shutdown/nil (0.00s)
    --- PASS: TestTaskRPCsRejectNilAndMismatchedTaskIdentityBeforeMutation/ResizePty (0.00s)
        --- PASS: TestTaskRPCsRejectNilAndMismatchedTaskIdentityBeforeMutation/ResizePty/nil (0.00s)
        --- PASS: TestTaskRPCsRejectNilAndMismatchedTaskIdentityBeforeMutation/ResizePty/mismatched (0.00s)
    --- PASS: TestTaskRPCsRejectNilAndMismatchedTaskIdentityBeforeMutation/Pause (0.00s)
        --- PASS: TestTaskRPCsRejectNilAndMismatchedTaskIdentityBeforeMutation/Pause/nil (0.00s)
        --- PASS: TestTaskRPCsRejectNilAndMismatchedTaskIdentityBeforeMutation/Pause/mismatched (0.00s)
    --- PASS: TestTaskRPCsRejectNilAndMismatchedTaskIdentityBeforeMutation/Resume (0.00s)
        --- PASS: TestTaskRPCsRejectNilAndMismatchedTaskIdentityBeforeMutation/Resume/nil (0.00s)
        --- PASS: TestTaskRPCsRejectNilAndMismatchedTaskIdentityBeforeMutation/Resume/mismatched (0.00s)
    --- PASS: TestTaskRPCsRejectNilAndMismatchedTaskIdentityBeforeMutation/CloseIO (0.00s)
        --- PASS: TestTaskRPCsRejectNilAndMismatchedTaskIdentityBeforeMutation/CloseIO/nil (0.00s)
        --- PASS: TestTaskRPCsRejectNilAndMismatchedTaskIdentityBeforeMutation/CloseIO/mismatched (0.00s)
    --- PASS: TestTaskRPCsRejectNilAndMismatchedTaskIdentityBeforeMutation/Stats (0.00s)
        --- PASS: TestTaskRPCsRejectNilAndMismatchedTaskIdentityBeforeMutation/Stats/nil (0.00s)
        --- PASS: TestTaskRPCsRejectNilAndMismatchedTaskIdentityBeforeMutation/Stats/mismatched (0.00s)
=== RUN   TestCancelCreateUsesExactOriginalIdentity
--- PASS: TestCancelCreateUsesExactOriginalIdentity (0.00s)
=== RUN   TestCreateAmbiguityCancellationRemovesPreparedArtifacts
--- PASS: TestCreateAmbiguityCancellationRemovesPreparedArtifacts (0.00s)
=== RUN   TestCreateRejectsOCIValidationBeforeAllocationOrArtifacts
--- PASS: TestCreateRejectsOCIValidationBeforeAllocationOrArtifacts (0.00s)
=== RUN   TestCreatePostValidationFailureRollbackMatrix
=== RUN   TestCreatePostValidationFailureRollbackMatrix/prepare-rootfs
=== RUN   TestCreatePostValidationFailureRollbackMatrix/runtime-handoff
=== RUN   TestCreatePostValidationFailureRollbackMatrix/token
=== RUN   TestCreatePostValidationFailureRollbackMatrix/create-sandbox
=== RUN   TestCreatePostValidationFailureRollbackMatrix/load-sandbox
=== RUN   TestCreatePostValidationFailureRollbackMatrix/provision-network
=== RUN   TestCreatePostValidationFailureRollbackMatrix/namespace-holder
=== RUN   TestCreatePostValidationFailureRollbackMatrix/persist-recovery
=== RUN   TestCreatePostValidationFailureRollbackMatrix/persist-create-event
--- PASS: TestCreatePostValidationFailureRollbackMatrix (0.02s)
    --- PASS: TestCreatePostValidationFailureRollbackMatrix/prepare-rootfs (0.00s)
    --- PASS: TestCreatePostValidationFailureRollbackMatrix/runtime-handoff (0.00s)
    --- PASS: TestCreatePostValidationFailureRollbackMatrix/token (0.00s)
    --- PASS: TestCreatePostValidationFailureRollbackMatrix/create-sandbox (0.00s)
    --- PASS: TestCreatePostValidationFailureRollbackMatrix/load-sandbox (0.00s)
    --- PASS: TestCreatePostValidationFailureRollbackMatrix/provision-network (0.00s)
    --- PASS: TestCreatePostValidationFailureRollbackMatrix/namespace-holder (0.00s)
    --- PASS: TestCreatePostValidationFailureRollbackMatrix/persist-recovery (0.00s)
    --- PASS: TestCreatePostValidationFailureRollbackMatrix/persist-create-event (0.01s)
=== RUN   TestExecRollsBackProcessOnAgentFailure
--- PASS: TestExecRollsBackProcessOnAgentFailure (0.00s)
=== RUN   TestExecCreationIntentReconcilesAmbiguousGuestMutation
=== RUN   TestExecCreationIntentReconcilesAmbiguousGuestMutation/lost_reply_confirms_created_owner
=== RUN   TestExecCreationIntentReconcilesAmbiguousGuestMutation/unavailable_state_and_cleanup_retain_durable_owner
=== RUN   TestExecCreationIntentReconcilesAmbiguousGuestMutation/confirmed_absence_removes_durable_intent
--- PASS: TestExecCreationIntentReconcilesAmbiguousGuestMutation (0.02s)
    --- PASS: TestExecCreationIntentReconcilesAmbiguousGuestMutation/lost_reply_confirms_created_owner (0.01s)
    --- PASS: TestExecCreationIntentReconcilesAmbiguousGuestMutation/unavailable_state_and_cleanup_retain_durable_owner (0.00s)
    --- PASS: TestExecCreationIntentReconcilesAmbiguousGuestMutation/confirmed_absence_removes_durable_intent (0.00s)
=== RUN   TestRecoveredCreatedExecRequiresExactGuestOwnership
=== RUN   TestRecoveredCreatedExecRequiresExactGuestOwnership/exact_created
=== RUN   TestRecoveredCreatedExecRequiresExactGuestOwnership/confirmed_absent
=== RUN   TestRecoveredCreatedExecRequiresExactGuestOwnership/wrong_identity
=== RUN   TestRecoveredCreatedExecRequiresExactGuestOwnership/running
=== RUN   TestRecoveredCreatedExecRequiresExactGuestOwnership/transport_unavailable
--- PASS: TestRecoveredCreatedExecRequiresExactGuestOwnership (0.00s)
    --- PASS: TestRecoveredCreatedExecRequiresExactGuestOwnership/exact_created (0.00s)
    --- PASS: TestRecoveredCreatedExecRequiresExactGuestOwnership/confirmed_absent (0.00s)
    --- PASS: TestRecoveredCreatedExecRequiresExactGuestOwnership/wrong_identity (0.00s)
    --- PASS: TestRecoveredCreatedExecRequiresExactGuestOwnership/running (0.00s)
    --- PASS: TestRecoveredCreatedExecRequiresExactGuestOwnership/transport_unavailable (0.00s)
=== RUN   TestExecRollbackRetainsOwnershipUntilGuestDeletion
=== RUN   TestExecRollbackRetainsOwnershipUntilGuestDeletion/deleted
=== RUN   TestExecRollbackRetainsOwnershipUntilGuestDeletion/already_absent
=== RUN   TestExecRollbackRetainsOwnershipUntilGuestDeletion/delete_failed
--- PASS: TestExecRollbackRetainsOwnershipUntilGuestDeletion (0.01s)
    --- PASS: TestExecRollbackRetainsOwnershipUntilGuestDeletion/deleted (0.00s)
    --- PASS: TestExecRollbackRetainsOwnershipUntilGuestDeletion/already_absent (0.00s)
    --- PASS: TestExecRollbackRetainsOwnershipUntilGuestDeletion/delete_failed (0.00s)
=== RUN   TestStartReturnsKillFailureAndRetainsMonitorAfterPersistenceFailure
--- PASS: TestStartReturnsKillFailureAndRetainsMonitorAfterPersistenceFailure (0.01s)
=== RUN   TestStartRejectsGuestPIDOutsideTaskRangeAndRetainsOwnership
--- PASS: TestStartRejectsGuestPIDOutsideTaskRangeAndRetainsOwnership (0.01s)
=== RUN   TestStartRejectsMismatchedGuestProcessStateAndRetainsOwnership
=== RUN   TestStartRejectsMismatchedGuestProcessStateAndRetainsOwnership/wrong_identity
=== RUN   TestStartRejectsMismatchedGuestProcessStateAndRetainsOwnership/created
--- PASS: TestStartRejectsMismatchedGuestProcessStateAndRetainsOwnership (0.02s)
    --- PASS: TestStartRejectsMismatchedGuestProcessStateAndRetainsOwnership/wrong_identity (0.01s)
    --- PASS: TestStartRejectsMismatchedGuestProcessStateAndRetainsOwnership/created (0.01s)
=== RUN   TestStartReconcilesAmbiguousGuestResultWithoutLosingOwnership
=== RUN   TestStartReconcilesAmbiguousGuestResultWithoutLosingOwnership/confirmed_created_remains_retryable
=== RUN   TestStartReconcilesAmbiguousGuestResultWithoutLosingOwnership/running_proves_start_applied
=== RUN   TestStartReconcilesAmbiguousGuestResultWithoutLosingOwnership/rapid_stop_proves_start_applied
=== RUN   TestStartReconcilesAmbiguousGuestResultWithoutLosingOwnership/lost_state_reply_reconnects
=== RUN   TestStartReconcilesAmbiguousGuestResultWithoutLosingOwnership/unresolved_transport_failure_retains_ownership
--- PASS: TestStartReconcilesAmbiguousGuestResultWithoutLosingOwnership (0.10s)
    --- PASS: TestStartReconcilesAmbiguousGuestResultWithoutLosingOwnership/confirmed_created_remains_retryable (0.00s)
    --- PASS: TestStartReconcilesAmbiguousGuestResultWithoutLosingOwnership/running_proves_start_applied (0.01s)
    --- PASS: TestStartReconcilesAmbiguousGuestResultWithoutLosingOwnership/rapid_stop_proves_start_applied (0.01s)
    --- PASS: TestStartReconcilesAmbiguousGuestResultWithoutLosingOwnership/lost_state_reply_reconnects (0.06s)
    --- PASS: TestStartReconcilesAmbiguousGuestResultWithoutLosingOwnership/unresolved_transport_failure_retains_ownership (0.01s)
=== RUN   TestEnsureGuestProcessCreatedReconcilesBeforeMutation
=== RUN   TestEnsureGuestProcessCreatedReconcilesBeforeMutation/absent_is_created
=== RUN   TestEnsureGuestProcessCreatedReconcilesBeforeMutation/create_rejection_is_returned
=== RUN   TestEnsureGuestProcessCreatedReconcilesBeforeMutation/existing_created_is_reused
=== RUN   TestEnsureGuestProcessCreatedReconcilesBeforeMutation/wrong_identity
=== RUN   TestEnsureGuestProcessCreatedReconcilesBeforeMutation/running_is_not_recreated
=== RUN   TestEnsureGuestProcessCreatedReconcilesBeforeMutation/created_with_pid_is_invalid
=== RUN   TestEnsureGuestProcessCreatedReconcilesBeforeMutation/transport_failure_is_not_absence
--- PASS: TestEnsureGuestProcessCreatedReconcilesBeforeMutation (0.00s)
    --- PASS: TestEnsureGuestProcessCreatedReconcilesBeforeMutation/absent_is_created (0.00s)
    --- PASS: TestEnsureGuestProcessCreatedReconcilesBeforeMutation/create_rejection_is_returned (0.00s)
    --- PASS: TestEnsureGuestProcessCreatedReconcilesBeforeMutation/existing_created_is_reused (0.00s)
    --- PASS: TestEnsureGuestProcessCreatedReconcilesBeforeMutation/wrong_identity (0.00s)
    --- PASS: TestEnsureGuestProcessCreatedReconcilesBeforeMutation/running_is_not_recreated (0.00s)
    --- PASS: TestEnsureGuestProcessCreatedReconcilesBeforeMutation/created_with_pid_is_invalid (0.00s)
    --- PASS: TestEnsureGuestProcessCreatedReconcilesBeforeMutation/transport_failure_is_not_absence (0.00s)
=== RUN   TestEnsureGuestProcessCreatedReconcilesLostReply
--- PASS: TestEnsureGuestProcessCreatedReconcilesLostReply (0.05s)
=== RUN   TestStartedProcessCleanupTreatsAuthenticatedAbsenceAsSuccess
--- PASS: TestStartedProcessCleanupTreatsAuthenticatedAbsenceAsSuccess (0.00s)
=== RUN   TestExecRejectsGuestUnrepresentableIDBeforeAgentContact
--- PASS: TestExecRejectsGuestUnrepresentableIDBeforeAgentContact (0.00s)
=== RUN   TestTaskStateGuardsRejectInvalidTransitionsBeforeAgentContact
--- PASS: TestTaskStateGuardsRejectInvalidTransitionsBeforeAgentContact (0.00s)
=== RUN   TestPreCancelledTaskMutationsPreserveStateAndAvoidGuestContact
=== RUN   TestPreCancelledTaskMutationsPreserveStateAndAvoidGuestContact/create
=== RUN   TestPreCancelledTaskMutationsPreserveStateAndAvoidGuestContact/start
=== RUN   TestPreCancelledTaskMutationsPreserveStateAndAvoidGuestContact/kill
=== RUN   TestPreCancelledTaskMutationsPreserveStateAndAvoidGuestContact/exec
=== RUN   TestPreCancelledTaskMutationsPreserveStateAndAvoidGuestContact/delete
=== RUN   TestPreCancelledTaskMutationsPreserveStateAndAvoidGuestContact/shutdown
=== RUN   TestPreCancelledTaskMutationsPreserveStateAndAvoidGuestContact/resize
=== RUN   TestPreCancelledTaskMutationsPreserveStateAndAvoidGuestContact/pause
=== RUN   TestPreCancelledTaskMutationsPreserveStateAndAvoidGuestContact/resume
=== RUN   TestPreCancelledTaskMutationsPreserveStateAndAvoidGuestContact/close-io
--- PASS: TestPreCancelledTaskMutationsPreserveStateAndAvoidGuestContact (0.00s)
    --- PASS: TestPreCancelledTaskMutationsPreserveStateAndAvoidGuestContact/create (0.00s)
    --- PASS: TestPreCancelledTaskMutationsPreserveStateAndAvoidGuestContact/start (0.00s)
    --- PASS: TestPreCancelledTaskMutationsPreserveStateAndAvoidGuestContact/kill (0.00s)
    --- PASS: TestPreCancelledTaskMutationsPreserveStateAndAvoidGuestContact/exec (0.00s)
    --- PASS: TestPreCancelledTaskMutationsPreserveStateAndAvoidGuestContact/delete (0.00s)
    --- PASS: TestPreCancelledTaskMutationsPreserveStateAndAvoidGuestContact/shutdown (0.00s)
    --- PASS: TestPreCancelledTaskMutationsPreserveStateAndAvoidGuestContact/resize (0.00s)
    --- PASS: TestPreCancelledTaskMutationsPreserveStateAndAvoidGuestContact/pause (0.00s)
    --- PASS: TestPreCancelledTaskMutationsPreserveStateAndAvoidGuestContact/resume (0.00s)
    --- PASS: TestPreCancelledTaskMutationsPreserveStateAndAvoidGuestContact/close-io (0.00s)
=== RUN   TestPreCancelledTaskReadsAndWaitAvoidGuestContact
=== RUN   TestPreCancelledTaskReadsAndWaitAvoidGuestContact/state
=== RUN   TestPreCancelledTaskReadsAndWaitAvoidGuestContact/wait
=== RUN   TestPreCancelledTaskReadsAndWaitAvoidGuestContact/pids
=== RUN   TestPreCancelledTaskReadsAndWaitAvoidGuestContact/connect
=== RUN   TestPreCancelledTaskReadsAndWaitAvoidGuestContact/stats
--- PASS: TestPreCancelledTaskReadsAndWaitAvoidGuestContact (0.00s)
    --- PASS: TestPreCancelledTaskReadsAndWaitAvoidGuestContact/state (0.00s)
    --- PASS: TestPreCancelledTaskReadsAndWaitAvoidGuestContact/wait (0.00s)
    --- PASS: TestPreCancelledTaskReadsAndWaitAvoidGuestContact/pids (0.00s)
    --- PASS: TestPreCancelledTaskReadsAndWaitAvoidGuestContact/connect (0.00s)
    --- PASS: TestPreCancelledTaskReadsAndWaitAvoidGuestContact/stats (0.00s)
=== RUN   TestTaskRPCsRejectNilAndMismatchedTaskIdentityBeforeMutation
=== RUN   TestTaskRPCsRejectNilAndMismatchedTaskIdentityBeforeMutation/Create
=== RUN   TestTaskRPCsRejectNilAndMismatchedTaskIdentityBeforeMutation/Create/nil
=== RUN   TestTaskRPCsRejectNilAndMismatchedTaskIdentityBeforeMutation/Create/mismatched
=== RUN   TestTaskRPCsRejectNilAndMismatchedTaskIdentityBeforeMutation/Start
=== RUN   TestTaskRPCsRejectNilAndMismatchedTaskIdentityBeforeMutation/Start/nil
=== RUN   TestTaskRPCsRejectNilAndMismatchedTaskIdentityBeforeMutation/Start/mismatched
=== RUN   TestTaskRPCsRejectNilAndMismatchedTaskIdentityBeforeMutation/State
=== RUN   TestTaskRPCsRejectNilAndMismatchedTaskIdentityBeforeMutation/State/nil
=== RUN   TestTaskRPCsRejectNilAndMismatchedTaskIdentityBeforeMutation/State/mismatched
=== RUN   TestTaskRPCsRejectNilAndMismatchedTaskIdentityBeforeMutation/Wait
=== RUN   TestTaskRPCsRejectNilAndMismatchedTaskIdentityBeforeMutation/Wait/nil
=== RUN   TestTaskRPCsRejectNilAndMismatchedTaskIdentityBeforeMutation/Wait/mismatched
=== RUN   TestTaskRPCsRejectNilAndMismatchedTaskIdentityBeforeMutation/Kill
=== RUN   TestTaskRPCsRejectNilAndMismatchedTaskIdentityBeforeMutation/Kill/nil
=== RUN   TestTaskRPCsRejectNilAndMismatchedTaskIdentityBeforeMutation/Kill/mismatched
=== RUN   TestTaskRPCsRejectNilAndMismatchedTaskIdentityBeforeMutation/Exec
=== RUN   TestTaskRPCsRejectNilAndMismatchedTaskIdentityBeforeMutation/Exec/nil
=== RUN   TestTaskRPCsRejectNilAndMismatchedTaskIdentityBeforeMutation/Exec/mismatched
=== RUN   TestTaskRPCsRejectNilAndMismatchedTaskIdentityBeforeMutation/Delete
=== RUN   TestTaskRPCsRejectNilAndMismatchedTaskIdentityBeforeMutation/Delete/nil
=== RUN   TestTaskRPCsRejectNilAndMismatchedTaskIdentityBeforeMutation/Delete/mismatched
=== RUN   TestTaskRPCsRejectNilAndMismatchedTaskIdentityBeforeMutation/Pids
=== RUN   TestTaskRPCsRejectNilAndMismatchedTaskIdentityBeforeMutation/Pids/nil
=== RUN   TestTaskRPCsRejectNilAndMismatchedTaskIdentityBeforeMutation/Pids/mismatched
=== RUN   TestTaskRPCsRejectNilAndMismatchedTaskIdentityBeforeMutation/Connect
=== RUN   TestTaskRPCsRejectNilAndMismatchedTaskIdentityBeforeMutation/Connect/mismatched
=== RUN   TestTaskRPCsRejectNilAndMismatchedTaskIdentityBeforeMutation/Connect/nil
=== RUN   TestTaskRPCsRejectNilAndMismatchedTaskIdentityBeforeMutation/Shutdown
=== RUN   TestTaskRPCsRejectNilAndMismatchedTaskIdentityBeforeMutation/Shutdown/nil
=== RUN   TestTaskRPCsRejectNilAndMismatchedTaskIdentityBeforeMutation/Shutdown/mismatched
=== RUN   TestTaskRPCsRejectNilAndMismatchedTaskIdentityBeforeMutation/ResizePty
=== RUN   TestTaskRPCsRejectNilAndMismatchedTaskIdentityBeforeMutation/ResizePty/nil
=== RUN   TestTaskRPCsRejectNilAndMismatchedTaskIdentityBeforeMutation/ResizePty/mismatched
=== RUN   TestTaskRPCsRejectNilAndMismatchedTaskIdentityBeforeMutation/Pause
=== RUN   TestTaskRPCsRejectNilAndMismatchedTaskIdentityBeforeMutation/Pause/nil
=== RUN   TestTaskRPCsRejectNilAndMismatchedTaskIdentityBeforeMutation/Pause/mismatched
=== RUN   TestTaskRPCsRejectNilAndMismatchedTaskIdentityBeforeMutation/Resume
=== RUN   TestTaskRPCsRejectNilAndMismatchedTaskIdentityBeforeMutation/Resume/nil
=== RUN   TestTaskRPCsRejectNilAndMismatchedTaskIdentityBeforeMutation/Resume/mismatched
=== RUN   TestTaskRPCsRejectNilAndMismatchedTaskIdentityBeforeMutation/CloseIO
=== RUN   TestTaskRPCsRejectNilAndMismatchedTaskIdentityBeforeMutation/CloseIO/nil
=== RUN   TestTaskRPCsRejectNilAndMismatchedTaskIdentityBeforeMutation/CloseIO/mismatched
=== RUN   TestTaskRPCsRejectNilAndMismatchedTaskIdentityBeforeMutation/Stats
=== RUN   TestTaskRPCsRejectNilAndMismatchedTaskIdentityBeforeMutation/Stats/nil
=== RUN   TestTaskRPCsRejectNilAndMismatchedTaskIdentityBeforeMutation/Stats/mismatched
--- PASS: TestTaskRPCsRejectNilAndMismatchedTaskIdentityBeforeMutation (0.01s)
    --- PASS: TestTaskRPCsRejectNilAndMismatchedTaskIdentityBeforeMutation/Create (0.00s)
        --- PASS: TestTaskRPCsRejectNilAndMismatchedTaskIdentityBeforeMutation/Create/nil (0.00s)
        --- PASS: TestTaskRPCsRejectNilAndMismatchedTaskIdentityBeforeMutation/Create/mismatched (0.00s)
    --- PASS: TestTaskRPCsRejectNilAndMismatchedTaskIdentityBeforeMutation/Start (0.00s)
        --- PASS: TestTaskRPCsRejectNilAndMismatchedTaskIdentityBeforeMutation/Start/nil (0.00s)
        --- PASS: TestTaskRPCsRejectNilAndMismatchedTaskIdentityBeforeMutation/Start/mismatched (0.00s)
    --- PASS: TestTaskRPCsRejectNilAndMismatchedTaskIdentityBeforeMutation/State (0.00s)
        --- PASS: TestTaskRPCsRejectNilAndMismatchedTaskIdentityBeforeMutation/State/nil (0.00s)
        --- PASS: TestTaskRPCsRejectNilAndMismatchedTaskIdentityBeforeMutation/State/mismatched (0.00s)
    --- PASS: TestTaskRPCsRejectNilAndMismatchedTaskIdentityBeforeMutation/Wait (0.00s)
        --- PASS: TestTaskRPCsRejectNilAndMismatchedTaskIdentityBeforeMutation/Wait/nil (0.00s)
        --- PASS: TestTaskRPCsRejectNilAndMismatchedTaskIdentityBeforeMutation/Wait/mismatched (0.00s)
    --- PASS: TestTaskRPCsRejectNilAndMismatchedTaskIdentityBeforeMutation/Kill (0.00s)
        --- PASS: TestTaskRPCsRejectNilAndMismatchedTaskIdentityBeforeMutation/Kill/nil (0.00s)
        --- PASS: TestTaskRPCsRejectNilAndMismatchedTaskIdentityBeforeMutation/Kill/mismatched (0.00s)
    --- PASS: TestTaskRPCsRejectNilAndMismatchedTaskIdentityBeforeMutation/Exec (0.00s)
        --- PASS: TestTaskRPCsRejectNilAndMismatchedTaskIdentityBeforeMutation/Exec/nil (0.00s)
        --- PASS: TestTaskRPCsRejectNilAndMismatchedTaskIdentityBeforeMutation/Exec/mismatched (0.00s)
    --- PASS: TestTaskRPCsRejectNilAndMismatchedTaskIdentityBeforeMutation/Delete (0.00s)
        --- PASS: TestTaskRPCsRejectNilAndMismatchedTaskIdentityBeforeMutation/Delete/nil (0.00s)
        --- PASS: TestTaskRPCsRejectNilAndMismatchedTaskIdentityBeforeMutation/Delete/mismatched (0.00s)
    --- PASS: TestTaskRPCsRejectNilAndMismatchedTaskIdentityBeforeMutation/Pids (0.00s)
        --- PASS: TestTaskRPCsRejectNilAndMismatchedTaskIdentityBeforeMutation/Pids/nil (0.00s)
        --- PASS: TestTaskRPCsRejectNilAndMismatchedTaskIdentityBeforeMutation/Pids/mismatched (0.00s)
    --- PASS: TestTaskRPCsRejectNilAndMismatchedTaskIdentityBeforeMutation/Connect (0.00s)
        --- PASS: TestTaskRPCsRejectNilAndMismatchedTaskIdentityBeforeMutation/Connect/mismatched (0.00s)
        --- PASS: TestTaskRPCsRejectNilAndMismatchedTaskIdentityBeforeMutation/Connect/nil (0.00s)
    --- PASS: TestTaskRPCsRejectNilAndMismatchedTaskIdentityBeforeMutation/Shutdown (0.00s)
        --- PASS: TestTaskRPCsRejectNilAndMismatchedTaskIdentityBeforeMutation/Shutdown/nil (0.00s)
        --- PASS: TestTaskRPCsRejectNilAndMismatchedTaskIdentityBeforeMutation/Shutdown/mismatched (0.00s)
    --- PASS: TestTaskRPCsRejectNilAndMismatchedTaskIdentityBeforeMutation/ResizePty (0.00s)
        --- PASS: TestTaskRPCsRejectNilAndMismatchedTaskIdentityBeforeMutation/ResizePty/nil (0.00s)
        --- PASS: TestTaskRPCsRejectNilAndMismatchedTaskIdentityBeforeMutation/ResizePty/mismatched (0.00s)
    --- PASS: TestTaskRPCsRejectNilAndMismatchedTaskIdentityBeforeMutation/Pause (0.00s)
        --- PASS: TestTaskRPCsRejectNilAndMismatchedTaskIdentityBeforeMutation/Pause/nil (0.00s)
        --- PASS: TestTaskRPCsRejectNilAndMismatchedTaskIdentityBeforeMutation/Pause/mismatched (0.00s)
    --- PASS: TestTaskRPCsRejectNilAndMismatchedTaskIdentityBeforeMutation/Resume (0.00s)
        --- PASS: TestTaskRPCsRejectNilAndMismatchedTaskIdentityBeforeMutation/Resume/nil (0.00s)
        --- PASS: TestTaskRPCsRejectNilAndMismatchedTaskIdentityBeforeMutation/Resume/mismatched (0.00s)
    --- PASS: TestTaskRPCsRejectNilAndMismatchedTaskIdentityBeforeMutation/CloseIO (0.00s)
        --- PASS: TestTaskRPCsRejectNilAndMismatchedTaskIdentityBeforeMutation/CloseIO/nil (0.00s)
        --- PASS: TestTaskRPCsRejectNilAndMismatchedTaskIdentityBeforeMutation/CloseIO/mismatched (0.00s)
    --- PASS: TestTaskRPCsRejectNilAndMismatchedTaskIdentityBeforeMutation/Stats (0.00s)
        --- PASS: TestTaskRPCsRejectNilAndMismatchedTaskIdentityBeforeMutation/Stats/nil (0.00s)
        --- PASS: TestTaskRPCsRejectNilAndMismatchedTaskIdentityBeforeMutation/Stats/mismatched (0.00s)
=== RUN   TestCancelCreateUsesExactOriginalIdentity
--- PASS: TestCancelCreateUsesExactOriginalIdentity (0.00s)
=== RUN   TestCreateAmbiguityCancellationRemovesPreparedArtifacts
--- PASS: TestCreateAmbiguityCancellationRemovesPreparedArtifacts (0.00s)
=== RUN   TestCreateRejectsOCIValidationBeforeAllocationOrArtifacts
--- PASS: TestCreateRejectsOCIValidationBeforeAllocationOrArtifacts (0.00s)
=== RUN   TestCreatePostValidationFailureRollbackMatrix
=== RUN   TestCreatePostValidationFailureRollbackMatrix/prepare-rootfs
=== RUN   TestCreatePostValidationFailureRollbackMatrix/runtime-handoff
=== RUN   TestCreatePostValidationFailureRollbackMatrix/token
=== RUN   TestCreatePostValidationFailureRollbackMatrix/create-sandbox
=== RUN   TestCreatePostValidationFailureRollbackMatrix/load-sandbox
=== RUN   TestCreatePostValidationFailureRollbackMatrix/provision-network
=== RUN   TestCreatePostValidationFailureRollbackMatrix/namespace-holder
=== RUN   TestCreatePostValidationFailureRollbackMatrix/persist-recovery
=== RUN   TestCreatePostValidationFailureRollbackMatrix/persist-create-event
--- PASS: TestCreatePostValidationFailureRollbackMatrix (0.02s)
    --- PASS: TestCreatePostValidationFailureRollbackMatrix/prepare-rootfs (0.00s)
    --- PASS: TestCreatePostValidationFailureRollbackMatrix/runtime-handoff (0.00s)
    --- PASS: TestCreatePostValidationFailureRollbackMatrix/token (0.00s)
    --- PASS: TestCreatePostValidationFailureRollbackMatrix/create-sandbox (0.00s)
    --- PASS: TestCreatePostValidationFailureRollbackMatrix/load-sandbox (0.00s)
    --- PASS: TestCreatePostValidationFailureRollbackMatrix/provision-network (0.00s)
    --- PASS: TestCreatePostValidationFailureRollbackMatrix/namespace-holder (0.00s)
    --- PASS: TestCreatePostValidationFailureRollbackMatrix/persist-recovery (0.00s)
    --- PASS: TestCreatePostValidationFailureRollbackMatrix/persist-create-event (0.01s)
=== RUN   TestExecRollsBackProcessOnAgentFailure
--- PASS: TestExecRollsBackProcessOnAgentFailure (0.00s)
=== RUN   TestExecCreationIntentReconcilesAmbiguousGuestMutation
=== RUN   TestExecCreationIntentReconcilesAmbiguousGuestMutation/lost_reply_confirms_created_owner
=== RUN   TestExecCreationIntentReconcilesAmbiguousGuestMutation/unavailable_state_and_cleanup_retain_durable_owner
=== RUN   TestExecCreationIntentReconcilesAmbiguousGuestMutation/confirmed_absence_removes_durable_intent
--- PASS: TestExecCreationIntentReconcilesAmbiguousGuestMutation (0.02s)
    --- PASS: TestExecCreationIntentReconcilesAmbiguousGuestMutation/lost_reply_confirms_created_owner (0.01s)
    --- PASS: TestExecCreationIntentReconcilesAmbiguousGuestMutation/unavailable_state_and_cleanup_retain_durable_owner (0.00s)
    --- PASS: TestExecCreationIntentReconcilesAmbiguousGuestMutation/confirmed_absence_removes_durable_intent (0.00s)
=== RUN   TestRecoveredCreatedExecRequiresExactGuestOwnership
=== RUN   TestRecoveredCreatedExecRequiresExactGuestOwnership/exact_created
=== RUN   TestRecoveredCreatedExecRequiresExactGuestOwnership/confirmed_absent
=== RUN   TestRecoveredCreatedExecRequiresExactGuestOwnership/wrong_identity
=== RUN   TestRecoveredCreatedExecRequiresExactGuestOwnership/running
=== RUN   TestRecoveredCreatedExecRequiresExactGuestOwnership/transport_unavailable
--- PASS: TestRecoveredCreatedExecRequiresExactGuestOwnership (0.00s)
    --- PASS: TestRecoveredCreatedExecRequiresExactGuestOwnership/exact_created (0.00s)
    --- PASS: TestRecoveredCreatedExecRequiresExactGuestOwnership/confirmed_absent (0.00s)
    --- PASS: TestRecoveredCreatedExecRequiresExactGuestOwnership/wrong_identity (0.00s)
    --- PASS: TestRecoveredCreatedExecRequiresExactGuestOwnership/running (0.00s)
    --- PASS: TestRecoveredCreatedExecRequiresExactGuestOwnership/transport_unavailable (0.00s)
=== RUN   TestExecRollbackRetainsOwnershipUntilGuestDeletion
=== RUN   TestExecRollbackRetainsOwnershipUntilGuestDeletion/deleted
=== RUN   TestExecRollbackRetainsOwnershipUntilGuestDeletion/already_absent
=== RUN   TestExecRollbackRetainsOwnershipUntilGuestDeletion/delete_failed
--- PASS: TestExecRollbackRetainsOwnershipUntilGuestDeletion (0.01s)
    --- PASS: TestExecRollbackRetainsOwnershipUntilGuestDeletion/deleted (0.00s)
    --- PASS: TestExecRollbackRetainsOwnershipUntilGuestDeletion/already_absent (0.00s)
    --- PASS: TestExecRollbackRetainsOwnershipUntilGuestDeletion/delete_failed (0.00s)
=== RUN   TestStartReturnsKillFailureAndRetainsMonitorAfterPersistenceFailure
--- PASS: TestStartReturnsKillFailureAndRetainsMonitorAfterPersistenceFailure (0.01s)
=== RUN   TestStartRejectsGuestPIDOutsideTaskRangeAndRetainsOwnership
--- PASS: TestStartRejectsGuestPIDOutsideTaskRangeAndRetainsOwnership (0.01s)
=== RUN   TestStartRejectsMismatchedGuestProcessStateAndRetainsOwnership
=== RUN   TestStartRejectsMismatchedGuestProcessStateAndRetainsOwnership/wrong_identity
=== RUN   TestStartRejectsMismatchedGuestProcessStateAndRetainsOwnership/created
--- PASS: TestStartRejectsMismatchedGuestProcessStateAndRetainsOwnership (0.02s)
    --- PASS: TestStartRejectsMismatchedGuestProcessStateAndRetainsOwnership/wrong_identity (0.01s)
    --- PASS: TestStartRejectsMismatchedGuestProcessStateAndRetainsOwnership/created (0.01s)
=== RUN   TestStartReconcilesAmbiguousGuestResultWithoutLosingOwnership
=== RUN   TestStartReconcilesAmbiguousGuestResultWithoutLosingOwnership/confirmed_created_remains_retryable
=== RUN   TestStartReconcilesAmbiguousGuestResultWithoutLosingOwnership/running_proves_start_applied
=== RUN   TestStartReconcilesAmbiguousGuestResultWithoutLosingOwnership/rapid_stop_proves_start_applied
=== RUN   TestStartReconcilesAmbiguousGuestResultWithoutLosingOwnership/lost_state_reply_reconnects
=== RUN   TestStartReconcilesAmbiguousGuestResultWithoutLosingOwnership/unresolved_transport_failure_retains_ownership
--- PASS: TestStartReconcilesAmbiguousGuestResultWithoutLosingOwnership (0.09s)
    --- PASS: TestStartReconcilesAmbiguousGuestResultWithoutLosingOwnership/confirmed_created_remains_retryable (0.00s)
    --- PASS: TestStartReconcilesAmbiguousGuestResultWithoutLosingOwnership/running_proves_start_applied (0.01s)
    --- PASS: TestStartReconcilesAmbiguousGuestResultWithoutLosingOwnership/rapid_stop_proves_start_applied (0.01s)
    --- PASS: TestStartReconcilesAmbiguousGuestResultWithoutLosingOwnership/lost_state_reply_reconnects (0.06s)
    --- PASS: TestStartReconcilesAmbiguousGuestResultWithoutLosingOwnership/unresolved_transport_failure_retains_ownership (0.01s)
=== RUN   TestEnsureGuestProcessCreatedReconcilesBeforeMutation
=== RUN   TestEnsureGuestProcessCreatedReconcilesBeforeMutation/absent_is_created
=== RUN   TestEnsureGuestProcessCreatedReconcilesBeforeMutation/create_rejection_is_returned
=== RUN   TestEnsureGuestProcessCreatedReconcilesBeforeMutation/existing_created_is_reused
=== RUN   TestEnsureGuestProcessCreatedReconcilesBeforeMutation/wrong_identity
=== RUN   TestEnsureGuestProcessCreatedReconcilesBeforeMutation/running_is_not_recreated
=== RUN   TestEnsureGuestProcessCreatedReconcilesBeforeMutation/created_with_pid_is_invalid
=== RUN   TestEnsureGuestProcessCreatedReconcilesBeforeMutation/transport_failure_is_not_absence
--- PASS: TestEnsureGuestProcessCreatedReconcilesBeforeMutation (0.00s)
    --- PASS: TestEnsureGuestProcessCreatedReconcilesBeforeMutation/absent_is_created (0.00s)
    --- PASS: TestEnsureGuestProcessCreatedReconcilesBeforeMutation/create_rejection_is_returned (0.00s)
    --- PASS: TestEnsureGuestProcessCreatedReconcilesBeforeMutation/existing_created_is_reused (0.00s)
    --- PASS: TestEnsureGuestProcessCreatedReconcilesBeforeMutation/wrong_identity (0.00s)
    --- PASS: TestEnsureGuestProcessCreatedReconcilesBeforeMutation/running_is_not_recreated (0.00s)
    --- PASS: TestEnsureGuestProcessCreatedReconcilesBeforeMutation/created_with_pid_is_invalid (0.00s)
    --- PASS: TestEnsureGuestProcessCreatedReconcilesBeforeMutation/transport_failure_is_not_absence (0.00s)
=== RUN   TestEnsureGuestProcessCreatedReconcilesLostReply
--- PASS: TestEnsureGuestProcessCreatedReconcilesLostReply (0.05s)
=== RUN   TestStartedProcessCleanupTreatsAuthenticatedAbsenceAsSuccess
--- PASS: TestStartedProcessCleanupTreatsAuthenticatedAbsenceAsSuccess (0.00s)
=== RUN   TestExecRejectsGuestUnrepresentableIDBeforeAgentContact
--- PASS: TestExecRejectsGuestUnrepresentableIDBeforeAgentContact (0.00s)
=== RUN   TestTaskStateGuardsRejectInvalidTransitionsBeforeAgentContact
--- PASS: TestTaskStateGuardsRejectInvalidTransitionsBeforeAgentContact (0.00s)
=== RUN   TestPreCancelledTaskMutationsPreserveStateAndAvoidGuestContact
=== RUN   TestPreCancelledTaskMutationsPreserveStateAndAvoidGuestContact/create
=== RUN   TestPreCancelledTaskMutationsPreserveStateAndAvoidGuestContact/start
=== RUN   TestPreCancelledTaskMutationsPreserveStateAndAvoidGuestContact/kill
=== RUN   TestPreCancelledTaskMutationsPreserveStateAndAvoidGuestContact/exec
=== RUN   TestPreCancelledTaskMutationsPreserveStateAndAvoidGuestContact/delete
=== RUN   TestPreCancelledTaskMutationsPreserveStateAndAvoidGuestContact/shutdown
=== RUN   TestPreCancelledTaskMutationsPreserveStateAndAvoidGuestContact/resize
=== RUN   TestPreCancelledTaskMutationsPreserveStateAndAvoidGuestContact/pause
=== RUN   TestPreCancelledTaskMutationsPreserveStateAndAvoidGuestContact/resume
=== RUN   TestPreCancelledTaskMutationsPreserveStateAndAvoidGuestContact/close-io
--- PASS: TestPreCancelledTaskMutationsPreserveStateAndAvoidGuestContact (0.00s)
    --- PASS: TestPreCancelledTaskMutationsPreserveStateAndAvoidGuestContact/create (0.00s)
    --- PASS: TestPreCancelledTaskMutationsPreserveStateAndAvoidGuestContact/start (0.00s)
    --- PASS: TestPreCancelledTaskMutationsPreserveStateAndAvoidGuestContact/kill (0.00s)
    --- PASS: TestPreCancelledTaskMutationsPreserveStateAndAvoidGuestContact/exec (0.00s)
    --- PASS: TestPreCancelledTaskMutationsPreserveStateAndAvoidGuestContact/delete (0.00s)
    --- PASS: TestPreCancelledTaskMutationsPreserveStateAndAvoidGuestContact/shutdown (0.00s)
    --- PASS: TestPreCancelledTaskMutationsPreserveStateAndAvoidGuestContact/resize (0.00s)
    --- PASS: TestPreCancelledTaskMutationsPreserveStateAndAvoidGuestContact/pause (0.00s)
    --- PASS: TestPreCancelledTaskMutationsPreserveStateAndAvoidGuestContact/resume (0.00s)
    --- PASS: TestPreCancelledTaskMutationsPreserveStateAndAvoidGuestContact/close-io (0.00s)
=== RUN   TestPreCancelledTaskReadsAndWaitAvoidGuestContact
=== RUN   TestPreCancelledTaskReadsAndWaitAvoidGuestContact/wait
=== RUN   TestPreCancelledTaskReadsAndWaitAvoidGuestContact/pids
=== RUN   TestPreCancelledTaskReadsAndWaitAvoidGuestContact/connect
=== RUN   TestPreCancelledTaskReadsAndWaitAvoidGuestContact/stats
=== RUN   TestPreCancelledTaskReadsAndWaitAvoidGuestContact/state
--- PASS: TestPreCancelledTaskReadsAndWaitAvoidGuestContact (0.00s)
    --- PASS: TestPreCancelledTaskReadsAndWaitAvoidGuestContact/wait (0.00s)
    --- PASS: TestPreCancelledTaskReadsAndWaitAvoidGuestContact/pids (0.00s)
    --- PASS: TestPreCancelledTaskReadsAndWaitAvoidGuestContact/connect (0.00s)
    --- PASS: TestPreCancelledTaskReadsAndWaitAvoidGuestContact/stats (0.00s)
    --- PASS: TestPreCancelledTaskReadsAndWaitAvoidGuestContact/state (0.00s)
=== RUN   TestTaskRPCsRejectNilAndMismatchedTaskIdentityBeforeMutation
=== RUN   TestTaskRPCsRejectNilAndMismatchedTaskIdentityBeforeMutation/Create
=== RUN   TestTaskRPCsRejectNilAndMismatchedTaskIdentityBeforeMutation/Create/nil
=== RUN   TestTaskRPCsRejectNilAndMismatchedTaskIdentityBeforeMutation/Create/mismatched
=== RUN   TestTaskRPCsRejectNilAndMismatchedTaskIdentityBeforeMutation/Start
=== RUN   TestTaskRPCsRejectNilAndMismatchedTaskIdentityBeforeMutation/Start/nil
=== RUN   TestTaskRPCsRejectNilAndMismatchedTaskIdentityBeforeMutation/Start/mismatched
=== RUN   TestTaskRPCsRejectNilAndMismatchedTaskIdentityBeforeMutation/State
=== RUN   TestTaskRPCsRejectNilAndMismatchedTaskIdentityBeforeMutation/State/mismatched
=== RUN   TestTaskRPCsRejectNilAndMismatchedTaskIdentityBeforeMutation/State/nil
=== RUN   TestTaskRPCsRejectNilAndMismatchedTaskIdentityBeforeMutation/Wait
=== RUN   TestTaskRPCsRejectNilAndMismatchedTaskIdentityBeforeMutation/Wait/nil
=== RUN   TestTaskRPCsRejectNilAndMismatchedTaskIdentityBeforeMutation/Wait/mismatched
=== RUN   TestTaskRPCsRejectNilAndMismatchedTaskIdentityBeforeMutation/Kill
=== RUN   TestTaskRPCsRejectNilAndMismatchedTaskIdentityBeforeMutation/Kill/nil
=== RUN   TestTaskRPCsRejectNilAndMismatchedTaskIdentityBeforeMutation/Kill/mismatched
=== RUN   TestTaskRPCsRejectNilAndMismatchedTaskIdentityBeforeMutation/Exec
=== RUN   TestTaskRPCsRejectNilAndMismatchedTaskIdentityBeforeMutation/Exec/nil
=== RUN   TestTaskRPCsRejectNilAndMismatchedTaskIdentityBeforeMutation/Exec/mismatched
=== RUN   TestTaskRPCsRejectNilAndMismatchedTaskIdentityBeforeMutation/Delete
=== RUN   TestTaskRPCsRejectNilAndMismatchedTaskIdentityBeforeMutation/Delete/nil
=== RUN   TestTaskRPCsRejectNilAndMismatchedTaskIdentityBeforeMutation/Delete/mismatched
=== RUN   TestTaskRPCsRejectNilAndMismatchedTaskIdentityBeforeMutation/Pids
=== RUN   TestTaskRPCsRejectNilAndMismatchedTaskIdentityBeforeMutation/Pids/nil
=== RUN   TestTaskRPCsRejectNilAndMismatchedTaskIdentityBeforeMutation/Pids/mismatched
=== RUN   TestTaskRPCsRejectNilAndMismatchedTaskIdentityBeforeMutation/Connect
=== RUN   TestTaskRPCsRejectNilAndMismatchedTaskIdentityBeforeMutation/Connect/nil
=== RUN   TestTaskRPCsRejectNilAndMismatchedTaskIdentityBeforeMutation/Connect/mismatched
=== RUN   TestTaskRPCsRejectNilAndMismatchedTaskIdentityBeforeMutation/Shutdown
=== RUN   TestTaskRPCsRejectNilAndMismatchedTaskIdentityBeforeMutation/Shutdown/nil
=== RUN   TestTaskRPCsRejectNilAndMismatchedTaskIdentityBeforeMutation/Shutdown/mismatched
=== RUN   TestTaskRPCsRejectNilAndMismatchedTaskIdentityBeforeMutation/ResizePty
=== RUN   TestTaskRPCsRejectNilAndMismatchedTaskIdentityBeforeMutation/ResizePty/mismatched
=== RUN   TestTaskRPCsRejectNilAndMismatchedTaskIdentityBeforeMutation/ResizePty/nil
=== RUN   TestTaskRPCsRejectNilAndMismatchedTaskIdentityBeforeMutation/Pause
=== RUN   TestTaskRPCsRejectNilAndMismatchedTaskIdentityBeforeMutation/Pause/nil
=== RUN   TestTaskRPCsRejectNilAndMismatchedTaskIdentityBeforeMutation/Pause/mismatched
=== RUN   TestTaskRPCsRejectNilAndMismatchedTaskIdentityBeforeMutation/Resume
=== RUN   TestTaskRPCsRejectNilAndMismatchedTaskIdentityBeforeMutation/Resume/mismatched
=== RUN   TestTaskRPCsRejectNilAndMismatchedTaskIdentityBeforeMutation/Resume/nil
=== RUN   TestTaskRPCsRejectNilAndMismatchedTaskIdentityBeforeMutation/CloseIO
=== RUN   TestTaskRPCsRejectNilAndMismatchedTaskIdentityBeforeMutation/CloseIO/mismatched
=== RUN   TestTaskRPCsRejectNilAndMismatchedTaskIdentityBeforeMutation/CloseIO/nil
=== RUN   TestTaskRPCsRejectNilAndMismatchedTaskIdentityBeforeMutation/Stats
=== RUN   TestTaskRPCsRejectNilAndMismatchedTaskIdentityBeforeMutation/Stats/nil
=== RUN   TestTaskRPCsRejectNilAndMismatchedTaskIdentityBeforeMutation/Stats/mismatched
--- PASS: TestTaskRPCsRejectNilAndMismatchedTaskIdentityBeforeMutation (0.01s)
    --- PASS: TestTaskRPCsRejectNilAndMismatchedTaskIdentityBeforeMutation/Create (0.00s)
        --- PASS: TestTaskRPCsRejectNilAndMismatchedTaskIdentityBeforeMutation/Create/nil (0.00s)
        --- PASS: TestTaskRPCsRejectNilAndMismatchedTaskIdentityBeforeMutation/Create/mismatched (0.00s)
    --- PASS: TestTaskRPCsRejectNilAndMismatchedTaskIdentityBeforeMutation/Start (0.00s)
        --- PASS: TestTaskRPCsRejectNilAndMismatchedTaskIdentityBeforeMutation/Start/nil (0.00s)
        --- PASS: TestTaskRPCsRejectNilAndMismatchedTaskIdentityBeforeMutation/Start/mismatched (0.00s)
    --- PASS: TestTaskRPCsRejectNilAndMismatchedTaskIdentityBeforeMutation/State (0.00s)
        --- PASS: TestTaskRPCsRejectNilAndMismatchedTaskIdentityBeforeMutation/State/mismatched (0.00s)
        --- PASS: TestTaskRPCsRejectNilAndMismatchedTaskIdentityBeforeMutation/State/nil (0.00s)
    --- PASS: TestTaskRPCsRejectNilAndMismatchedTaskIdentityBeforeMutation/Wait (0.00s)
        --- PASS: TestTaskRPCsRejectNilAndMismatchedTaskIdentityBeforeMutation/Wait/nil (0.00s)
        --- PASS: TestTaskRPCsRejectNilAndMismatchedTaskIdentityBeforeMutation/Wait/mismatched (0.00s)
    --- PASS: TestTaskRPCsRejectNilAndMismatchedTaskIdentityBeforeMutation/Kill (0.00s)
        --- PASS: TestTaskRPCsRejectNilAndMismatchedTaskIdentityBeforeMutation/Kill/nil (0.00s)
        --- PASS: TestTaskRPCsRejectNilAndMismatchedTaskIdentityBeforeMutation/Kill/mismatched (0.00s)
    --- PASS: TestTaskRPCsRejectNilAndMismatchedTaskIdentityBeforeMutation/Exec (0.00s)
        --- PASS: TestTaskRPCsRejectNilAndMismatchedTaskIdentityBeforeMutation/Exec/nil (0.00s)
        --- PASS: TestTaskRPCsRejectNilAndMismatchedTaskIdentityBeforeMutation/Exec/mismatched (0.00s)
    --- PASS: TestTaskRPCsRejectNilAndMismatchedTaskIdentityBeforeMutation/Delete (0.00s)
        --- PASS: TestTaskRPCsRejectNilAndMismatchedTaskIdentityBeforeMutation/Delete/nil (0.00s)
        --- PASS: TestTaskRPCsRejectNilAndMismatchedTaskIdentityBeforeMutation/Delete/mismatched (0.00s)
    --- PASS: TestTaskRPCsRejectNilAndMismatchedTaskIdentityBeforeMutation/Pids (0.00s)
        --- PASS: TestTaskRPCsRejectNilAndMismatchedTaskIdentityBeforeMutation/Pids/nil (0.00s)
        --- PASS: TestTaskRPCsRejectNilAndMismatchedTaskIdentityBeforeMutation/Pids/mismatched (0.00s)
    --- PASS: TestTaskRPCsRejectNilAndMismatchedTaskIdentityBeforeMutation/Connect (0.00s)
        --- PASS: TestTaskRPCsRejectNilAndMismatchedTaskIdentityBeforeMutation/Connect/nil (0.00s)
        --- PASS: TestTaskRPCsRejectNilAndMismatchedTaskIdentityBeforeMutation/Connect/mismatched (0.00s)
    --- PASS: TestTaskRPCsRejectNilAndMismatchedTaskIdentityBeforeMutation/Shutdown (0.00s)
        --- PASS: TestTaskRPCsRejectNilAndMismatchedTaskIdentityBeforeMutation/Shutdown/nil (0.00s)
        --- PASS: TestTaskRPCsRejectNilAndMismatchedTaskIdentityBeforeMutation/Shutdown/mismatched (0.00s)
    --- PASS: TestTaskRPCsRejectNilAndMismatchedTaskIdentityBeforeMutation/ResizePty (0.00s)
        --- PASS: TestTaskRPCsRejectNilAndMismatchedTaskIdentityBeforeMutation/ResizePty/mismatched (0.00s)
        --- PASS: TestTaskRPCsRejectNilAndMismatchedTaskIdentityBeforeMutation/ResizePty/nil (0.00s)
    --- PASS: TestTaskRPCsRejectNilAndMismatchedTaskIdentityBeforeMutation/Pause (0.00s)
        --- PASS: TestTaskRPCsRejectNilAndMismatchedTaskIdentityBeforeMutation/Pause/nil (0.00s)
        --- PASS: TestTaskRPCsRejectNilAndMismatchedTaskIdentityBeforeMutation/Pause/mismatched (0.00s)
    --- PASS: TestTaskRPCsRejectNilAndMismatchedTaskIdentityBeforeMutation/Resume (0.00s)
        --- PASS: TestTaskRPCsRejectNilAndMismatchedTaskIdentityBeforeMutation/Resume/mismatched (0.00s)
        --- PASS: TestTaskRPCsRejectNilAndMismatchedTaskIdentityBeforeMutation/Resume/nil (0.00s)
    --- PASS: TestTaskRPCsRejectNilAndMismatchedTaskIdentityBeforeMutation/CloseIO (0.00s)
        --- PASS: TestTaskRPCsRejectNilAndMismatchedTaskIdentityBeforeMutation/CloseIO/mismatched (0.00s)
        --- PASS: TestTaskRPCsRejectNilAndMismatchedTaskIdentityBeforeMutation/CloseIO/nil (0.00s)
    --- PASS: TestTaskRPCsRejectNilAndMismatchedTaskIdentityBeforeMutation/Stats (0.00s)
        --- PASS: TestTaskRPCsRejectNilAndMismatchedTaskIdentityBeforeMutation/Stats/nil (0.00s)
        --- PASS: TestTaskRPCsRejectNilAndMismatchedTaskIdentityBeforeMutation/Stats/mismatched (0.00s)
=== RUN   TestCancelCreateUsesExactOriginalIdentity
--- PASS: TestCancelCreateUsesExactOriginalIdentity (0.00s)
=== RUN   TestCreateAmbiguityCancellationRemovesPreparedArtifacts
--- PASS: TestCreateAmbiguityCancellationRemovesPreparedArtifacts (0.00s)
=== RUN   TestCreateRejectsOCIValidationBeforeAllocationOrArtifacts
--- PASS: TestCreateRejectsOCIValidationBeforeAllocationOrArtifacts (0.00s)
=== RUN   TestCreatePostValidationFailureRollbackMatrix
=== RUN   TestCreatePostValidationFailureRollbackMatrix/prepare-rootfs
=== RUN   TestCreatePostValidationFailureRollbackMatrix/runtime-handoff
=== RUN   TestCreatePostValidationFailureRollbackMatrix/token
=== RUN   TestCreatePostValidationFailureRollbackMatrix/create-sandbox
=== RUN   TestCreatePostValidationFailureRollbackMatrix/load-sandbox
=== RUN   TestCreatePostValidationFailureRollbackMatrix/provision-network
=== RUN   TestCreatePostValidationFailureRollbackMatrix/namespace-holder
=== RUN   TestCreatePostValidationFailureRollbackMatrix/persist-recovery
=== RUN   TestCreatePostValidationFailureRollbackMatrix/persist-create-event
--- PASS: TestCreatePostValidationFailureRollbackMatrix (0.02s)
    --- PASS: TestCreatePostValidationFailureRollbackMatrix/prepare-rootfs (0.00s)
    --- PASS: TestCreatePostValidationFailureRollbackMatrix/runtime-handoff (0.00s)
    --- PASS: TestCreatePostValidationFailureRollbackMatrix/token (0.00s)
    --- PASS: TestCreatePostValidationFailureRollbackMatrix/create-sandbox (0.00s)
    --- PASS: TestCreatePostValidationFailureRollbackMatrix/load-sandbox (0.00s)
    --- PASS: TestCreatePostValidationFailureRollbackMatrix/provision-network (0.00s)
    --- PASS: TestCreatePostValidationFailureRollbackMatrix/namespace-holder (0.00s)
    --- PASS: TestCreatePostValidationFailureRollbackMatrix/persist-recovery (0.00s)
    --- PASS: TestCreatePostValidationFailureRollbackMatrix/persist-create-event (0.01s)
=== RUN   TestExecRollsBackProcessOnAgentFailure
--- PASS: TestExecRollsBackProcessOnAgentFailure (0.00s)
=== RUN   TestExecCreationIntentReconcilesAmbiguousGuestMutation
=== RUN   TestExecCreationIntentReconcilesAmbiguousGuestMutation/lost_reply_confirms_created_owner
=== RUN   TestExecCreationIntentReconcilesAmbiguousGuestMutation/unavailable_state_and_cleanup_retain_durable_owner
=== RUN   TestExecCreationIntentReconcilesAmbiguousGuestMutation/confirmed_absence_removes_durable_intent
--- PASS: TestExecCreationIntentReconcilesAmbiguousGuestMutation (0.02s)
    --- PASS: TestExecCreationIntentReconcilesAmbiguousGuestMutation/lost_reply_confirms_created_owner (0.01s)
    --- PASS: TestExecCreationIntentReconcilesAmbiguousGuestMutation/unavailable_state_and_cleanup_retain_durable_owner (0.00s)
    --- PASS: TestExecCreationIntentReconcilesAmbiguousGuestMutation/confirmed_absence_removes_durable_intent (0.00s)
=== RUN   TestRecoveredCreatedExecRequiresExactGuestOwnership
=== RUN   TestRecoveredCreatedExecRequiresExactGuestOwnership/exact_created
=== RUN   TestRecoveredCreatedExecRequiresExactGuestOwnership/confirmed_absent
=== RUN   TestRecoveredCreatedExecRequiresExactGuestOwnership/wrong_identity
=== RUN   TestRecoveredCreatedExecRequiresExactGuestOwnership/running
=== RUN   TestRecoveredCreatedExecRequiresExactGuestOwnership/transport_unavailable
--- PASS: TestRecoveredCreatedExecRequiresExactGuestOwnership (0.00s)
    --- PASS: TestRecoveredCreatedExecRequiresExactGuestOwnership/exact_created (0.00s)
    --- PASS: TestRecoveredCreatedExecRequiresExactGuestOwnership/confirmed_absent (0.00s)
    --- PASS: TestRecoveredCreatedExecRequiresExactGuestOwnership/wrong_identity (0.00s)
    --- PASS: TestRecoveredCreatedExecRequiresExactGuestOwnership/running (0.00s)
    --- PASS: TestRecoveredCreatedExecRequiresExactGuestOwnership/transport_unavailable (0.00s)
=== RUN   TestExecRollbackRetainsOwnershipUntilGuestDeletion
=== RUN   TestExecRollbackRetainsOwnershipUntilGuestDeletion/deleted
=== RUN   TestExecRollbackRetainsOwnershipUntilGuestDeletion/already_absent
=== RUN   TestExecRollbackRetainsOwnershipUntilGuestDeletion/delete_failed
--- PASS: TestExecRollbackRetainsOwnershipUntilGuestDeletion (0.01s)
    --- PASS: TestExecRollbackRetainsOwnershipUntilGuestDeletion/deleted (0.00s)
    --- PASS: TestExecRollbackRetainsOwnershipUntilGuestDeletion/already_absent (0.00s)
    --- PASS: TestExecRollbackRetainsOwnershipUntilGuestDeletion/delete_failed (0.00s)
=== RUN   TestStartReturnsKillFailureAndRetainsMonitorAfterPersistenceFailure
--- PASS: TestStartReturnsKillFailureAndRetainsMonitorAfterPersistenceFailure (0.01s)
=== RUN   TestStartRejectsGuestPIDOutsideTaskRangeAndRetainsOwnership
--- PASS: TestStartRejectsGuestPIDOutsideTaskRangeAndRetainsOwnership (0.01s)
=== RUN   TestStartRejectsMismatchedGuestProcessStateAndRetainsOwnership
=== RUN   TestStartRejectsMismatchedGuestProcessStateAndRetainsOwnership/wrong_identity
=== RUN   TestStartRejectsMismatchedGuestProcessStateAndRetainsOwnership/created
--- PASS: TestStartRejectsMismatchedGuestProcessStateAndRetainsOwnership (0.02s)
    --- PASS: TestStartRejectsMismatchedGuestProcessStateAndRetainsOwnership/wrong_identity (0.01s)
    --- PASS: TestStartRejectsMismatchedGuestProcessStateAndRetainsOwnership/created (0.01s)
=== RUN   TestStartReconcilesAmbiguousGuestResultWithoutLosingOwnership
=== RUN   TestStartReconcilesAmbiguousGuestResultWithoutLosingOwnership/confirmed_created_remains_retryable
=== RUN   TestStartReconcilesAmbiguousGuestResultWithoutLosingOwnership/running_proves_start_applied
=== RUN   TestStartReconcilesAmbiguousGuestResultWithoutLosingOwnership/rapid_stop_proves_start_applied
=== RUN   TestStartReconcilesAmbiguousGuestResultWithoutLosingOwnership/lost_state_reply_reconnects
=== RUN   TestStartReconcilesAmbiguousGuestResultWithoutLosingOwnership/unresolved_transport_failure_retains_ownership
--- PASS: TestStartReconcilesAmbiguousGuestResultWithoutLosingOwnership (0.10s)
    --- PASS: TestStartReconcilesAmbiguousGuestResultWithoutLosingOwnership/confirmed_created_remains_retryable (0.00s)
    --- PASS: TestStartReconcilesAmbiguousGuestResultWithoutLosingOwnership/running_proves_start_applied (0.01s)
    --- PASS: TestStartReconcilesAmbiguousGuestResultWithoutLosingOwnership/rapid_stop_proves_start_applied (0.01s)
    --- PASS: TestStartReconcilesAmbiguousGuestResultWithoutLosingOwnership/lost_state_reply_reconnects (0.07s)
    --- PASS: TestStartReconcilesAmbiguousGuestResultWithoutLosingOwnership/unresolved_transport_failure_retains_ownership (0.01s)
=== RUN   TestEnsureGuestProcessCreatedReconcilesBeforeMutation
=== RUN   TestEnsureGuestProcessCreatedReconcilesBeforeMutation/absent_is_created
=== RUN   TestEnsureGuestProcessCreatedReconcilesBeforeMutation/create_rejection_is_returned
=== RUN   TestEnsureGuestProcessCreatedReconcilesBeforeMutation/existing_created_is_reused
=== RUN   TestEnsureGuestProcessCreatedReconcilesBeforeMutation/wrong_identity
=== RUN   TestEnsureGuestProcessCreatedReconcilesBeforeMutation/running_is_not_recreated
=== RUN   TestEnsureGuestProcessCreatedReconcilesBeforeMutation/created_with_pid_is_invalid
=== RUN   TestEnsureGuestProcessCreatedReconcilesBeforeMutation/transport_failure_is_not_absence
--- PASS: TestEnsureGuestProcessCreatedReconcilesBeforeMutation (0.00s)
    --- PASS: TestEnsureGuestProcessCreatedReconcilesBeforeMutation/absent_is_created (0.00s)
    --- PASS: TestEnsureGuestProcessCreatedReconcilesBeforeMutation/create_rejection_is_returned (0.00s)
    --- PASS: TestEnsureGuestProcessCreatedReconcilesBeforeMutation/existing_created_is_reused (0.00s)
    --- PASS: TestEnsureGuestProcessCreatedReconcilesBeforeMutation/wrong_identity (0.00s)
    --- PASS: TestEnsureGuestProcessCreatedReconcilesBeforeMutation/running_is_not_recreated (0.00s)
    --- PASS: TestEnsureGuestProcessCreatedReconcilesBeforeMutation/created_with_pid_is_invalid (0.00s)
    --- PASS: TestEnsureGuestProcessCreatedReconcilesBeforeMutation/transport_failure_is_not_absence (0.00s)
=== RUN   TestEnsureGuestProcessCreatedReconcilesLostReply
--- PASS: TestEnsureGuestProcessCreatedReconcilesLostReply (0.05s)
=== RUN   TestStartedProcessCleanupTreatsAuthenticatedAbsenceAsSuccess
--- PASS: TestStartedProcessCleanupTreatsAuthenticatedAbsenceAsSuccess (0.00s)
=== RUN   TestExecRejectsGuestUnrepresentableIDBeforeAgentContact
--- PASS: TestExecRejectsGuestUnrepresentableIDBeforeAgentContact (0.00s)
=== RUN   TestTaskStateGuardsRejectInvalidTransitionsBeforeAgentContact
--- PASS: TestTaskStateGuardsRejectInvalidTransitionsBeforeAgentContact (0.00s)
=== RUN   TestPreCancelledTaskMutationsPreserveStateAndAvoidGuestContact
=== RUN   TestPreCancelledTaskMutationsPreserveStateAndAvoidGuestContact/create
=== RUN   TestPreCancelledTaskMutationsPreserveStateAndAvoidGuestContact/start
=== RUN   TestPreCancelledTaskMutationsPreserveStateAndAvoidGuestContact/kill
=== RUN   TestPreCancelledTaskMutationsPreserveStateAndAvoidGuestContact/exec
=== RUN   TestPreCancelledTaskMutationsPreserveStateAndAvoidGuestContact/delete
=== RUN   TestPreCancelledTaskMutationsPreserveStateAndAvoidGuestContact/shutdown
=== RUN   TestPreCancelledTaskMutationsPreserveStateAndAvoidGuestContact/resize
=== RUN   TestPreCancelledTaskMutationsPreserveStateAndAvoidGuestContact/pause
=== RUN   TestPreCancelledTaskMutationsPreserveStateAndAvoidGuestContact/resume
=== RUN   TestPreCancelledTaskMutationsPreserveStateAndAvoidGuestContact/close-io
--- PASS: TestPreCancelledTaskMutationsPreserveStateAndAvoidGuestContact (0.00s)
    --- PASS: TestPreCancelledTaskMutationsPreserveStateAndAvoidGuestContact/create (0.00s)
    --- PASS: TestPreCancelledTaskMutationsPreserveStateAndAvoidGuestContact/start (0.00s)
    --- PASS: TestPreCancelledTaskMutationsPreserveStateAndAvoidGuestContact/kill (0.00s)
    --- PASS: TestPreCancelledTaskMutationsPreserveStateAndAvoidGuestContact/exec (0.00s)
    --- PASS: TestPreCancelledTaskMutationsPreserveStateAndAvoidGuestContact/delete (0.00s)
    --- PASS: TestPreCancelledTaskMutationsPreserveStateAndAvoidGuestContact/shutdown (0.00s)
    --- PASS: TestPreCancelledTaskMutationsPreserveStateAndAvoidGuestContact/resize (0.00s)
    --- PASS: TestPreCancelledTaskMutationsPreserveStateAndAvoidGuestContact/pause (0.00s)
    --- PASS: TestPreCancelledTaskMutationsPreserveStateAndAvoidGuestContact/resume (0.00s)
    --- PASS: TestPreCancelledTaskMutationsPreserveStateAndAvoidGuestContact/close-io (0.00s)
=== RUN   TestPreCancelledTaskReadsAndWaitAvoidGuestContact
=== RUN   TestPreCancelledTaskReadsAndWaitAvoidGuestContact/stats
=== RUN   TestPreCancelledTaskReadsAndWaitAvoidGuestContact/state
=== RUN   TestPreCancelledTaskReadsAndWaitAvoidGuestContact/wait
=== RUN   TestPreCancelledTaskReadsAndWaitAvoidGuestContact/pids
=== RUN   TestPreCancelledTaskReadsAndWaitAvoidGuestContact/connect
--- PASS: TestPreCancelledTaskReadsAndWaitAvoidGuestContact (0.00s)
    --- PASS: TestPreCancelledTaskReadsAndWaitAvoidGuestContact/stats (0.00s)
    --- PASS: TestPreCancelledTaskReadsAndWaitAvoidGuestContact/state (0.00s)
    --- PASS: TestPreCancelledTaskReadsAndWaitAvoidGuestContact/wait (0.00s)
    --- PASS: TestPreCancelledTaskReadsAndWaitAvoidGuestContact/pids (0.00s)
    --- PASS: TestPreCancelledTaskReadsAndWaitAvoidGuestContact/connect (0.00s)
=== RUN   TestTaskRPCsRejectNilAndMismatchedTaskIdentityBeforeMutation
=== RUN   TestTaskRPCsRejectNilAndMismatchedTaskIdentityBeforeMutation/Create
=== RUN   TestTaskRPCsRejectNilAndMismatchedTaskIdentityBeforeMutation/Create/mismatched
=== RUN   TestTaskRPCsRejectNilAndMismatchedTaskIdentityBeforeMutation/Create/nil
=== RUN   TestTaskRPCsRejectNilAndMismatchedTaskIdentityBeforeMutation/Start
=== RUN   TestTaskRPCsRejectNilAndMismatchedTaskIdentityBeforeMutation/Start/nil
=== RUN   TestTaskRPCsRejectNilAndMismatchedTaskIdentityBeforeMutation/Start/mismatched
=== RUN   TestTaskRPCsRejectNilAndMismatchedTaskIdentityBeforeMutation/State
=== RUN   TestTaskRPCsRejectNilAndMismatchedTaskIdentityBeforeMutation/State/nil
=== RUN   TestTaskRPCsRejectNilAndMismatchedTaskIdentityBeforeMutation/State/mismatched
=== RUN   TestTaskRPCsRejectNilAndMismatchedTaskIdentityBeforeMutation/Wait
=== RUN   TestTaskRPCsRejectNilAndMismatchedTaskIdentityBeforeMutation/Wait/nil
=== RUN   TestTaskRPCsRejectNilAndMismatchedTaskIdentityBeforeMutation/Wait/mismatched
=== RUN   TestTaskRPCsRejectNilAndMismatchedTaskIdentityBeforeMutation/Kill
=== RUN   TestTaskRPCsRejectNilAndMismatchedTaskIdentityBeforeMutation/Kill/nil
=== RUN   TestTaskRPCsRejectNilAndMismatchedTaskIdentityBeforeMutation/Kill/mismatched
=== RUN   TestTaskRPCsRejectNilAndMismatchedTaskIdentityBeforeMutation/Exec
=== RUN   TestTaskRPCsRejectNilAndMismatchedTaskIdentityBeforeMutation/Exec/nil
=== RUN   TestTaskRPCsRejectNilAndMismatchedTaskIdentityBeforeMutation/Exec/mismatched
=== RUN   TestTaskRPCsRejectNilAndMismatchedTaskIdentityBeforeMutation/Delete
=== RUN   TestTaskRPCsRejectNilAndMismatchedTaskIdentityBeforeMutation/Delete/nil
=== RUN   TestTaskRPCsRejectNilAndMismatchedTaskIdentityBeforeMutation/Delete/mismatched
=== RUN   TestTaskRPCsRejectNilAndMismatchedTaskIdentityBeforeMutation/Pids
=== RUN   TestTaskRPCsRejectNilAndMismatchedTaskIdentityBeforeMutation/Pids/nil
=== RUN   TestTaskRPCsRejectNilAndMismatchedTaskIdentityBeforeMutation/Pids/mismatched
=== RUN   TestTaskRPCsRejectNilAndMismatchedTaskIdentityBeforeMutation/Connect
=== RUN   TestTaskRPCsRejectNilAndMismatchedTaskIdentityBeforeMutation/Connect/nil
=== RUN   TestTaskRPCsRejectNilAndMismatchedTaskIdentityBeforeMutation/Connect/mismatched
=== RUN   TestTaskRPCsRejectNilAndMismatchedTaskIdentityBeforeMutation/Shutdown
=== RUN   TestTaskRPCsRejectNilAndMismatchedTaskIdentityBeforeMutation/Shutdown/nil
=== RUN   TestTaskRPCsRejectNilAndMismatchedTaskIdentityBeforeMutation/Shutdown/mismatched
=== RUN   TestTaskRPCsRejectNilAndMismatchedTaskIdentityBeforeMutation/ResizePty
=== RUN   TestTaskRPCsRejectNilAndMismatchedTaskIdentityBeforeMutation/ResizePty/nil
=== RUN   TestTaskRPCsRejectNilAndMismatchedTaskIdentityBeforeMutation/ResizePty/mismatched
=== RUN   TestTaskRPCsRejectNilAndMismatchedTaskIdentityBeforeMutation/Pause
=== RUN   TestTaskRPCsRejectNilAndMismatchedTaskIdentityBeforeMutation/Pause/mismatched
=== RUN   TestTaskRPCsRejectNilAndMismatchedTaskIdentityBeforeMutation/Pause/nil
=== RUN   TestTaskRPCsRejectNilAndMismatchedTaskIdentityBeforeMutation/Resume
=== RUN   TestTaskRPCsRejectNilAndMismatchedTaskIdentityBeforeMutation/Resume/nil
=== RUN   TestTaskRPCsRejectNilAndMismatchedTaskIdentityBeforeMutation/Resume/mismatched
=== RUN   TestTaskRPCsRejectNilAndMismatchedTaskIdentityBeforeMutation/CloseIO
=== RUN   TestTaskRPCsRejectNilAndMismatchedTaskIdentityBeforeMutation/CloseIO/nil
=== RUN   TestTaskRPCsRejectNilAndMismatchedTaskIdentityBeforeMutation/CloseIO/mismatched
=== RUN   TestTaskRPCsRejectNilAndMismatchedTaskIdentityBeforeMutation/Stats
=== RUN   TestTaskRPCsRejectNilAndMismatchedTaskIdentityBeforeMutation/Stats/nil
=== RUN   TestTaskRPCsRejectNilAndMismatchedTaskIdentityBeforeMutation/Stats/mismatched
--- PASS: TestTaskRPCsRejectNilAndMismatchedTaskIdentityBeforeMutation (0.01s)
    --- PASS: TestTaskRPCsRejectNilAndMismatchedTaskIdentityBeforeMutation/Create (0.00s)
        --- PASS: TestTaskRPCsRejectNilAndMismatchedTaskIdentityBeforeMutation/Create/mismatched (0.00s)
        --- PASS: TestTaskRPCsRejectNilAndMismatchedTaskIdentityBeforeMutation/Create/nil (0.00s)
    --- PASS: TestTaskRPCsRejectNilAndMismatchedTaskIdentityBeforeMutation/Start (0.00s)
        --- PASS: TestTaskRPCsRejectNilAndMismatchedTaskIdentityBeforeMutation/Start/nil (0.00s)
        --- PASS: TestTaskRPCsRejectNilAndMismatchedTaskIdentityBeforeMutation/Start/mismatched (0.00s)
    --- PASS: TestTaskRPCsRejectNilAndMismatchedTaskIdentityBeforeMutation/State (0.00s)
        --- PASS: TestTaskRPCsRejectNilAndMismatchedTaskIdentityBeforeMutation/State/nil (0.00s)
        --- PASS: TestTaskRPCsRejectNilAndMismatchedTaskIdentityBeforeMutation/State/mismatched (0.00s)
    --- PASS: TestTaskRPCsRejectNilAndMismatchedTaskIdentityBeforeMutation/Wait (0.00s)
        --- PASS: TestTaskRPCsRejectNilAndMismatchedTaskIdentityBeforeMutation/Wait/nil (0.00s)
        --- PASS: TestTaskRPCsRejectNilAndMismatchedTaskIdentityBeforeMutation/Wait/mismatched (0.00s)
    --- PASS: TestTaskRPCsRejectNilAndMismatchedTaskIdentityBeforeMutation/Kill (0.00s)
        --- PASS: TestTaskRPCsRejectNilAndMismatchedTaskIdentityBeforeMutation/Kill/nil (0.00s)
        --- PASS: TestTaskRPCsRejectNilAndMismatchedTaskIdentityBeforeMutation/Kill/mismatched (0.00s)
    --- PASS: TestTaskRPCsRejectNilAndMismatchedTaskIdentityBeforeMutation/Exec (0.00s)
        --- PASS: TestTaskRPCsRejectNilAndMismatchedTaskIdentityBeforeMutation/Exec/nil (0.00s)
        --- PASS: TestTaskRPCsRejectNilAndMismatchedTaskIdentityBeforeMutation/Exec/mismatched (0.00s)
    --- PASS: TestTaskRPCsRejectNilAndMismatchedTaskIdentityBeforeMutation/Delete (0.00s)
        --- PASS: TestTaskRPCsRejectNilAndMismatchedTaskIdentityBeforeMutation/Delete/nil (0.00s)
        --- PASS: TestTaskRPCsRejectNilAndMismatchedTaskIdentityBeforeMutation/Delete/mismatched (0.00s)
    --- PASS: TestTaskRPCsRejectNilAndMismatchedTaskIdentityBeforeMutation/Pids (0.00s)
        --- PASS: TestTaskRPCsRejectNilAndMismatchedTaskIdentityBeforeMutation/Pids/nil (0.00s)
        --- PASS: TestTaskRPCsRejectNilAndMismatchedTaskIdentityBeforeMutation/Pids/mismatched (0.00s)
    --- PASS: TestTaskRPCsRejectNilAndMismatchedTaskIdentityBeforeMutation/Connect (0.00s)
        --- PASS: TestTaskRPCsRejectNilAndMismatchedTaskIdentityBeforeMutation/Connect/nil (0.00s)
        --- PASS: TestTaskRPCsRejectNilAndMismatchedTaskIdentityBeforeMutation/Connect/mismatched (0.00s)
    --- PASS: TestTaskRPCsRejectNilAndMismatchedTaskIdentityBeforeMutation/Shutdown (0.00s)
        --- PASS: TestTaskRPCsRejectNilAndMismatchedTaskIdentityBeforeMutation/Shutdown/nil (0.00s)
        --- PASS: TestTaskRPCsRejectNilAndMismatchedTaskIdentityBeforeMutation/Shutdown/mismatched (0.00s)
    --- PASS: TestTaskRPCsRejectNilAndMismatchedTaskIdentityBeforeMutation/ResizePty (0.00s)
        --- PASS: TestTaskRPCsRejectNilAndMismatchedTaskIdentityBeforeMutation/ResizePty/nil (0.00s)
        --- PASS: TestTaskRPCsRejectNilAndMismatchedTaskIdentityBeforeMutation/ResizePty/mismatched (0.00s)
    --- PASS: TestTaskRPCsRejectNilAndMismatchedTaskIdentityBeforeMutation/Pause (0.00s)
        --- PASS: TestTaskRPCsRejectNilAndMismatchedTaskIdentityBeforeMutation/Pause/mismatched (0.00s)
        --- PASS: TestTaskRPCsRejectNilAndMismatchedTaskIdentityBeforeMutation/Pause/nil (0.00s)
    --- PASS: TestTaskRPCsRejectNilAndMismatchedTaskIdentityBeforeMutation/Resume (0.00s)
        --- PASS: TestTaskRPCsRejectNilAndMismatchedTaskIdentityBeforeMutation/Resume/nil (0.00s)
        --- PASS: TestTaskRPCsRejectNilAndMismatchedTaskIdentityBeforeMutation/Resume/mismatched (0.00s)
    --- PASS: TestTaskRPCsRejectNilAndMismatchedTaskIdentityBeforeMutation/CloseIO (0.00s)
        --- PASS: TestTaskRPCsRejectNilAndMismatchedTaskIdentityBeforeMutation/CloseIO/nil (0.00s)
        --- PASS: TestTaskRPCsRejectNilAndMismatchedTaskIdentityBeforeMutation/CloseIO/mismatched (0.00s)
    --- PASS: TestTaskRPCsRejectNilAndMismatchedTaskIdentityBeforeMutation/Stats (0.00s)
        --- PASS: TestTaskRPCsRejectNilAndMismatchedTaskIdentityBeforeMutation/Stats/nil (0.00s)
        --- PASS: TestTaskRPCsRejectNilAndMismatchedTaskIdentityBeforeMutation/Stats/mismatched (0.00s)
=== RUN   TestCancelCreateUsesExactOriginalIdentity
--- PASS: TestCancelCreateUsesExactOriginalIdentity (0.00s)
=== RUN   TestCreateAmbiguityCancellationRemovesPreparedArtifacts
--- PASS: TestCreateAmbiguityCancellationRemovesPreparedArtifacts (0.00s)
=== RUN   TestCreateRejectsOCIValidationBeforeAllocationOrArtifacts
--- PASS: TestCreateRejectsOCIValidationBeforeAllocationOrArtifacts (0.00s)
=== RUN   TestCreatePostValidationFailureRollbackMatrix
=== RUN   TestCreatePostValidationFailureRollbackMatrix/prepare-rootfs
=== RUN   TestCreatePostValidationFailureRollbackMatrix/runtime-handoff
=== RUN   TestCreatePostValidationFailureRollbackMatrix/token
=== RUN   TestCreatePostValidationFailureRollbackMatrix/create-sandbox
=== RUN   TestCreatePostValidationFailureRollbackMatrix/load-sandbox
=== RUN   TestCreatePostValidationFailureRollbackMatrix/provision-network
=== RUN   TestCreatePostValidationFailureRollbackMatrix/namespace-holder
=== RUN   TestCreatePostValidationFailureRollbackMatrix/persist-recovery
=== RUN   TestCreatePostValidationFailureRollbackMatrix/persist-create-event
--- PASS: TestCreatePostValidationFailureRollbackMatrix (0.02s)
    --- PASS: TestCreatePostValidationFailureRollbackMatrix/prepare-rootfs (0.00s)
    --- PASS: TestCreatePostValidationFailureRollbackMatrix/runtime-handoff (0.00s)
    --- PASS: TestCreatePostValidationFailureRollbackMatrix/token (0.00s)
    --- PASS: TestCreatePostValidationFailureRollbackMatrix/create-sandbox (0.00s)
    --- PASS: TestCreatePostValidationFailureRollbackMatrix/load-sandbox (0.00s)
    --- PASS: TestCreatePostValidationFailureRollbackMatrix/provision-network (0.00s)
    --- PASS: TestCreatePostValidationFailureRollbackMatrix/namespace-holder (0.00s)
    --- PASS: TestCreatePostValidationFailureRollbackMatrix/persist-recovery (0.00s)
    --- PASS: TestCreatePostValidationFailureRollbackMatrix/persist-create-event (0.01s)
=== RUN   TestExecRollsBackProcessOnAgentFailure
--- PASS: TestExecRollsBackProcessOnAgentFailure (0.00s)
=== RUN   TestExecCreationIntentReconcilesAmbiguousGuestMutation
=== RUN   TestExecCreationIntentReconcilesAmbiguousGuestMutation/lost_reply_confirms_created_owner
=== RUN   TestExecCreationIntentReconcilesAmbiguousGuestMutation/unavailable_state_and_cleanup_retain_durable_owner
=== RUN   TestExecCreationIntentReconcilesAmbiguousGuestMutation/confirmed_absence_removes_durable_intent
--- PASS: TestExecCreationIntentReconcilesAmbiguousGuestMutation (0.02s)
    --- PASS: TestExecCreationIntentReconcilesAmbiguousGuestMutation/lost_reply_confirms_created_owner (0.01s)
    --- PASS: TestExecCreationIntentReconcilesAmbiguousGuestMutation/unavailable_state_and_cleanup_retain_durable_owner (0.00s)
    --- PASS: TestExecCreationIntentReconcilesAmbiguousGuestMutation/confirmed_absence_removes_durable_intent (0.00s)
=== RUN   TestRecoveredCreatedExecRequiresExactGuestOwnership
=== RUN   TestRecoveredCreatedExecRequiresExactGuestOwnership/exact_created
=== RUN   TestRecoveredCreatedExecRequiresExactGuestOwnership/confirmed_absent
=== RUN   TestRecoveredCreatedExecRequiresExactGuestOwnership/wrong_identity
=== RUN   TestRecoveredCreatedExecRequiresExactGuestOwnership/running
=== RUN   TestRecoveredCreatedExecRequiresExactGuestOwnership/transport_unavailable
--- PASS: TestRecoveredCreatedExecRequiresExactGuestOwnership (0.00s)
    --- PASS: TestRecoveredCreatedExecRequiresExactGuestOwnership/exact_created (0.00s)
    --- PASS: TestRecoveredCreatedExecRequiresExactGuestOwnership/confirmed_absent (0.00s)
    --- PASS: TestRecoveredCreatedExecRequiresExactGuestOwnership/wrong_identity (0.00s)
    --- PASS: TestRecoveredCreatedExecRequiresExactGuestOwnership/running (0.00s)
    --- PASS: TestRecoveredCreatedExecRequiresExactGuestOwnership/transport_unavailable (0.00s)
=== RUN   TestExecRollbackRetainsOwnershipUntilGuestDeletion
=== RUN   TestExecRollbackRetainsOwnershipUntilGuestDeletion/deleted
=== RUN   TestExecRollbackRetainsOwnershipUntilGuestDeletion/already_absent
=== RUN   TestExecRollbackRetainsOwnershipUntilGuestDeletion/delete_failed
--- PASS: TestExecRollbackRetainsOwnershipUntilGuestDeletion (0.01s)
    --- PASS: TestExecRollbackRetainsOwnershipUntilGuestDeletion/deleted (0.00s)
    --- PASS: TestExecRollbackRetainsOwnershipUntilGuestDeletion/already_absent (0.00s)
    --- PASS: TestExecRollbackRetainsOwnershipUntilGuestDeletion/delete_failed (0.00s)
=== RUN   TestStartReturnsKillFailureAndRetainsMonitorAfterPersistenceFailure
--- PASS: TestStartReturnsKillFailureAndRetainsMonitorAfterPersistenceFailure (0.01s)
=== RUN   TestStartRejectsGuestPIDOutsideTaskRangeAndRetainsOwnership
--- PASS: TestStartRejectsGuestPIDOutsideTaskRangeAndRetainsOwnership (0.01s)
=== RUN   TestStartRejectsMismatchedGuestProcessStateAndRetainsOwnership
=== RUN   TestStartRejectsMismatchedGuestProcessStateAndRetainsOwnership/wrong_identity
=== RUN   TestStartRejectsMismatchedGuestProcessStateAndRetainsOwnership/created
--- PASS: TestStartRejectsMismatchedGuestProcessStateAndRetainsOwnership (0.02s)
    --- PASS: TestStartRejectsMismatchedGuestProcessStateAndRetainsOwnership/wrong_identity (0.01s)
    --- PASS: TestStartRejectsMismatchedGuestProcessStateAndRetainsOwnership/created (0.01s)
=== RUN   TestStartReconcilesAmbiguousGuestResultWithoutLosingOwnership
=== RUN   TestStartReconcilesAmbiguousGuestResultWithoutLosingOwnership/confirmed_created_remains_retryable
=== RUN   TestStartReconcilesAmbiguousGuestResultWithoutLosingOwnership/running_proves_start_applied
=== RUN   TestStartReconcilesAmbiguousGuestResultWithoutLosingOwnership/rapid_stop_proves_start_applied
=== RUN   TestStartReconcilesAmbiguousGuestResultWithoutLosingOwnership/lost_state_reply_reconnects
=== RUN   TestStartReconcilesAmbiguousGuestResultWithoutLosingOwnership/unresolved_transport_failure_retains_ownership
--- PASS: TestStartReconcilesAmbiguousGuestResultWithoutLosingOwnership (0.09s)
    --- PASS: TestStartReconcilesAmbiguousGuestResultWithoutLosingOwnership/confirmed_created_remains_retryable (0.00s)
    --- PASS: TestStartReconcilesAmbiguousGuestResultWithoutLosingOwnership/running_proves_start_applied (0.01s)
    --- PASS: TestStartReconcilesAmbiguousGuestResultWithoutLosingOwnership/rapid_stop_proves_start_applied (0.01s)
    --- PASS: TestStartReconcilesAmbiguousGuestResultWithoutLosingOwnership/lost_state_reply_reconnects (0.06s)
    --- PASS: TestStartReconcilesAmbiguousGuestResultWithoutLosingOwnership/unresolved_transport_failure_retains_ownership (0.01s)
=== RUN   TestEnsureGuestProcessCreatedReconcilesBeforeMutation
=== RUN   TestEnsureGuestProcessCreatedReconcilesBeforeMutation/absent_is_created
=== RUN   TestEnsureGuestProcessCreatedReconcilesBeforeMutation/create_rejection_is_returned
=== RUN   TestEnsureGuestProcessCreatedReconcilesBeforeMutation/existing_created_is_reused
=== RUN   TestEnsureGuestProcessCreatedReconcilesBeforeMutation/wrong_identity
=== RUN   TestEnsureGuestProcessCreatedReconcilesBeforeMutation/running_is_not_recreated
=== RUN   TestEnsureGuestProcessCreatedReconcilesBeforeMutation/created_with_pid_is_invalid
=== RUN   TestEnsureGuestProcessCreatedReconcilesBeforeMutation/transport_failure_is_not_absence
--- PASS: TestEnsureGuestProcessCreatedReconcilesBeforeMutation (0.00s)
    --- PASS: TestEnsureGuestProcessCreatedReconcilesBeforeMutation/absent_is_created (0.00s)
    --- PASS: TestEnsureGuestProcessCreatedReconcilesBeforeMutation/create_rejection_is_returned (0.00s)
    --- PASS: TestEnsureGuestProcessCreatedReconcilesBeforeMutation/existing_created_is_reused (0.00s)
    --- PASS: TestEnsureGuestProcessCreatedReconcilesBeforeMutation/wrong_identity (0.00s)
    --- PASS: TestEnsureGuestProcessCreatedReconcilesBeforeMutation/running_is_not_recreated (0.00s)
    --- PASS: TestEnsureGuestProcessCreatedReconcilesBeforeMutation/created_with_pid_is_invalid (0.00s)
    --- PASS: TestEnsureGuestProcessCreatedReconcilesBeforeMutation/transport_failure_is_not_absence (0.00s)
=== RUN   TestEnsureGuestProcessCreatedReconcilesLostReply
--- PASS: TestEnsureGuestProcessCreatedReconcilesLostReply (0.05s)
=== RUN   TestStartedProcessCleanupTreatsAuthenticatedAbsenceAsSuccess
--- PASS: TestStartedProcessCleanupTreatsAuthenticatedAbsenceAsSuccess (0.00s)
=== RUN   TestExecRejectsGuestUnrepresentableIDBeforeAgentContact
--- PASS: TestExecRejectsGuestUnrepresentableIDBeforeAgentContact (0.00s)
=== RUN   TestTaskStateGuardsRejectInvalidTransitionsBeforeAgentContact
--- PASS: TestTaskStateGuardsRejectInvalidTransitionsBeforeAgentContact (0.00s)
=== RUN   TestPreCancelledTaskMutationsPreserveStateAndAvoidGuestContact
=== RUN   TestPreCancelledTaskMutationsPreserveStateAndAvoidGuestContact/create
=== RUN   TestPreCancelledTaskMutationsPreserveStateAndAvoidGuestContact/start
=== RUN   TestPreCancelledTaskMutationsPreserveStateAndAvoidGuestContact/kill
=== RUN   TestPreCancelledTaskMutationsPreserveStateAndAvoidGuestContact/exec
=== RUN   TestPreCancelledTaskMutationsPreserveStateAndAvoidGuestContact/delete
=== RUN   TestPreCancelledTaskMutationsPreserveStateAndAvoidGuestContact/shutdown
=== RUN   TestPreCancelledTaskMutationsPreserveStateAndAvoidGuestContact/resize
=== RUN   TestPreCancelledTaskMutationsPreserveStateAndAvoidGuestContact/pause
=== RUN   TestPreCancelledTaskMutationsPreserveStateAndAvoidGuestContact/resume
=== RUN   TestPreCancelledTaskMutationsPreserveStateAndAvoidGuestContact/close-io
--- PASS: TestPreCancelledTaskMutationsPreserveStateAndAvoidGuestContact (0.00s)
    --- PASS: TestPreCancelledTaskMutationsPreserveStateAndAvoidGuestContact/create (0.00s)
    --- PASS: TestPreCancelledTaskMutationsPreserveStateAndAvoidGuestContact/start (0.00s)
    --- PASS: TestPreCancelledTaskMutationsPreserveStateAndAvoidGuestContact/kill (0.00s)
    --- PASS: TestPreCancelledTaskMutationsPreserveStateAndAvoidGuestContact/exec (0.00s)
    --- PASS: TestPreCancelledTaskMutationsPreserveStateAndAvoidGuestContact/delete (0.00s)
    --- PASS: TestPreCancelledTaskMutationsPreserveStateAndAvoidGuestContact/shutdown (0.00s)
    --- PASS: TestPreCancelledTaskMutationsPreserveStateAndAvoidGuestContact/resize (0.00s)
    --- PASS: TestPreCancelledTaskMutationsPreserveStateAndAvoidGuestContact/pause (0.00s)
    --- PASS: TestPreCancelledTaskMutationsPreserveStateAndAvoidGuestContact/resume (0.00s)
    --- PASS: TestPreCancelledTaskMutationsPreserveStateAndAvoidGuestContact/close-io (0.00s)
=== RUN   TestPreCancelledTaskReadsAndWaitAvoidGuestContact
=== RUN   TestPreCancelledTaskReadsAndWaitAvoidGuestContact/state
=== RUN   TestPreCancelledTaskReadsAndWaitAvoidGuestContact/wait
=== RUN   TestPreCancelledTaskReadsAndWaitAvoidGuestContact/pids
=== RUN   TestPreCancelledTaskReadsAndWaitAvoidGuestContact/connect
=== RUN   TestPreCancelledTaskReadsAndWaitAvoidGuestContact/stats
--- PASS: TestPreCancelledTaskReadsAndWaitAvoidGuestContact (0.00s)
    --- PASS: TestPreCancelledTaskReadsAndWaitAvoidGuestContact/state (0.00s)
    --- PASS: TestPreCancelledTaskReadsAndWaitAvoidGuestContact/wait (0.00s)
    --- PASS: TestPreCancelledTaskReadsAndWaitAvoidGuestContact/pids (0.00s)
    --- PASS: TestPreCancelledTaskReadsAndWaitAvoidGuestContact/connect (0.00s)
    --- PASS: TestPreCancelledTaskReadsAndWaitAvoidGuestContact/stats (0.00s)
=== RUN   TestTaskRPCsRejectNilAndMismatchedTaskIdentityBeforeMutation
=== RUN   TestTaskRPCsRejectNilAndMismatchedTaskIdentityBeforeMutation/Create
=== RUN   TestTaskRPCsRejectNilAndMismatchedTaskIdentityBeforeMutation/Create/mismatched
=== RUN   TestTaskRPCsRejectNilAndMismatchedTaskIdentityBeforeMutation/Create/nil
=== RUN   TestTaskRPCsRejectNilAndMismatchedTaskIdentityBeforeMutation/Start
=== RUN   TestTaskRPCsRejectNilAndMismatchedTaskIdentityBeforeMutation/Start/nil
=== RUN   TestTaskRPCsRejectNilAndMismatchedTaskIdentityBeforeMutation/Start/mismatched
=== RUN   TestTaskRPCsRejectNilAndMismatchedTaskIdentityBeforeMutation/State
=== RUN   TestTaskRPCsRejectNilAndMismatchedTaskIdentityBeforeMutation/State/nil
=== RUN   TestTaskRPCsRejectNilAndMismatchedTaskIdentityBeforeMutation/State/mismatched
=== RUN   TestTaskRPCsRejectNilAndMismatchedTaskIdentityBeforeMutation/Wait
=== RUN   TestTaskRPCsRejectNilAndMismatchedTaskIdentityBeforeMutation/Wait/nil
=== RUN   TestTaskRPCsRejectNilAndMismatchedTaskIdentityBeforeMutation/Wait/mismatched
=== RUN   TestTaskRPCsRejectNilAndMismatchedTaskIdentityBeforeMutation/Kill
=== RUN   TestTaskRPCsRejectNilAndMismatchedTaskIdentityBeforeMutation/Kill/nil
=== RUN   TestTaskRPCsRejectNilAndMismatchedTaskIdentityBeforeMutation/Kill/mismatched
=== RUN   TestTaskRPCsRejectNilAndMismatchedTaskIdentityBeforeMutation/Exec
=== RUN   TestTaskRPCsRejectNilAndMismatchedTaskIdentityBeforeMutation/Exec/nil
=== RUN   TestTaskRPCsRejectNilAndMismatchedTaskIdentityBeforeMutation/Exec/mismatched
=== RUN   TestTaskRPCsRejectNilAndMismatchedTaskIdentityBeforeMutation/Delete
=== RUN   TestTaskRPCsRejectNilAndMismatchedTaskIdentityBeforeMutation/Delete/nil
=== RUN   TestTaskRPCsRejectNilAndMismatchedTaskIdentityBeforeMutation/Delete/mismatched
=== RUN   TestTaskRPCsRejectNilAndMismatchedTaskIdentityBeforeMutation/Pids
=== RUN   TestTaskRPCsRejectNilAndMismatchedTaskIdentityBeforeMutation/Pids/nil
=== RUN   TestTaskRPCsRejectNilAndMismatchedTaskIdentityBeforeMutation/Pids/mismatched
=== RUN   TestTaskRPCsRejectNilAndMismatchedTaskIdentityBeforeMutation/Connect
=== RUN   TestTaskRPCsRejectNilAndMismatchedTaskIdentityBeforeMutation/Connect/nil
=== RUN   TestTaskRPCsRejectNilAndMismatchedTaskIdentityBeforeMutation/Connect/mismatched
=== RUN   TestTaskRPCsRejectNilAndMismatchedTaskIdentityBeforeMutation/Shutdown
=== RUN   TestTaskRPCsRejectNilAndMismatchedTaskIdentityBeforeMutation/Shutdown/nil
=== RUN   TestTaskRPCsRejectNilAndMismatchedTaskIdentityBeforeMutation/Shutdown/mismatched
=== RUN   TestTaskRPCsRejectNilAndMismatchedTaskIdentityBeforeMutation/ResizePty
=== RUN   TestTaskRPCsRejectNilAndMismatchedTaskIdentityBeforeMutation/ResizePty/nil
=== RUN   TestTaskRPCsRejectNilAndMismatchedTaskIdentityBeforeMutation/ResizePty/mismatched
=== RUN   TestTaskRPCsRejectNilAndMismatchedTaskIdentityBeforeMutation/Pause
=== RUN   TestTaskRPCsRejectNilAndMismatchedTaskIdentityBeforeMutation/Pause/nil
=== RUN   TestTaskRPCsRejectNilAndMismatchedTaskIdentityBeforeMutation/Pause/mismatched
=== RUN   TestTaskRPCsRejectNilAndMismatchedTaskIdentityBeforeMutation/Resume
=== RUN   TestTaskRPCsRejectNilAndMismatchedTaskIdentityBeforeMutation/Resume/nil
=== RUN   TestTaskRPCsRejectNilAndMismatchedTaskIdentityBeforeMutation/Resume/mismatched
=== RUN   TestTaskRPCsRejectNilAndMismatchedTaskIdentityBeforeMutation/CloseIO
=== RUN   TestTaskRPCsRejectNilAndMismatchedTaskIdentityBeforeMutation/CloseIO/nil
=== RUN   TestTaskRPCsRejectNilAndMismatchedTaskIdentityBeforeMutation/CloseIO/mismatched
=== RUN   TestTaskRPCsRejectNilAndMismatchedTaskIdentityBeforeMutation/Stats
=== RUN   TestTaskRPCsRejectNilAndMismatchedTaskIdentityBeforeMutation/Stats/nil
=== RUN   TestTaskRPCsRejectNilAndMismatchedTaskIdentityBeforeMutation/Stats/mismatched
--- PASS: TestTaskRPCsRejectNilAndMismatchedTaskIdentityBeforeMutation (0.01s)
    --- PASS: TestTaskRPCsRejectNilAndMismatchedTaskIdentityBeforeMutation/Create (0.00s)
        --- PASS: TestTaskRPCsRejectNilAndMismatchedTaskIdentityBeforeMutation/Create/mismatched (0.00s)
        --- PASS: TestTaskRPCsRejectNilAndMismatchedTaskIdentityBeforeMutation/Create/nil (0.00s)
    --- PASS: TestTaskRPCsRejectNilAndMismatchedTaskIdentityBeforeMutation/Start (0.00s)
        --- PASS: TestTaskRPCsRejectNilAndMismatchedTaskIdentityBeforeMutation/Start/nil (0.00s)
        --- PASS: TestTaskRPCsRejectNilAndMismatchedTaskIdentityBeforeMutation/Start/mismatched (0.00s)
    --- PASS: TestTaskRPCsRejectNilAndMismatchedTaskIdentityBeforeMutation/State (0.00s)
        --- PASS: TestTaskRPCsRejectNilAndMismatchedTaskIdentityBeforeMutation/State/nil (0.00s)
        --- PASS: TestTaskRPCsRejectNilAndMismatchedTaskIdentityBeforeMutation/State/mismatched (0.00s)
    --- PASS: TestTaskRPCsRejectNilAndMismatchedTaskIdentityBeforeMutation/Wait (0.00s)
        --- PASS: TestTaskRPCsRejectNilAndMismatchedTaskIdentityBeforeMutation/Wait/nil (0.00s)
        --- PASS: TestTaskRPCsRejectNilAndMismatchedTaskIdentityBeforeMutation/Wait/mismatched (0.00s)
    --- PASS: TestTaskRPCsRejectNilAndMismatchedTaskIdentityBeforeMutation/Kill (0.00s)
        --- PASS: TestTaskRPCsRejectNilAndMismatchedTaskIdentityBeforeMutation/Kill/nil (0.00s)
        --- PASS: TestTaskRPCsRejectNilAndMismatchedTaskIdentityBeforeMutation/Kill/mismatched (0.00s)
    --- PASS: TestTaskRPCsRejectNilAndMismatchedTaskIdentityBeforeMutation/Exec (0.00s)
        --- PASS: TestTaskRPCsRejectNilAndMismatchedTaskIdentityBeforeMutation/Exec/nil (0.00s)
        --- PASS: TestTaskRPCsRejectNilAndMismatchedTaskIdentityBeforeMutation/Exec/mismatched (0.00s)
    --- PASS: TestTaskRPCsRejectNilAndMismatchedTaskIdentityBeforeMutation/Delete (0.00s)
        --- PASS: TestTaskRPCsRejectNilAndMismatchedTaskIdentityBeforeMutation/Delete/nil (0.00s)
        --- PASS: TestTaskRPCsRejectNilAndMismatchedTaskIdentityBeforeMutation/Delete/mismatched (0.00s)
    --- PASS: TestTaskRPCsRejectNilAndMismatchedTaskIdentityBeforeMutation/Pids (0.00s)
        --- PASS: TestTaskRPCsRejectNilAndMismatchedTaskIdentityBeforeMutation/Pids/nil (0.00s)
        --- PASS: TestTaskRPCsRejectNilAndMismatchedTaskIdentityBeforeMutation/Pids/mismatched (0.00s)
    --- PASS: TestTaskRPCsRejectNilAndMismatchedTaskIdentityBeforeMutation/Connect (0.00s)
        --- PASS: TestTaskRPCsRejectNilAndMismatchedTaskIdentityBeforeMutation/Connect/nil (0.00s)
        --- PASS: TestTaskRPCsRejectNilAndMismatchedTaskIdentityBeforeMutation/Connect/mismatched (0.00s)
    --- PASS: TestTaskRPCsRejectNilAndMismatchedTaskIdentityBeforeMutation/Shutdown (0.00s)
        --- PASS: TestTaskRPCsRejectNilAndMismatchedTaskIdentityBeforeMutation/Shutdown/nil (0.00s)
        --- PASS: TestTaskRPCsRejectNilAndMismatchedTaskIdentityBeforeMutation/Shutdown/mismatched (0.00s)
    --- PASS: TestTaskRPCsRejectNilAndMismatchedTaskIdentityBeforeMutation/ResizePty (0.00s)
        --- PASS: TestTaskRPCsRejectNilAndMismatchedTaskIdentityBeforeMutation/ResizePty/nil (0.00s)
        --- PASS: TestTaskRPCsRejectNilAndMismatchedTaskIdentityBeforeMutation/ResizePty/mismatched (0.00s)
    --- PASS: TestTaskRPCsRejectNilAndMismatchedTaskIdentityBeforeMutation/Pause (0.00s)
        --- PASS: TestTaskRPCsRejectNilAndMismatchedTaskIdentityBeforeMutation/Pause/nil (0.00s)
        --- PASS: TestTaskRPCsRejectNilAndMismatchedTaskIdentityBeforeMutation/Pause/mismatched (0.00s)
    --- PASS: TestTaskRPCsRejectNilAndMismatchedTaskIdentityBeforeMutation/Resume (0.00s)
        --- PASS: TestTaskRPCsRejectNilAndMismatchedTaskIdentityBeforeMutation/Resume/nil (0.00s)
        --- PASS: TestTaskRPCsRejectNilAndMismatchedTaskIdentityBeforeMutation/Resume/mismatched (0.00s)
    --- PASS: TestTaskRPCsRejectNilAndMismatchedTaskIdentityBeforeMutation/CloseIO (0.00s)
        --- PASS: TestTaskRPCsRejectNilAndMismatchedTaskIdentityBeforeMutation/CloseIO/nil (0.00s)
        --- PASS: TestTaskRPCsRejectNilAndMismatchedTaskIdentityBeforeMutation/CloseIO/mismatched (0.00s)
    --- PASS: TestTaskRPCsRejectNilAndMismatchedTaskIdentityBeforeMutation/Stats (0.00s)
        --- PASS: TestTaskRPCsRejectNilAndMismatchedTaskIdentityBeforeMutation/Stats/nil (0.00s)
        --- PASS: TestTaskRPCsRejectNilAndMismatchedTaskIdentityBeforeMutation/Stats/mismatched (0.00s)
=== RUN   TestCancelCreateUsesExactOriginalIdentity
--- PASS: TestCancelCreateUsesExactOriginalIdentity (0.00s)
=== RUN   TestCreateAmbiguityCancellationRemovesPreparedArtifacts
--- PASS: TestCreateAmbiguityCancellationRemovesPreparedArtifacts (0.00s)
=== RUN   TestCreateRejectsOCIValidationBeforeAllocationOrArtifacts
--- PASS: TestCreateRejectsOCIValidationBeforeAllocationOrArtifacts (0.00s)
=== RUN   TestCreatePostValidationFailureRollbackMatrix
=== RUN   TestCreatePostValidationFailureRollbackMatrix/prepare-rootfs
=== RUN   TestCreatePostValidationFailureRollbackMatrix/runtime-handoff
=== RUN   TestCreatePostValidationFailureRollbackMatrix/token
=== RUN   TestCreatePostValidationFailureRollbackMatrix/create-sandbox
=== RUN   TestCreatePostValidationFailureRollbackMatrix/load-sandbox
=== RUN   TestCreatePostValidationFailureRollbackMatrix/provision-network
=== RUN   TestCreatePostValidationFailureRollbackMatrix/namespace-holder
=== RUN   TestCreatePostValidationFailureRollbackMatrix/persist-recovery
=== RUN   TestCreatePostValidationFailureRollbackMatrix/persist-create-event
--- PASS: TestCreatePostValidationFailureRollbackMatrix (0.02s)
    --- PASS: TestCreatePostValidationFailureRollbackMatrix/prepare-rootfs (0.00s)
    --- PASS: TestCreatePostValidationFailureRollbackMatrix/runtime-handoff (0.00s)
    --- PASS: TestCreatePostValidationFailureRollbackMatrix/token (0.00s)
    --- PASS: TestCreatePostValidationFailureRollbackMatrix/create-sandbox (0.00s)
    --- PASS: TestCreatePostValidationFailureRollbackMatrix/load-sandbox (0.00s)
    --- PASS: TestCreatePostValidationFailureRollbackMatrix/provision-network (0.00s)
    --- PASS: TestCreatePostValidationFailureRollbackMatrix/namespace-holder (0.00s)
    --- PASS: TestCreatePostValidationFailureRollbackMatrix/persist-recovery (0.00s)
    --- PASS: TestCreatePostValidationFailureRollbackMatrix/persist-create-event (0.00s)
=== RUN   TestExecRollsBackProcessOnAgentFailure
--- PASS: TestExecRollsBackProcessOnAgentFailure (0.00s)
=== RUN   TestExecCreationIntentReconcilesAmbiguousGuestMutation
=== RUN   TestExecCreationIntentReconcilesAmbiguousGuestMutation/lost_reply_confirms_created_owner
=== RUN   TestExecCreationIntentReconcilesAmbiguousGuestMutation/unavailable_state_and_cleanup_retain_durable_owner
=== RUN   TestExecCreationIntentReconcilesAmbiguousGuestMutation/confirmed_absence_removes_durable_intent
--- PASS: TestExecCreationIntentReconcilesAmbiguousGuestMutation (0.02s)
    --- PASS: TestExecCreationIntentReconcilesAmbiguousGuestMutation/lost_reply_confirms_created_owner (0.01s)
    --- PASS: TestExecCreationIntentReconcilesAmbiguousGuestMutation/unavailable_state_and_cleanup_retain_durable_owner (0.00s)
    --- PASS: TestExecCreationIntentReconcilesAmbiguousGuestMutation/confirmed_absence_removes_durable_intent (0.00s)
=== RUN   TestRecoveredCreatedExecRequiresExactGuestOwnership
=== RUN   TestRecoveredCreatedExecRequiresExactGuestOwnership/exact_created
=== RUN   TestRecoveredCreatedExecRequiresExactGuestOwnership/confirmed_absent
=== RUN   TestRecoveredCreatedExecRequiresExactGuestOwnership/wrong_identity
=== RUN   TestRecoveredCreatedExecRequiresExactGuestOwnership/running
=== RUN   TestRecoveredCreatedExecRequiresExactGuestOwnership/transport_unavailable
--- PASS: TestRecoveredCreatedExecRequiresExactGuestOwnership (0.01s)
    --- PASS: TestRecoveredCreatedExecRequiresExactGuestOwnership/exact_created (0.00s)
    --- PASS: TestRecoveredCreatedExecRequiresExactGuestOwnership/confirmed_absent (0.00s)
    --- PASS: TestRecoveredCreatedExecRequiresExactGuestOwnership/wrong_identity (0.00s)
    --- PASS: TestRecoveredCreatedExecRequiresExactGuestOwnership/running (0.00s)
    --- PASS: TestRecoveredCreatedExecRequiresExactGuestOwnership/transport_unavailable (0.00s)
=== RUN   TestExecRollbackRetainsOwnershipUntilGuestDeletion
=== RUN   TestExecRollbackRetainsOwnershipUntilGuestDeletion/deleted
=== RUN   TestExecRollbackRetainsOwnershipUntilGuestDeletion/already_absent
=== RUN   TestExecRollbackRetainsOwnershipUntilGuestDeletion/delete_failed
--- PASS: TestExecRollbackRetainsOwnershipUntilGuestDeletion (0.01s)
    --- PASS: TestExecRollbackRetainsOwnershipUntilGuestDeletion/deleted (0.00s)
    --- PASS: TestExecRollbackRetainsOwnershipUntilGuestDeletion/already_absent (0.00s)
    --- PASS: TestExecRollbackRetainsOwnershipUntilGuestDeletion/delete_failed (0.00s)
=== RUN   TestStartReturnsKillFailureAndRetainsMonitorAfterPersistenceFailure
--- PASS: TestStartReturnsKillFailureAndRetainsMonitorAfterPersistenceFailure (0.01s)
=== RUN   TestStartRejectsGuestPIDOutsideTaskRangeAndRetainsOwnership
--- PASS: TestStartRejectsGuestPIDOutsideTaskRangeAndRetainsOwnership (0.01s)
=== RUN   TestStartRejectsMismatchedGuestProcessStateAndRetainsOwnership
=== RUN   TestStartRejectsMismatchedGuestProcessStateAndRetainsOwnership/wrong_identity
=== RUN   TestStartRejectsMismatchedGuestProcessStateAndRetainsOwnership/created
--- PASS: TestStartRejectsMismatchedGuestProcessStateAndRetainsOwnership (0.02s)
    --- PASS: TestStartRejectsMismatchedGuestProcessStateAndRetainsOwnership/wrong_identity (0.01s)
    --- PASS: TestStartRejectsMismatchedGuestProcessStateAndRetainsOwnership/created (0.01s)
=== RUN   TestStartReconcilesAmbiguousGuestResultWithoutLosingOwnership
=== RUN   TestStartReconcilesAmbiguousGuestResultWithoutLosingOwnership/confirmed_created_remains_retryable
=== RUN   TestStartReconcilesAmbiguousGuestResultWithoutLosingOwnership/running_proves_start_applied
=== RUN   TestStartReconcilesAmbiguousGuestResultWithoutLosingOwnership/rapid_stop_proves_start_applied
=== RUN   TestStartReconcilesAmbiguousGuestResultWithoutLosingOwnership/lost_state_reply_reconnects
=== RUN   TestStartReconcilesAmbiguousGuestResultWithoutLosingOwnership/unresolved_transport_failure_retains_ownership
--- PASS: TestStartReconcilesAmbiguousGuestResultWithoutLosingOwnership (0.10s)
    --- PASS: TestStartReconcilesAmbiguousGuestResultWithoutLosingOwnership/confirmed_created_remains_retryable (0.00s)
    --- PASS: TestStartReconcilesAmbiguousGuestResultWithoutLosingOwnership/running_proves_start_applied (0.01s)
    --- PASS: TestStartReconcilesAmbiguousGuestResultWithoutLosingOwnership/rapid_stop_proves_start_applied (0.01s)
    --- PASS: TestStartReconcilesAmbiguousGuestResultWithoutLosingOwnership/lost_state_reply_reconnects (0.06s)
    --- PASS: TestStartReconcilesAmbiguousGuestResultWithoutLosingOwnership/unresolved_transport_failure_retains_ownership (0.01s)
=== RUN   TestEnsureGuestProcessCreatedReconcilesBeforeMutation
=== RUN   TestEnsureGuestProcessCreatedReconcilesBeforeMutation/absent_is_created
=== RUN   TestEnsureGuestProcessCreatedReconcilesBeforeMutation/create_rejection_is_returned
=== RUN   TestEnsureGuestProcessCreatedReconcilesBeforeMutation/existing_created_is_reused
=== RUN   TestEnsureGuestProcessCreatedReconcilesBeforeMutation/wrong_identity
=== RUN   TestEnsureGuestProcessCreatedReconcilesBeforeMutation/running_is_not_recreated
=== RUN   TestEnsureGuestProcessCreatedReconcilesBeforeMutation/created_with_pid_is_invalid
=== RUN   TestEnsureGuestProcessCreatedReconcilesBeforeMutation/transport_failure_is_not_absence
--- PASS: TestEnsureGuestProcessCreatedReconcilesBeforeMutation (0.00s)
    --- PASS: TestEnsureGuestProcessCreatedReconcilesBeforeMutation/absent_is_created (0.00s)
    --- PASS: TestEnsureGuestProcessCreatedReconcilesBeforeMutation/create_rejection_is_returned (0.00s)
    --- PASS: TestEnsureGuestProcessCreatedReconcilesBeforeMutation/existing_created_is_reused (0.00s)
    --- PASS: TestEnsureGuestProcessCreatedReconcilesBeforeMutation/wrong_identity (0.00s)
    --- PASS: TestEnsureGuestProcessCreatedReconcilesBeforeMutation/running_is_not_recreated (0.00s)
    --- PASS: TestEnsureGuestProcessCreatedReconcilesBeforeMutation/created_with_pid_is_invalid (0.00s)
    --- PASS: TestEnsureGuestProcessCreatedReconcilesBeforeMutation/transport_failure_is_not_absence (0.00s)
=== RUN   TestEnsureGuestProcessCreatedReconcilesLostReply
--- PASS: TestEnsureGuestProcessCreatedReconcilesLostReply (0.05s)
=== RUN   TestStartedProcessCleanupTreatsAuthenticatedAbsenceAsSuccess
--- PASS: TestStartedProcessCleanupTreatsAuthenticatedAbsenceAsSuccess (0.00s)
=== RUN   TestExecRejectsGuestUnrepresentableIDBeforeAgentContact
--- PASS: TestExecRejectsGuestUnrepresentableIDBeforeAgentContact (0.00s)
=== RUN   TestTaskStateGuardsRejectInvalidTransitionsBeforeAgentContact
--- PASS: TestTaskStateGuardsRejectInvalidTransitionsBeforeAgentContact (0.00s)
=== RUN   TestPreCancelledTaskMutationsPreserveStateAndAvoidGuestContact
=== RUN   TestPreCancelledTaskMutationsPreserveStateAndAvoidGuestContact/create
=== RUN   TestPreCancelledTaskMutationsPreserveStateAndAvoidGuestContact/start
=== RUN   TestPreCancelledTaskMutationsPreserveStateAndAvoidGuestContact/kill
=== RUN   TestPreCancelledTaskMutationsPreserveStateAndAvoidGuestContact/exec
=== RUN   TestPreCancelledTaskMutationsPreserveStateAndAvoidGuestContact/delete
=== RUN   TestPreCancelledTaskMutationsPreserveStateAndAvoidGuestContact/shutdown
=== RUN   TestPreCancelledTaskMutationsPreserveStateAndAvoidGuestContact/resize
=== RUN   TestPreCancelledTaskMutationsPreserveStateAndAvoidGuestContact/pause
=== RUN   TestPreCancelledTaskMutationsPreserveStateAndAvoidGuestContact/resume
=== RUN   TestPreCancelledTaskMutationsPreserveStateAndAvoidGuestContact/close-io
--- PASS: TestPreCancelledTaskMutationsPreserveStateAndAvoidGuestContact (0.00s)
    --- PASS: TestPreCancelledTaskMutationsPreserveStateAndAvoidGuestContact/create (0.00s)
    --- PASS: TestPreCancelledTaskMutationsPreserveStateAndAvoidGuestContact/start (0.00s)
    --- PASS: TestPreCancelledTaskMutationsPreserveStateAndAvoidGuestContact/kill (0.00s)
    --- PASS: TestPreCancelledTaskMutationsPreserveStateAndAvoidGuestContact/exec (0.00s)
    --- PASS: TestPreCancelledTaskMutationsPreserveStateAndAvoidGuestContact/delete (0.00s)
    --- PASS: TestPreCancelledTaskMutationsPreserveStateAndAvoidGuestContact/shutdown (0.00s)
    --- PASS: TestPreCancelledTaskMutationsPreserveStateAndAvoidGuestContact/resize (0.00s)
    --- PASS: TestPreCancelledTaskMutationsPreserveStateAndAvoidGuestContact/pause (0.00s)
    --- PASS: TestPreCancelledTaskMutationsPreserveStateAndAvoidGuestContact/resume (0.00s)
    --- PASS: TestPreCancelledTaskMutationsPreserveStateAndAvoidGuestContact/close-io (0.00s)
=== RUN   TestPreCancelledTaskReadsAndWaitAvoidGuestContact
=== RUN   TestPreCancelledTaskReadsAndWaitAvoidGuestContact/pids
=== RUN   TestPreCancelledTaskReadsAndWaitAvoidGuestContact/connect
=== RUN   TestPreCancelledTaskReadsAndWaitAvoidGuestContact/stats
=== RUN   TestPreCancelledTaskReadsAndWaitAvoidGuestContact/state
=== RUN   TestPreCancelledTaskReadsAndWaitAvoidGuestContact/wait
--- PASS: TestPreCancelledTaskReadsAndWaitAvoidGuestContact (0.00s)
    --- PASS: TestPreCancelledTaskReadsAndWaitAvoidGuestContact/pids (0.00s)
    --- PASS: TestPreCancelledTaskReadsAndWaitAvoidGuestContact/connect (0.00s)
    --- PASS: TestPreCancelledTaskReadsAndWaitAvoidGuestContact/stats (0.00s)
    --- PASS: TestPreCancelledTaskReadsAndWaitAvoidGuestContact/state (0.00s)
    --- PASS: TestPreCancelledTaskReadsAndWaitAvoidGuestContact/wait (0.00s)
=== RUN   TestTaskRPCsRejectNilAndMismatchedTaskIdentityBeforeMutation
=== RUN   TestTaskRPCsRejectNilAndMismatchedTaskIdentityBeforeMutation/Create
=== RUN   TestTaskRPCsRejectNilAndMismatchedTaskIdentityBeforeMutation/Create/nil
=== RUN   TestTaskRPCsRejectNilAndMismatchedTaskIdentityBeforeMutation/Create/mismatched
=== RUN   TestTaskRPCsRejectNilAndMismatchedTaskIdentityBeforeMutation/Start
=== RUN   TestTaskRPCsRejectNilAndMismatchedTaskIdentityBeforeMutation/Start/nil
=== RUN   TestTaskRPCsRejectNilAndMismatchedTaskIdentityBeforeMutation/Start/mismatched
=== RUN   TestTaskRPCsRejectNilAndMismatchedTaskIdentityBeforeMutation/State
=== RUN   TestTaskRPCsRejectNilAndMismatchedTaskIdentityBeforeMutation/State/nil
=== RUN   TestTaskRPCsRejectNilAndMismatchedTaskIdentityBeforeMutation/State/mismatched
=== RUN   TestTaskRPCsRejectNilAndMismatchedTaskIdentityBeforeMutation/Wait
=== RUN   TestTaskRPCsRejectNilAndMismatchedTaskIdentityBeforeMutation/Wait/nil
=== RUN   TestTaskRPCsRejectNilAndMismatchedTaskIdentityBeforeMutation/Wait/mismatched
=== RUN   TestTaskRPCsRejectNilAndMismatchedTaskIdentityBeforeMutation/Kill
=== RUN   TestTaskRPCsRejectNilAndMismatchedTaskIdentityBeforeMutation/Kill/mismatched
=== RUN   TestTaskRPCsRejectNilAndMismatchedTaskIdentityBeforeMutation/Kill/nil
=== RUN   TestTaskRPCsRejectNilAndMismatchedTaskIdentityBeforeMutation/Exec
=== RUN   TestTaskRPCsRejectNilAndMismatchedTaskIdentityBeforeMutation/Exec/mismatched
=== RUN   TestTaskRPCsRejectNilAndMismatchedTaskIdentityBeforeMutation/Exec/nil
=== RUN   TestTaskRPCsRejectNilAndMismatchedTaskIdentityBeforeMutation/Delete
=== RUN   TestTaskRPCsRejectNilAndMismatchedTaskIdentityBeforeMutation/Delete/nil
=== RUN   TestTaskRPCsRejectNilAndMismatchedTaskIdentityBeforeMutation/Delete/mismatched
=== RUN   TestTaskRPCsRejectNilAndMismatchedTaskIdentityBeforeMutation/Pids
=== RUN   TestTaskRPCsRejectNilAndMismatchedTaskIdentityBeforeMutation/Pids/nil
=== RUN   TestTaskRPCsRejectNilAndMismatchedTaskIdentityBeforeMutation/Pids/mismatched
=== RUN   TestTaskRPCsRejectNilAndMismatchedTaskIdentityBeforeMutation/Connect
=== RUN   TestTaskRPCsRejectNilAndMismatchedTaskIdentityBeforeMutation/Connect/mismatched
=== RUN   TestTaskRPCsRejectNilAndMismatchedTaskIdentityBeforeMutation/Connect/nil
=== RUN   TestTaskRPCsRejectNilAndMismatchedTaskIdentityBeforeMutation/Shutdown
=== RUN   TestTaskRPCsRejectNilAndMismatchedTaskIdentityBeforeMutation/Shutdown/nil
=== RUN   TestTaskRPCsRejectNilAndMismatchedTaskIdentityBeforeMutation/Shutdown/mismatched
=== RUN   TestTaskRPCsRejectNilAndMismatchedTaskIdentityBeforeMutation/ResizePty
=== RUN   TestTaskRPCsRejectNilAndMismatchedTaskIdentityBeforeMutation/ResizePty/nil
=== RUN   TestTaskRPCsRejectNilAndMismatchedTaskIdentityBeforeMutation/ResizePty/mismatched
=== RUN   TestTaskRPCsRejectNilAndMismatchedTaskIdentityBeforeMutation/Pause
=== RUN   TestTaskRPCsRejectNilAndMismatchedTaskIdentityBeforeMutation/Pause/mismatched
=== RUN   TestTaskRPCsRejectNilAndMismatchedTaskIdentityBeforeMutation/Pause/nil
=== RUN   TestTaskRPCsRejectNilAndMismatchedTaskIdentityBeforeMutation/Resume
=== RUN   TestTaskRPCsRejectNilAndMismatchedTaskIdentityBeforeMutation/Resume/nil
=== RUN   TestTaskRPCsRejectNilAndMismatchedTaskIdentityBeforeMutation/Resume/mismatched
=== RUN   TestTaskRPCsRejectNilAndMismatchedTaskIdentityBeforeMutation/CloseIO
=== RUN   TestTaskRPCsRejectNilAndMismatchedTaskIdentityBeforeMutation/CloseIO/nil
=== RUN   TestTaskRPCsRejectNilAndMismatchedTaskIdentityBeforeMutation/CloseIO/mismatched
=== RUN   TestTaskRPCsRejectNilAndMismatchedTaskIdentityBeforeMutation/Stats
=== RUN   TestTaskRPCsRejectNilAndMismatchedTaskIdentityBeforeMutation/Stats/nil
=== RUN   TestTaskRPCsRejectNilAndMismatchedTaskIdentityBeforeMutation/Stats/mismatched
--- PASS: TestTaskRPCsRejectNilAndMismatchedTaskIdentityBeforeMutation (0.01s)
    --- PASS: TestTaskRPCsRejectNilAndMismatchedTaskIdentityBeforeMutation/Create (0.00s)
        --- PASS: TestTaskRPCsRejectNilAndMismatchedTaskIdentityBeforeMutation/Create/nil (0.00s)
        --- PASS: TestTaskRPCsRejectNilAndMismatchedTaskIdentityBeforeMutation/Create/mismatched (0.00s)
    --- PASS: TestTaskRPCsRejectNilAndMismatchedTaskIdentityBeforeMutation/Start (0.00s)
        --- PASS: TestTaskRPCsRejectNilAndMismatchedTaskIdentityBeforeMutation/Start/nil (0.00s)
        --- PASS: TestTaskRPCsRejectNilAndMismatchedTaskIdentityBeforeMutation/Start/mismatched (0.00s)
    --- PASS: TestTaskRPCsRejectNilAndMismatchedTaskIdentityBeforeMutation/State (0.00s)
        --- PASS: TestTaskRPCsRejectNilAndMismatchedTaskIdentityBeforeMutation/State/nil (0.00s)
        --- PASS: TestTaskRPCsRejectNilAndMismatchedTaskIdentityBeforeMutation/State/mismatched (0.00s)
    --- PASS: TestTaskRPCsRejectNilAndMismatchedTaskIdentityBeforeMutation/Wait (0.00s)
        --- PASS: TestTaskRPCsRejectNilAndMismatchedTaskIdentityBeforeMutation/Wait/nil (0.00s)
        --- PASS: TestTaskRPCsRejectNilAndMismatchedTaskIdentityBeforeMutation/Wait/mismatched (0.00s)
    --- PASS: TestTaskRPCsRejectNilAndMismatchedTaskIdentityBeforeMutation/Kill (0.00s)
        --- PASS: TestTaskRPCsRejectNilAndMismatchedTaskIdentityBeforeMutation/Kill/mismatched (0.00s)
        --- PASS: TestTaskRPCsRejectNilAndMismatchedTaskIdentityBeforeMutation/Kill/nil (0.00s)
    --- PASS: TestTaskRPCsRejectNilAndMismatchedTaskIdentityBeforeMutation/Exec (0.00s)
        --- PASS: TestTaskRPCsRejectNilAndMismatchedTaskIdentityBeforeMutation/Exec/mismatched (0.00s)
        --- PASS: TestTaskRPCsRejectNilAndMismatchedTaskIdentityBeforeMutation/Exec/nil (0.00s)
    --- PASS: TestTaskRPCsRejectNilAndMismatchedTaskIdentityBeforeMutation/Delete (0.00s)
        --- PASS: TestTaskRPCsRejectNilAndMismatchedTaskIdentityBeforeMutation/Delete/nil (0.00s)
        --- PASS: TestTaskRPCsRejectNilAndMismatchedTaskIdentityBeforeMutation/Delete/mismatched (0.00s)
    --- PASS: TestTaskRPCsRejectNilAndMismatchedTaskIdentityBeforeMutation/Pids (0.00s)
        --- PASS: TestTaskRPCsRejectNilAndMismatchedTaskIdentityBeforeMutation/Pids/nil (0.00s)
        --- PASS: TestTaskRPCsRejectNilAndMismatchedTaskIdentityBeforeMutation/Pids/mismatched (0.00s)
    --- PASS: TestTaskRPCsRejectNilAndMismatchedTaskIdentityBeforeMutation/Connect (0.00s)
        --- PASS: TestTaskRPCsRejectNilAndMismatchedTaskIdentityBeforeMutation/Connect/mismatched (0.00s)
        --- PASS: TestTaskRPCsRejectNilAndMismatchedTaskIdentityBeforeMutation/Connect/nil (0.00s)
    --- PASS: TestTaskRPCsRejectNilAndMismatchedTaskIdentityBeforeMutation/Shutdown (0.00s)
        --- PASS: TestTaskRPCsRejectNilAndMismatchedTaskIdentityBeforeMutation/Shutdown/nil (0.00s)
        --- PASS: TestTaskRPCsRejectNilAndMismatchedTaskIdentityBeforeMutation/Shutdown/mismatched (0.00s)
    --- PASS: TestTaskRPCsRejectNilAndMismatchedTaskIdentityBeforeMutation/ResizePty (0.00s)
        --- PASS: TestTaskRPCsRejectNilAndMismatchedTaskIdentityBeforeMutation/ResizePty/nil (0.00s)
        --- PASS: TestTaskRPCsRejectNilAndMismatchedTaskIdentityBeforeMutation/ResizePty/mismatched (0.00s)
    --- PASS: TestTaskRPCsRejectNilAndMismatchedTaskIdentityBeforeMutation/Pause (0.00s)
        --- PASS: TestTaskRPCsRejectNilAndMismatchedTaskIdentityBeforeMutation/Pause/mismatched (0.00s)
        --- PASS: TestTaskRPCsRejectNilAndMismatchedTaskIdentityBeforeMutation/Pause/nil (0.00s)
    --- PASS: TestTaskRPCsRejectNilAndMismatchedTaskIdentityBeforeMutation/Resume (0.00s)
        --- PASS: TestTaskRPCsRejectNilAndMismatchedTaskIdentityBeforeMutation/Resume/nil (0.00s)
        --- PASS: TestTaskRPCsRejectNilAndMismatchedTaskIdentityBeforeMutation/Resume/mismatched (0.00s)
    --- PASS: TestTaskRPCsRejectNilAndMismatchedTaskIdentityBeforeMutation/CloseIO (0.00s)
        --- PASS: TestTaskRPCsRejectNilAndMismatchedTaskIdentityBeforeMutation/CloseIO/nil (0.00s)
        --- PASS: TestTaskRPCsRejectNilAndMismatchedTaskIdentityBeforeMutation/CloseIO/mismatched (0.00s)
    --- PASS: TestTaskRPCsRejectNilAndMismatchedTaskIdentityBeforeMutation/Stats (0.00s)
        --- PASS: TestTaskRPCsRejectNilAndMismatchedTaskIdentityBeforeMutation/Stats/nil (0.00s)
        --- PASS: TestTaskRPCsRejectNilAndMismatchedTaskIdentityBeforeMutation/Stats/mismatched (0.00s)
=== RUN   TestCancelCreateUsesExactOriginalIdentity
--- PASS: TestCancelCreateUsesExactOriginalIdentity (0.00s)
=== RUN   TestCreateAmbiguityCancellationRemovesPreparedArtifacts
--- PASS: TestCreateAmbiguityCancellationRemovesPreparedArtifacts (0.00s)
=== RUN   TestCreateRejectsOCIValidationBeforeAllocationOrArtifacts
--- PASS: TestCreateRejectsOCIValidationBeforeAllocationOrArtifacts (0.00s)
=== RUN   TestCreatePostValidationFailureRollbackMatrix
=== RUN   TestCreatePostValidationFailureRollbackMatrix/prepare-rootfs
=== RUN   TestCreatePostValidationFailureRollbackMatrix/runtime-handoff
=== RUN   TestCreatePostValidationFailureRollbackMatrix/token
=== RUN   TestCreatePostValidationFailureRollbackMatrix/create-sandbox
=== RUN   TestCreatePostValidationFailureRollbackMatrix/load-sandbox
=== RUN   TestCreatePostValidationFailureRollbackMatrix/provision-network
=== RUN   TestCreatePostValidationFailureRollbackMatrix/namespace-holder
=== RUN   TestCreatePostValidationFailureRollbackMatrix/persist-recovery
=== RUN   TestCreatePostValidationFailureRollbackMatrix/persist-create-event
--- PASS: TestCreatePostValidationFailureRollbackMatrix (0.03s)
    --- PASS: TestCreatePostValidationFailureRollbackMatrix/prepare-rootfs (0.00s)
    --- PASS: TestCreatePostValidationFailureRollbackMatrix/runtime-handoff (0.00s)
    --- PASS: TestCreatePostValidationFailureRollbackMatrix/token (0.00s)
    --- PASS: TestCreatePostValidationFailureRollbackMatrix/create-sandbox (0.00s)
    --- PASS: TestCreatePostValidationFailureRollbackMatrix/load-sandbox (0.00s)
    --- PASS: TestCreatePostValidationFailureRollbackMatrix/provision-network (0.00s)
    --- PASS: TestCreatePostValidationFailureRollbackMatrix/namespace-holder (0.00s)
    --- PASS: TestCreatePostValidationFailureRollbackMatrix/persist-recovery (0.00s)
    --- PASS: TestCreatePostValidationFailureRollbackMatrix/persist-create-event (0.01s)
=== RUN   TestExecRollsBackProcessOnAgentFailure
--- PASS: TestExecRollsBackProcessOnAgentFailure (0.00s)
=== RUN   TestExecCreationIntentReconcilesAmbiguousGuestMutation
=== RUN   TestExecCreationIntentReconcilesAmbiguousGuestMutation/lost_reply_confirms_created_owner
=== RUN   TestExecCreationIntentReconcilesAmbiguousGuestMutation/unavailable_state_and_cleanup_retain_durable_owner
=== RUN   TestExecCreationIntentReconcilesAmbiguousGuestMutation/confirmed_absence_removes_durable_intent
--- PASS: TestExecCreationIntentReconcilesAmbiguousGuestMutation (0.02s)
    --- PASS: TestExecCreationIntentReconcilesAmbiguousGuestMutation/lost_reply_confirms_created_owner (0.01s)
    --- PASS: TestExecCreationIntentReconcilesAmbiguousGuestMutation/unavailable_state_and_cleanup_retain_durable_owner (0.00s)
    --- PASS: TestExecCreationIntentReconcilesAmbiguousGuestMutation/confirmed_absence_removes_durable_intent (0.00s)
=== RUN   TestRecoveredCreatedExecRequiresExactGuestOwnership
=== RUN   TestRecoveredCreatedExecRequiresExactGuestOwnership/exact_created
=== RUN   TestRecoveredCreatedExecRequiresExactGuestOwnership/confirmed_absent
=== RUN   TestRecoveredCreatedExecRequiresExactGuestOwnership/wrong_identity
=== RUN   TestRecoveredCreatedExecRequiresExactGuestOwnership/running
=== RUN   TestRecoveredCreatedExecRequiresExactGuestOwnership/transport_unavailable
--- PASS: TestRecoveredCreatedExecRequiresExactGuestOwnership (0.00s)
    --- PASS: TestRecoveredCreatedExecRequiresExactGuestOwnership/exact_created (0.00s)
    --- PASS: TestRecoveredCreatedExecRequiresExactGuestOwnership/confirmed_absent (0.00s)
    --- PASS: TestRecoveredCreatedExecRequiresExactGuestOwnership/wrong_identity (0.00s)
    --- PASS: TestRecoveredCreatedExecRequiresExactGuestOwnership/running (0.00s)
    --- PASS: TestRecoveredCreatedExecRequiresExactGuestOwnership/transport_unavailable (0.00s)
=== RUN   TestExecRollbackRetainsOwnershipUntilGuestDeletion
=== RUN   TestExecRollbackRetainsOwnershipUntilGuestDeletion/deleted
=== RUN   TestExecRollbackRetainsOwnershipUntilGuestDeletion/already_absent
=== RUN   TestExecRollbackRetainsOwnershipUntilGuestDeletion/delete_failed
--- PASS: TestExecRollbackRetainsOwnershipUntilGuestDeletion (0.01s)
    --- PASS: TestExecRollbackRetainsOwnershipUntilGuestDeletion/deleted (0.00s)
    --- PASS: TestExecRollbackRetainsOwnershipUntilGuestDeletion/already_absent (0.00s)
    --- PASS: TestExecRollbackRetainsOwnershipUntilGuestDeletion/delete_failed (0.00s)
=== RUN   TestStartReturnsKillFailureAndRetainsMonitorAfterPersistenceFailure
--- PASS: TestStartReturnsKillFailureAndRetainsMonitorAfterPersistenceFailure (0.01s)
=== RUN   TestStartRejectsGuestPIDOutsideTaskRangeAndRetainsOwnership
--- PASS: TestStartRejectsGuestPIDOutsideTaskRangeAndRetainsOwnership (0.01s)
=== RUN   TestStartRejectsMismatchedGuestProcessStateAndRetainsOwnership
=== RUN   TestStartRejectsMismatchedGuestProcessStateAndRetainsOwnership/wrong_identity
=== RUN   TestStartRejectsMismatchedGuestProcessStateAndRetainsOwnership/created
--- PASS: TestStartRejectsMismatchedGuestProcessStateAndRetainsOwnership (0.02s)
    --- PASS: TestStartRejectsMismatchedGuestProcessStateAndRetainsOwnership/wrong_identity (0.01s)
    --- PASS: TestStartRejectsMismatchedGuestProcessStateAndRetainsOwnership/created (0.01s)
=== RUN   TestStartReconcilesAmbiguousGuestResultWithoutLosingOwnership
=== RUN   TestStartReconcilesAmbiguousGuestResultWithoutLosingOwnership/confirmed_created_remains_retryable
=== RUN   TestStartReconcilesAmbiguousGuestResultWithoutLosingOwnership/running_proves_start_applied
=== RUN   TestStartReconcilesAmbiguousGuestResultWithoutLosingOwnership/rapid_stop_proves_start_applied
=== RUN   TestStartReconcilesAmbiguousGuestResultWithoutLosingOwnership/lost_state_reply_reconnects
=== RUN   TestStartReconcilesAmbiguousGuestResultWithoutLosingOwnership/unresolved_transport_failure_retains_ownership
--- PASS: TestStartReconcilesAmbiguousGuestResultWithoutLosingOwnership (0.09s)
    --- PASS: TestStartReconcilesAmbiguousGuestResultWithoutLosingOwnership/confirmed_created_remains_retryable (0.00s)
    --- PASS: TestStartReconcilesAmbiguousGuestResultWithoutLosingOwnership/running_proves_start_applied (0.01s)
    --- PASS: TestStartReconcilesAmbiguousGuestResultWithoutLosingOwnership/rapid_stop_proves_start_applied (0.01s)
    --- PASS: TestStartReconcilesAmbiguousGuestResultWithoutLosingOwnership/lost_state_reply_reconnects (0.06s)
    --- PASS: TestStartReconcilesAmbiguousGuestResultWithoutLosingOwnership/unresolved_transport_failure_retains_ownership (0.01s)
=== RUN   TestEnsureGuestProcessCreatedReconcilesBeforeMutation
=== RUN   TestEnsureGuestProcessCreatedReconcilesBeforeMutation/absent_is_created
=== RUN   TestEnsureGuestProcessCreatedReconcilesBeforeMutation/create_rejection_is_returned
=== RUN   TestEnsureGuestProcessCreatedReconcilesBeforeMutation/existing_created_is_reused
=== RUN   TestEnsureGuestProcessCreatedReconcilesBeforeMutation/wrong_identity
=== RUN   TestEnsureGuestProcessCreatedReconcilesBeforeMutation/running_is_not_recreated
=== RUN   TestEnsureGuestProcessCreatedReconcilesBeforeMutation/created_with_pid_is_invalid
=== RUN   TestEnsureGuestProcessCreatedReconcilesBeforeMutation/transport_failure_is_not_absence
--- PASS: TestEnsureGuestProcessCreatedReconcilesBeforeMutation (0.00s)
    --- PASS: TestEnsureGuestProcessCreatedReconcilesBeforeMutation/absent_is_created (0.00s)
    --- PASS: TestEnsureGuestProcessCreatedReconcilesBeforeMutation/create_rejection_is_returned (0.00s)
    --- PASS: TestEnsureGuestProcessCreatedReconcilesBeforeMutation/existing_created_is_reused (0.00s)
    --- PASS: TestEnsureGuestProcessCreatedReconcilesBeforeMutation/wrong_identity (0.00s)
    --- PASS: TestEnsureGuestProcessCreatedReconcilesBeforeMutation/running_is_not_recreated (0.00s)
    --- PASS: TestEnsureGuestProcessCreatedReconcilesBeforeMutation/created_with_pid_is_invalid (0.00s)
    --- PASS: TestEnsureGuestProcessCreatedReconcilesBeforeMutation/transport_failure_is_not_absence (0.00s)
=== RUN   TestEnsureGuestProcessCreatedReconcilesLostReply
--- PASS: TestEnsureGuestProcessCreatedReconcilesLostReply (0.05s)
=== RUN   TestStartedProcessCleanupTreatsAuthenticatedAbsenceAsSuccess
--- PASS: TestStartedProcessCleanupTreatsAuthenticatedAbsenceAsSuccess (0.00s)
=== RUN   TestExecRejectsGuestUnrepresentableIDBeforeAgentContact
--- PASS: TestExecRejectsGuestUnrepresentableIDBeforeAgentContact (0.00s)
=== RUN   TestTaskStateGuardsRejectInvalidTransitionsBeforeAgentContact
--- PASS: TestTaskStateGuardsRejectInvalidTransitionsBeforeAgentContact (0.00s)
=== RUN   TestPreCancelledTaskMutationsPreserveStateAndAvoidGuestContact
=== RUN   TestPreCancelledTaskMutationsPreserveStateAndAvoidGuestContact/create
=== RUN   TestPreCancelledTaskMutationsPreserveStateAndAvoidGuestContact/start
=== RUN   TestPreCancelledTaskMutationsPreserveStateAndAvoidGuestContact/kill
=== RUN   TestPreCancelledTaskMutationsPreserveStateAndAvoidGuestContact/exec
=== RUN   TestPreCancelledTaskMutationsPreserveStateAndAvoidGuestContact/delete
=== RUN   TestPreCancelledTaskMutationsPreserveStateAndAvoidGuestContact/shutdown
=== RUN   TestPreCancelledTaskMutationsPreserveStateAndAvoidGuestContact/resize
=== RUN   TestPreCancelledTaskMutationsPreserveStateAndAvoidGuestContact/pause
=== RUN   TestPreCancelledTaskMutationsPreserveStateAndAvoidGuestContact/resume
=== RUN   TestPreCancelledTaskMutationsPreserveStateAndAvoidGuestContact/close-io
--- PASS: TestPreCancelledTaskMutationsPreserveStateAndAvoidGuestContact (0.00s)
    --- PASS: TestPreCancelledTaskMutationsPreserveStateAndAvoidGuestContact/create (0.00s)
    --- PASS: TestPreCancelledTaskMutationsPreserveStateAndAvoidGuestContact/start (0.00s)
    --- PASS: TestPreCancelledTaskMutationsPreserveStateAndAvoidGuestContact/kill (0.00s)
    --- PASS: TestPreCancelledTaskMutationsPreserveStateAndAvoidGuestContact/exec (0.00s)
    --- PASS: TestPreCancelledTaskMutationsPreserveStateAndAvoidGuestContact/delete (0.00s)
    --- PASS: TestPreCancelledTaskMutationsPreserveStateAndAvoidGuestContact/shutdown (0.00s)
    --- PASS: TestPreCancelledTaskMutationsPreserveStateAndAvoidGuestContact/resize (0.00s)
    --- PASS: TestPreCancelledTaskMutationsPreserveStateAndAvoidGuestContact/pause (0.00s)
    --- PASS: TestPreCancelledTaskMutationsPreserveStateAndAvoidGuestContact/resume (0.00s)
    --- PASS: TestPreCancelledTaskMutationsPreserveStateAndAvoidGuestContact/close-io (0.00s)
=== RUN   TestPreCancelledTaskReadsAndWaitAvoidGuestContact
=== RUN   TestPreCancelledTaskReadsAndWaitAvoidGuestContact/state
=== RUN   TestPreCancelledTaskReadsAndWaitAvoidGuestContact/wait
=== RUN   TestPreCancelledTaskReadsAndWaitAvoidGuestContact/pids
=== RUN   TestPreCancelledTaskReadsAndWaitAvoidGuestContact/connect
=== RUN   TestPreCancelledTaskReadsAndWaitAvoidGuestContact/stats
--- PASS: TestPreCancelledTaskReadsAndWaitAvoidGuestContact (0.00s)
    --- PASS: TestPreCancelledTaskReadsAndWaitAvoidGuestContact/state (0.00s)
    --- PASS: TestPreCancelledTaskReadsAndWaitAvoidGuestContact/wait (0.00s)
    --- PASS: TestPreCancelledTaskReadsAndWaitAvoidGuestContact/pids (0.00s)
    --- PASS: TestPreCancelledTaskReadsAndWaitAvoidGuestContact/connect (0.00s)
    --- PASS: TestPreCancelledTaskReadsAndWaitAvoidGuestContact/stats (0.00s)
=== RUN   TestTaskRPCsRejectNilAndMismatchedTaskIdentityBeforeMutation
=== RUN   TestTaskRPCsRejectNilAndMismatchedTaskIdentityBeforeMutation/Create
=== RUN   TestTaskRPCsRejectNilAndMismatchedTaskIdentityBeforeMutation/Create/nil
=== RUN   TestTaskRPCsRejectNilAndMismatchedTaskIdentityBeforeMutation/Create/mismatched
=== RUN   TestTaskRPCsRejectNilAndMismatchedTaskIdentityBeforeMutation/Start
=== RUN   TestTaskRPCsRejectNilAndMismatchedTaskIdentityBeforeMutation/Start/nil
=== RUN   TestTaskRPCsRejectNilAndMismatchedTaskIdentityBeforeMutation/Start/mismatched
=== RUN   TestTaskRPCsRejectNilAndMismatchedTaskIdentityBeforeMutation/State
=== RUN   TestTaskRPCsRejectNilAndMismatchedTaskIdentityBeforeMutation/State/nil
=== RUN   TestTaskRPCsRejectNilAndMismatchedTaskIdentityBeforeMutation/State/mismatched
=== RUN   TestTaskRPCsRejectNilAndMismatchedTaskIdentityBeforeMutation/Wait
=== RUN   TestTaskRPCsRejectNilAndMismatchedTaskIdentityBeforeMutation/Wait/nil
=== RUN   TestTaskRPCsRejectNilAndMismatchedTaskIdentityBeforeMutation/Wait/mismatched
=== RUN   TestTaskRPCsRejectNilAndMismatchedTaskIdentityBeforeMutation/Kill
=== RUN   TestTaskRPCsRejectNilAndMismatchedTaskIdentityBeforeMutation/Kill/nil
=== RUN   TestTaskRPCsRejectNilAndMismatchedTaskIdentityBeforeMutation/Kill/mismatched
=== RUN   TestTaskRPCsRejectNilAndMismatchedTaskIdentityBeforeMutation/Exec
=== RUN   TestTaskRPCsRejectNilAndMismatchedTaskIdentityBeforeMutation/Exec/nil
=== RUN   TestTaskRPCsRejectNilAndMismatchedTaskIdentityBeforeMutation/Exec/mismatched
=== RUN   TestTaskRPCsRejectNilAndMismatchedTaskIdentityBeforeMutation/Delete
=== RUN   TestTaskRPCsRejectNilAndMismatchedTaskIdentityBeforeMutation/Delete/nil
=== RUN   TestTaskRPCsRejectNilAndMismatchedTaskIdentityBeforeMutation/Delete/mismatched
=== RUN   TestTaskRPCsRejectNilAndMismatchedTaskIdentityBeforeMutation/Pids
=== RUN   TestTaskRPCsRejectNilAndMismatchedTaskIdentityBeforeMutation/Pids/nil
=== RUN   TestTaskRPCsRejectNilAndMismatchedTaskIdentityBeforeMutation/Pids/mismatched
=== RUN   TestTaskRPCsRejectNilAndMismatchedTaskIdentityBeforeMutation/Connect
=== RUN   TestTaskRPCsRejectNilAndMismatchedTaskIdentityBeforeMutation/Connect/nil
=== RUN   TestTaskRPCsRejectNilAndMismatchedTaskIdentityBeforeMutation/Connect/mismatched
=== RUN   TestTaskRPCsRejectNilAndMismatchedTaskIdentityBeforeMutation/Shutdown
=== RUN   TestTaskRPCsRejectNilAndMismatchedTaskIdentityBeforeMutation/Shutdown/nil
=== RUN   TestTaskRPCsRejectNilAndMismatchedTaskIdentityBeforeMutation/Shutdown/mismatched
=== RUN   TestTaskRPCsRejectNilAndMismatchedTaskIdentityBeforeMutation/ResizePty
=== RUN   TestTaskRPCsRejectNilAndMismatchedTaskIdentityBeforeMutation/ResizePty/nil
=== RUN   TestTaskRPCsRejectNilAndMismatchedTaskIdentityBeforeMutation/ResizePty/mismatched
=== RUN   TestTaskRPCsRejectNilAndMismatchedTaskIdentityBeforeMutation/Pause
=== RUN   TestTaskRPCsRejectNilAndMismatchedTaskIdentityBeforeMutation/Pause/nil
=== RUN   TestTaskRPCsRejectNilAndMismatchedTaskIdentityBeforeMutation/Pause/mismatched
=== RUN   TestTaskRPCsRejectNilAndMismatchedTaskIdentityBeforeMutation/Resume
=== RUN   TestTaskRPCsRejectNilAndMismatchedTaskIdentityBeforeMutation/Resume/nil
=== RUN   TestTaskRPCsRejectNilAndMismatchedTaskIdentityBeforeMutation/Resume/mismatched
=== RUN   TestTaskRPCsRejectNilAndMismatchedTaskIdentityBeforeMutation/CloseIO
=== RUN   TestTaskRPCsRejectNilAndMismatchedTaskIdentityBeforeMutation/CloseIO/nil
=== RUN   TestTaskRPCsRejectNilAndMismatchedTaskIdentityBeforeMutation/CloseIO/mismatched
=== RUN   TestTaskRPCsRejectNilAndMismatchedTaskIdentityBeforeMutation/Stats
=== RUN   TestTaskRPCsRejectNilAndMismatchedTaskIdentityBeforeMutation/Stats/nil
=== RUN   TestTaskRPCsRejectNilAndMismatchedTaskIdentityBeforeMutation/Stats/mismatched
--- PASS: TestTaskRPCsRejectNilAndMismatchedTaskIdentityBeforeMutation (0.01s)
    --- PASS: TestTaskRPCsRejectNilAndMismatchedTaskIdentityBeforeMutation/Create (0.00s)
        --- PASS: TestTaskRPCsRejectNilAndMismatchedTaskIdentityBeforeMutation/Create/nil (0.00s)
        --- PASS: TestTaskRPCsRejectNilAndMismatchedTaskIdentityBeforeMutation/Create/mismatched (0.00s)
    --- PASS: TestTaskRPCsRejectNilAndMismatchedTaskIdentityBeforeMutation/Start (0.00s)
        --- PASS: TestTaskRPCsRejectNilAndMismatchedTaskIdentityBeforeMutation/Start/nil (0.00s)
        --- PASS: TestTaskRPCsRejectNilAndMismatchedTaskIdentityBeforeMutation/Start/mismatched (0.00s)
    --- PASS: TestTaskRPCsRejectNilAndMismatchedTaskIdentityBeforeMutation/State (0.00s)
        --- PASS: TestTaskRPCsRejectNilAndMismatchedTaskIdentityBeforeMutation/State/nil (0.00s)
        --- PASS: TestTaskRPCsRejectNilAndMismatchedTaskIdentityBeforeMutation/State/mismatched (0.00s)
    --- PASS: TestTaskRPCsRejectNilAndMismatchedTaskIdentityBeforeMutation/Wait (0.00s)
        --- PASS: TestTaskRPCsRejectNilAndMismatchedTaskIdentityBeforeMutation/Wait/nil (0.00s)
        --- PASS: TestTaskRPCsRejectNilAndMismatchedTaskIdentityBeforeMutation/Wait/mismatched (0.00s)
    --- PASS: TestTaskRPCsRejectNilAndMismatchedTaskIdentityBeforeMutation/Kill (0.00s)
        --- PASS: TestTaskRPCsRejectNilAndMismatchedTaskIdentityBeforeMutation/Kill/nil (0.00s)
        --- PASS: TestTaskRPCsRejectNilAndMismatchedTaskIdentityBeforeMutation/Kill/mismatched (0.00s)
    --- PASS: TestTaskRPCsRejectNilAndMismatchedTaskIdentityBeforeMutation/Exec (0.00s)
        --- PASS: TestTaskRPCsRejectNilAndMismatchedTaskIdentityBeforeMutation/Exec/nil (0.00s)
        --- PASS: TestTaskRPCsRejectNilAndMismatchedTaskIdentityBeforeMutation/Exec/mismatched (0.00s)
    --- PASS: TestTaskRPCsRejectNilAndMismatchedTaskIdentityBeforeMutation/Delete (0.00s)
        --- PASS: TestTaskRPCsRejectNilAndMismatchedTaskIdentityBeforeMutation/Delete/nil (0.00s)
        --- PASS: TestTaskRPCsRejectNilAndMismatchedTaskIdentityBeforeMutation/Delete/mismatched (0.00s)
    --- PASS: TestTaskRPCsRejectNilAndMismatchedTaskIdentityBeforeMutation/Pids (0.00s)
        --- PASS: TestTaskRPCsRejectNilAndMismatchedTaskIdentityBeforeMutation/Pids/nil (0.00s)
        --- PASS: TestTaskRPCsRejectNilAndMismatchedTaskIdentityBeforeMutation/Pids/mismatched (0.00s)
    --- PASS: TestTaskRPCsRejectNilAndMismatchedTaskIdentityBeforeMutation/Connect (0.00s)
        --- PASS: TestTaskRPCsRejectNilAndMismatchedTaskIdentityBeforeMutation/Connect/nil (0.00s)
        --- PASS: TestTaskRPCsRejectNilAndMismatchedTaskIdentityBeforeMutation/Connect/mismatched (0.00s)
    --- PASS: TestTaskRPCsRejectNilAndMismatchedTaskIdentityBeforeMutation/Shutdown (0.00s)
        --- PASS: TestTaskRPCsRejectNilAndMismatchedTaskIdentityBeforeMutation/Shutdown/nil (0.00s)
        --- PASS: TestTaskRPCsRejectNilAndMismatchedTaskIdentityBeforeMutation/Shutdown/mismatched (0.00s)
    --- PASS: TestTaskRPCsRejectNilAndMismatchedTaskIdentityBeforeMutation/ResizePty (0.00s)
        --- PASS: TestTaskRPCsRejectNilAndMismatchedTaskIdentityBeforeMutation/ResizePty/nil (0.00s)
        --- PASS: TestTaskRPCsRejectNilAndMismatchedTaskIdentityBeforeMutation/ResizePty/mismatched (0.00s)
    --- PASS: TestTaskRPCsRejectNilAndMismatchedTaskIdentityBeforeMutation/Pause (0.00s)
        --- PASS: TestTaskRPCsRejectNilAndMismatchedTaskIdentityBeforeMutation/Pause/nil (0.00s)
        --- PASS: TestTaskRPCsRejectNilAndMismatchedTaskIdentityBeforeMutation/Pause/mismatched (0.00s)
    --- PASS: TestTaskRPCsRejectNilAndMismatchedTaskIdentityBeforeMutation/Resume (0.00s)
        --- PASS: TestTaskRPCsRejectNilAndMismatchedTaskIdentityBeforeMutation/Resume/nil (0.00s)
        --- PASS: TestTaskRPCsRejectNilAndMismatchedTaskIdentityBeforeMutation/Resume/mismatched (0.00s)
    --- PASS: TestTaskRPCsRejectNilAndMismatchedTaskIdentityBeforeMutation/CloseIO (0.00s)
        --- PASS: TestTaskRPCsRejectNilAndMismatchedTaskIdentityBeforeMutation/CloseIO/nil (0.00s)
        --- PASS: TestTaskRPCsRejectNilAndMismatchedTaskIdentityBeforeMutation/CloseIO/mismatched (0.00s)
    --- PASS: TestTaskRPCsRejectNilAndMismatchedTaskIdentityBeforeMutation/Stats (0.00s)
        --- PASS: TestTaskRPCsRejectNilAndMismatchedTaskIdentityBeforeMutation/Stats/nil (0.00s)
        --- PASS: TestTaskRPCsRejectNilAndMismatchedTaskIdentityBeforeMutation/Stats/mismatched (0.00s)
=== RUN   TestCancelCreateUsesExactOriginalIdentity
--- PASS: TestCancelCreateUsesExactOriginalIdentity (0.00s)
=== RUN   TestCreateAmbiguityCancellationRemovesPreparedArtifacts
--- PASS: TestCreateAmbiguityCancellationRemovesPreparedArtifacts (0.00s)
=== RUN   TestCreateRejectsOCIValidationBeforeAllocationOrArtifacts
--- PASS: TestCreateRejectsOCIValidationBeforeAllocationOrArtifacts (0.00s)
=== RUN   TestCreatePostValidationFailureRollbackMatrix
=== RUN   TestCreatePostValidationFailureRollbackMatrix/prepare-rootfs
=== RUN   TestCreatePostValidationFailureRollbackMatrix/runtime-handoff
=== RUN   TestCreatePostValidationFailureRollbackMatrix/token
=== RUN   TestCreatePostValidationFailureRollbackMatrix/create-sandbox
=== RUN   TestCreatePostValidationFailureRollbackMatrix/load-sandbox
=== RUN   TestCreatePostValidationFailureRollbackMatrix/provision-network
=== RUN   TestCreatePostValidationFailureRollbackMatrix/namespace-holder
=== RUN   TestCreatePostValidationFailureRollbackMatrix/persist-recovery
=== RUN   TestCreatePostValidationFailureRollbackMatrix/persist-create-event
--- PASS: TestCreatePostValidationFailureRollbackMatrix (0.02s)
    --- PASS: TestCreatePostValidationFailureRollbackMatrix/prepare-rootfs (0.00s)
    --- PASS: TestCreatePostValidationFailureRollbackMatrix/runtime-handoff (0.00s)
    --- PASS: TestCreatePostValidationFailureRollbackMatrix/token (0.00s)
    --- PASS: TestCreatePostValidationFailureRollbackMatrix/create-sandbox (0.00s)
    --- PASS: TestCreatePostValidationFailureRollbackMatrix/load-sandbox (0.00s)
    --- PASS: TestCreatePostValidationFailureRollbackMatrix/provision-network (0.00s)
    --- PASS: TestCreatePostValidationFailureRollbackMatrix/namespace-holder (0.00s)
    --- PASS: TestCreatePostValidationFailureRollbackMatrix/persist-recovery (0.00s)
    --- PASS: TestCreatePostValidationFailureRollbackMatrix/persist-create-event (0.01s)
=== RUN   TestExecRollsBackProcessOnAgentFailure
--- PASS: TestExecRollsBackProcessOnAgentFailure (0.00s)
=== RUN   TestExecCreationIntentReconcilesAmbiguousGuestMutation
=== RUN   TestExecCreationIntentReconcilesAmbiguousGuestMutation/lost_reply_confirms_created_owner
=== RUN   TestExecCreationIntentReconcilesAmbiguousGuestMutation/unavailable_state_and_cleanup_retain_durable_owner
=== RUN   TestExecCreationIntentReconcilesAmbiguousGuestMutation/confirmed_absence_removes_durable_intent
--- PASS: TestExecCreationIntentReconcilesAmbiguousGuestMutation (0.02s)
    --- PASS: TestExecCreationIntentReconcilesAmbiguousGuestMutation/lost_reply_confirms_created_owner (0.01s)
    --- PASS: TestExecCreationIntentReconcilesAmbiguousGuestMutation/unavailable_state_and_cleanup_retain_durable_owner (0.01s)
    --- PASS: TestExecCreationIntentReconcilesAmbiguousGuestMutation/confirmed_absence_removes_durable_intent (0.01s)
=== RUN   TestRecoveredCreatedExecRequiresExactGuestOwnership
=== RUN   TestRecoveredCreatedExecRequiresExactGuestOwnership/exact_created
=== RUN   TestRecoveredCreatedExecRequiresExactGuestOwnership/confirmed_absent
=== RUN   TestRecoveredCreatedExecRequiresExactGuestOwnership/wrong_identity
=== RUN   TestRecoveredCreatedExecRequiresExactGuestOwnership/running
=== RUN   TestRecoveredCreatedExecRequiresExactGuestOwnership/transport_unavailable
--- PASS: TestRecoveredCreatedExecRequiresExactGuestOwnership (0.00s)
    --- PASS: TestRecoveredCreatedExecRequiresExactGuestOwnership/exact_created (0.00s)
    --- PASS: TestRecoveredCreatedExecRequiresExactGuestOwnership/confirmed_absent (0.00s)
    --- PASS: TestRecoveredCreatedExecRequiresExactGuestOwnership/wrong_identity (0.00s)
    --- PASS: TestRecoveredCreatedExecRequiresExactGuestOwnership/running (0.00s)
    --- PASS: TestRecoveredCreatedExecRequiresExactGuestOwnership/transport_unavailable (0.00s)
=== RUN   TestExecRollbackRetainsOwnershipUntilGuestDeletion
=== RUN   TestExecRollbackRetainsOwnershipUntilGuestDeletion/delete_failed
=== RUN   TestExecRollbackRetainsOwnershipUntilGuestDeletion/deleted
=== RUN   TestExecRollbackRetainsOwnershipUntilGuestDeletion/already_absent
--- PASS: TestExecRollbackRetainsOwnershipUntilGuestDeletion (0.01s)
    --- PASS: TestExecRollbackRetainsOwnershipUntilGuestDeletion/delete_failed (0.00s)
    --- PASS: TestExecRollbackRetainsOwnershipUntilGuestDeletion/deleted (0.00s)
    --- PASS: TestExecRollbackRetainsOwnershipUntilGuestDeletion/already_absent (0.00s)
=== RUN   TestStartReturnsKillFailureAndRetainsMonitorAfterPersistenceFailure
--- PASS: TestStartReturnsKillFailureAndRetainsMonitorAfterPersistenceFailure (0.01s)
=== RUN   TestStartRejectsGuestPIDOutsideTaskRangeAndRetainsOwnership
--- PASS: TestStartRejectsGuestPIDOutsideTaskRangeAndRetainsOwnership (0.01s)
=== RUN   TestStartRejectsMismatchedGuestProcessStateAndRetainsOwnership
=== RUN   TestStartRejectsMismatchedGuestProcessStateAndRetainsOwnership/wrong_identity
=== RUN   TestStartRejectsMismatchedGuestProcessStateAndRetainsOwnership/created
--- PASS: TestStartRejectsMismatchedGuestProcessStateAndRetainsOwnership (0.02s)
    --- PASS: TestStartRejectsMismatchedGuestProcessStateAndRetainsOwnership/wrong_identity (0.01s)
    --- PASS: TestStartRejectsMismatchedGuestProcessStateAndRetainsOwnership/created (0.01s)
=== RUN   TestStartReconcilesAmbiguousGuestResultWithoutLosingOwnership
=== RUN   TestStartReconcilesAmbiguousGuestResultWithoutLosingOwnership/confirmed_created_remains_retryable
=== RUN   TestStartReconcilesAmbiguousGuestResultWithoutLosingOwnership/running_proves_start_applied
=== RUN   TestStartReconcilesAmbiguousGuestResultWithoutLosingOwnership/rapid_stop_proves_start_applied
=== RUN   TestStartReconcilesAmbiguousGuestResultWithoutLosingOwnership/lost_state_reply_reconnects
=== RUN   TestStartReconcilesAmbiguousGuestResultWithoutLosingOwnership/unresolved_transport_failure_retains_ownership
--- PASS: TestStartReconcilesAmbiguousGuestResultWithoutLosingOwnership (0.09s)
    --- PASS: TestStartReconcilesAmbiguousGuestResultWithoutLosingOwnership/confirmed_created_remains_retryable (0.00s)
    --- PASS: TestStartReconcilesAmbiguousGuestResultWithoutLosingOwnership/running_proves_start_applied (0.01s)
    --- PASS: TestStartReconcilesAmbiguousGuestResultWithoutLosingOwnership/rapid_stop_proves_start_applied (0.01s)
    --- PASS: TestStartReconcilesAmbiguousGuestResultWithoutLosingOwnership/lost_state_reply_reconnects (0.06s)
    --- PASS: TestStartReconcilesAmbiguousGuestResultWithoutLosingOwnership/unresolved_transport_failure_retains_ownership (0.01s)
=== RUN   TestEnsureGuestProcessCreatedReconcilesBeforeMutation
=== RUN   TestEnsureGuestProcessCreatedReconcilesBeforeMutation/absent_is_created
=== RUN   TestEnsureGuestProcessCreatedReconcilesBeforeMutation/create_rejection_is_returned
=== RUN   TestEnsureGuestProcessCreatedReconcilesBeforeMutation/existing_created_is_reused
=== RUN   TestEnsureGuestProcessCreatedReconcilesBeforeMutation/wrong_identity
=== RUN   TestEnsureGuestProcessCreatedReconcilesBeforeMutation/running_is_not_recreated
=== RUN   TestEnsureGuestProcessCreatedReconcilesBeforeMutation/created_with_pid_is_invalid
=== RUN   TestEnsureGuestProcessCreatedReconcilesBeforeMutation/transport_failure_is_not_absence
--- PASS: TestEnsureGuestProcessCreatedReconcilesBeforeMutation (0.00s)
    --- PASS: TestEnsureGuestProcessCreatedReconcilesBeforeMutation/absent_is_created (0.00s)
    --- PASS: TestEnsureGuestProcessCreatedReconcilesBeforeMutation/create_rejection_is_returned (0.00s)
    --- PASS: TestEnsureGuestProcessCreatedReconcilesBeforeMutation/existing_created_is_reused (0.00s)
    --- PASS: TestEnsureGuestProcessCreatedReconcilesBeforeMutation/wrong_identity (0.00s)
    --- PASS: TestEnsureGuestProcessCreatedReconcilesBeforeMutation/running_is_not_recreated (0.00s)
    --- PASS: TestEnsureGuestProcessCreatedReconcilesBeforeMutation/created_with_pid_is_invalid (0.00s)
    --- PASS: TestEnsureGuestProcessCreatedReconcilesBeforeMutation/transport_failure_is_not_absence (0.00s)
=== RUN   TestEnsureGuestProcessCreatedReconcilesLostReply
--- PASS: TestEnsureGuestProcessCreatedReconcilesLostReply (0.05s)
=== RUN   TestStartedProcessCleanupTreatsAuthenticatedAbsenceAsSuccess
--- PASS: TestStartedProcessCleanupTreatsAuthenticatedAbsenceAsSuccess (0.00s)
=== RUN   TestExecRejectsGuestUnrepresentableIDBeforeAgentContact
--- PASS: TestExecRejectsGuestUnrepresentableIDBeforeAgentContact (0.00s)
=== RUN   TestTaskStateGuardsRejectInvalidTransitionsBeforeAgentContact
--- PASS: TestTaskStateGuardsRejectInvalidTransitionsBeforeAgentContact (0.00s)
=== RUN   TestPreCancelledTaskMutationsPreserveStateAndAvoidGuestContact
=== RUN   TestPreCancelledTaskMutationsPreserveStateAndAvoidGuestContact/create
=== RUN   TestPreCancelledTaskMutationsPreserveStateAndAvoidGuestContact/start
=== RUN   TestPreCancelledTaskMutationsPreserveStateAndAvoidGuestContact/kill
=== RUN   TestPreCancelledTaskMutationsPreserveStateAndAvoidGuestContact/exec
=== RUN   TestPreCancelledTaskMutationsPreserveStateAndAvoidGuestContact/delete
=== RUN   TestPreCancelledTaskMutationsPreserveStateAndAvoidGuestContact/shutdown
=== RUN   TestPreCancelledTaskMutationsPreserveStateAndAvoidGuestContact/resize
=== RUN   TestPreCancelledTaskMutationsPreserveStateAndAvoidGuestContact/pause
=== RUN   TestPreCancelledTaskMutationsPreserveStateAndAvoidGuestContact/resume
=== RUN   TestPreCancelledTaskMutationsPreserveStateAndAvoidGuestContact/close-io
--- PASS: TestPreCancelledTaskMutationsPreserveStateAndAvoidGuestContact (0.00s)
    --- PASS: TestPreCancelledTaskMutationsPreserveStateAndAvoidGuestContact/create (0.00s)
    --- PASS: TestPreCancelledTaskMutationsPreserveStateAndAvoidGuestContact/start (0.00s)
    --- PASS: TestPreCancelledTaskMutationsPreserveStateAndAvoidGuestContact/kill (0.00s)
    --- PASS: TestPreCancelledTaskMutationsPreserveStateAndAvoidGuestContact/exec (0.00s)
    --- PASS: TestPreCancelledTaskMutationsPreserveStateAndAvoidGuestContact/delete (0.00s)
    --- PASS: TestPreCancelledTaskMutationsPreserveStateAndAvoidGuestContact/shutdown (0.00s)
    --- PASS: TestPreCancelledTaskMutationsPreserveStateAndAvoidGuestContact/resize (0.00s)
    --- PASS: TestPreCancelledTaskMutationsPreserveStateAndAvoidGuestContact/pause (0.00s)
    --- PASS: TestPreCancelledTaskMutationsPreserveStateAndAvoidGuestContact/resume (0.00s)
    --- PASS: TestPreCancelledTaskMutationsPreserveStateAndAvoidGuestContact/close-io (0.00s)
=== RUN   TestPreCancelledTaskReadsAndWaitAvoidGuestContact
=== RUN   TestPreCancelledTaskReadsAndWaitAvoidGuestContact/state
=== RUN   TestPreCancelledTaskReadsAndWaitAvoidGuestContact/wait
=== RUN   TestPreCancelledTaskReadsAndWaitAvoidGuestContact/pids
=== RUN   TestPreCancelledTaskReadsAndWaitAvoidGuestContact/connect
=== RUN   TestPreCancelledTaskReadsAndWaitAvoidGuestContact/stats
--- PASS: TestPreCancelledTaskReadsAndWaitAvoidGuestContact (0.00s)
    --- PASS: TestPreCancelledTaskReadsAndWaitAvoidGuestContact/state (0.00s)
    --- PASS: TestPreCancelledTaskReadsAndWaitAvoidGuestContact/wait (0.00s)
    --- PASS: TestPreCancelledTaskReadsAndWaitAvoidGuestContact/pids (0.00s)
    --- PASS: TestPreCancelledTaskReadsAndWaitAvoidGuestContact/connect (0.00s)
    --- PASS: TestPreCancelledTaskReadsAndWaitAvoidGuestContact/stats (0.00s)
=== RUN   TestTaskRPCsRejectNilAndMismatchedTaskIdentityBeforeMutation
=== RUN   TestTaskRPCsRejectNilAndMismatchedTaskIdentityBeforeMutation/Create
=== RUN   TestTaskRPCsRejectNilAndMismatchedTaskIdentityBeforeMutation/Create/nil
=== RUN   TestTaskRPCsRejectNilAndMismatchedTaskIdentityBeforeMutation/Create/mismatched
=== RUN   TestTaskRPCsRejectNilAndMismatchedTaskIdentityBeforeMutation/Start
=== RUN   TestTaskRPCsRejectNilAndMismatchedTaskIdentityBeforeMutation/Start/nil
=== RUN   TestTaskRPCsRejectNilAndMismatchedTaskIdentityBeforeMutation/Start/mismatched
=== RUN   TestTaskRPCsRejectNilAndMismatchedTaskIdentityBeforeMutation/State
=== RUN   TestTaskRPCsRejectNilAndMismatchedTaskIdentityBeforeMutation/State/nil
=== RUN   TestTaskRPCsRejectNilAndMismatchedTaskIdentityBeforeMutation/State/mismatched
=== RUN   TestTaskRPCsRejectNilAndMismatchedTaskIdentityBeforeMutation/Wait
=== RUN   TestTaskRPCsRejectNilAndMismatchedTaskIdentityBeforeMutation/Wait/mismatched
=== RUN   TestTaskRPCsRejectNilAndMismatchedTaskIdentityBeforeMutation/Wait/nil
=== RUN   TestTaskRPCsRejectNilAndMismatchedTaskIdentityBeforeMutation/Kill
=== RUN   TestTaskRPCsRejectNilAndMismatchedTaskIdentityBeforeMutation/Kill/nil
=== RUN   TestTaskRPCsRejectNilAndMismatchedTaskIdentityBeforeMutation/Kill/mismatched
=== RUN   TestTaskRPCsRejectNilAndMismatchedTaskIdentityBeforeMutation/Exec
=== RUN   TestTaskRPCsRejectNilAndMismatchedTaskIdentityBeforeMutation/Exec/nil
=== RUN   TestTaskRPCsRejectNilAndMismatchedTaskIdentityBeforeMutation/Exec/mismatched
=== RUN   TestTaskRPCsRejectNilAndMismatchedTaskIdentityBeforeMutation/Delete
=== RUN   TestTaskRPCsRejectNilAndMismatchedTaskIdentityBeforeMutation/Delete/mismatched
=== RUN   TestTaskRPCsRejectNilAndMismatchedTaskIdentityBeforeMutation/Delete/nil
=== RUN   TestTaskRPCsRejectNilAndMismatchedTaskIdentityBeforeMutation/Pids
=== RUN   TestTaskRPCsRejectNilAndMismatchedTaskIdentityBeforeMutation/Pids/nil
=== RUN   TestTaskRPCsRejectNilAndMismatchedTaskIdentityBeforeMutation/Pids/mismatched
=== RUN   TestTaskRPCsRejectNilAndMismatchedTaskIdentityBeforeMutation/Connect
=== RUN   TestTaskRPCsRejectNilAndMismatchedTaskIdentityBeforeMutation/Connect/nil
=== RUN   TestTaskRPCsRejectNilAndMismatchedTaskIdentityBeforeMutation/Connect/mismatched
=== RUN   TestTaskRPCsRejectNilAndMismatchedTaskIdentityBeforeMutation/Shutdown
=== RUN   TestTaskRPCsRejectNilAndMismatchedTaskIdentityBeforeMutation/Shutdown/nil
=== RUN   TestTaskRPCsRejectNilAndMismatchedTaskIdentityBeforeMutation/Shutdown/mismatched
=== RUN   TestTaskRPCsRejectNilAndMismatchedTaskIdentityBeforeMutation/ResizePty
=== RUN   TestTaskRPCsRejectNilAndMismatchedTaskIdentityBeforeMutation/ResizePty/nil
=== RUN   TestTaskRPCsRejectNilAndMismatchedTaskIdentityBeforeMutation/ResizePty/mismatched
=== RUN   TestTaskRPCsRejectNilAndMismatchedTaskIdentityBeforeMutation/Pause
=== RUN   TestTaskRPCsRejectNilAndMismatchedTaskIdentityBeforeMutation/Pause/nil
=== RUN   TestTaskRPCsRejectNilAndMismatchedTaskIdentityBeforeMutation/Pause/mismatched
=== RUN   TestTaskRPCsRejectNilAndMismatchedTaskIdentityBeforeMutation/Resume
=== RUN   TestTaskRPCsRejectNilAndMismatchedTaskIdentityBeforeMutation/Resume/nil
=== RUN   TestTaskRPCsRejectNilAndMismatchedTaskIdentityBeforeMutation/Resume/mismatched
=== RUN   TestTaskRPCsRejectNilAndMismatchedTaskIdentityBeforeMutation/CloseIO
=== RUN   TestTaskRPCsRejectNilAndMismatchedTaskIdentityBeforeMutation/CloseIO/nil
=== RUN   TestTaskRPCsRejectNilAndMismatchedTaskIdentityBeforeMutation/CloseIO/mismatched
=== RUN   TestTaskRPCsRejectNilAndMismatchedTaskIdentityBeforeMutation/Stats
=== RUN   TestTaskRPCsRejectNilAndMismatchedTaskIdentityBeforeMutation/Stats/nil
=== RUN   TestTaskRPCsRejectNilAndMismatchedTaskIdentityBeforeMutation/Stats/mismatched
--- PASS: TestTaskRPCsRejectNilAndMismatchedTaskIdentityBeforeMutation (0.01s)
    --- PASS: TestTaskRPCsRejectNilAndMismatchedTaskIdentityBeforeMutation/Create (0.00s)
        --- PASS: TestTaskRPCsRejectNilAndMismatchedTaskIdentityBeforeMutation/Create/nil (0.00s)
        --- PASS: TestTaskRPCsRejectNilAndMismatchedTaskIdentityBeforeMutation/Create/mismatched (0.00s)
    --- PASS: TestTaskRPCsRejectNilAndMismatchedTaskIdentityBeforeMutation/Start (0.00s)
        --- PASS: TestTaskRPCsRejectNilAndMismatchedTaskIdentityBeforeMutation/Start/nil (0.00s)
        --- PASS: TestTaskRPCsRejectNilAndMismatchedTaskIdentityBeforeMutation/Start/mismatched (0.00s)
    --- PASS: TestTaskRPCsRejectNilAndMismatchedTaskIdentityBeforeMutation/State (0.00s)
        --- PASS: TestTaskRPCsRejectNilAndMismatchedTaskIdentityBeforeMutation/State/nil (0.00s)
        --- PASS: TestTaskRPCsRejectNilAndMismatchedTaskIdentityBeforeMutation/State/mismatched (0.00s)
    --- PASS: TestTaskRPCsRejectNilAndMismatchedTaskIdentityBeforeMutation/Wait (0.00s)
        --- PASS: TestTaskRPCsRejectNilAndMismatchedTaskIdentityBeforeMutation/Wait/mismatched (0.00s)
        --- PASS: TestTaskRPCsRejectNilAndMismatchedTaskIdentityBeforeMutation/Wait/nil (0.00s)
    --- PASS: TestTaskRPCsRejectNilAndMismatchedTaskIdentityBeforeMutation/Kill (0.00s)
        --- PASS: TestTaskRPCsRejectNilAndMismatchedTaskIdentityBeforeMutation/Kill/nil (0.00s)
        --- PASS: TestTaskRPCsRejectNilAndMismatchedTaskIdentityBeforeMutation/Kill/mismatched (0.00s)
    --- PASS: TestTaskRPCsRejectNilAndMismatchedTaskIdentityBeforeMutation/Exec (0.00s)
        --- PASS: TestTaskRPCsRejectNilAndMismatchedTaskIdentityBeforeMutation/Exec/nil (0.00s)
        --- PASS: TestTaskRPCsRejectNilAndMismatchedTaskIdentityBeforeMutation/Exec/mismatched (0.00s)
    --- PASS: TestTaskRPCsRejectNilAndMismatchedTaskIdentityBeforeMutation/Delete (0.00s)
        --- PASS: TestTaskRPCsRejectNilAndMismatchedTaskIdentityBeforeMutation/Delete/mismatched (0.00s)
        --- PASS: TestTaskRPCsRejectNilAndMismatchedTaskIdentityBeforeMutation/Delete/nil (0.00s)
    --- PASS: TestTaskRPCsRejectNilAndMismatchedTaskIdentityBeforeMutation/Pids (0.00s)
        --- PASS: TestTaskRPCsRejectNilAndMismatchedTaskIdentityBeforeMutation/Pids/nil (0.00s)
        --- PASS: TestTaskRPCsRejectNilAndMismatchedTaskIdentityBeforeMutation/Pids/mismatched (0.00s)
    --- PASS: TestTaskRPCsRejectNilAndMismatchedTaskIdentityBeforeMutation/Connect (0.00s)
        --- PASS: TestTaskRPCsRejectNilAndMismatchedTaskIdentityBeforeMutation/Connect/nil (0.00s)
        --- PASS: TestTaskRPCsRejectNilAndMismatchedTaskIdentityBeforeMutation/Connect/mismatched (0.00s)
    --- PASS: TestTaskRPCsRejectNilAndMismatchedTaskIdentityBeforeMutation/Shutdown (0.00s)
        --- PASS: TestTaskRPCsRejectNilAndMismatchedTaskIdentityBeforeMutation/Shutdown/nil (0.00s)
        --- PASS: TestTaskRPCsRejectNilAndMismatchedTaskIdentityBeforeMutation/Shutdown/mismatched (0.00s)
    --- PASS: TestTaskRPCsRejectNilAndMismatchedTaskIdentityBeforeMutation/ResizePty (0.00s)
        --- PASS: TestTaskRPCsRejectNilAndMismatchedTaskIdentityBeforeMutation/ResizePty/nil (0.00s)
        --- PASS: TestTaskRPCsRejectNilAndMismatchedTaskIdentityBeforeMutation/ResizePty/mismatched (0.00s)
    --- PASS: TestTaskRPCsRejectNilAndMismatchedTaskIdentityBeforeMutation/Pause (0.00s)
        --- PASS: TestTaskRPCsRejectNilAndMismatchedTaskIdentityBeforeMutation/Pause/nil (0.00s)
        --- PASS: TestTaskRPCsRejectNilAndMismatchedTaskIdentityBeforeMutation/Pause/mismatched (0.00s)
    --- PASS: TestTaskRPCsRejectNilAndMismatchedTaskIdentityBeforeMutation/Resume (0.00s)
        --- PASS: TestTaskRPCsRejectNilAndMismatchedTaskIdentityBeforeMutation/Resume/nil (0.00s)
        --- PASS: TestTaskRPCsRejectNilAndMismatchedTaskIdentityBeforeMutation/Resume/mismatched (0.00s)
    --- PASS: TestTaskRPCsRejectNilAndMismatchedTaskIdentityBeforeMutation/CloseIO (0.00s)
        --- PASS: TestTaskRPCsRejectNilAndMismatchedTaskIdentityBeforeMutation/CloseIO/nil (0.00s)
        --- PASS: TestTaskRPCsRejectNilAndMismatchedTaskIdentityBeforeMutation/CloseIO/mismatched (0.00s)
    --- PASS: TestTaskRPCsRejectNilAndMismatchedTaskIdentityBeforeMutation/Stats (0.00s)
        --- PASS: TestTaskRPCsRejectNilAndMismatchedTaskIdentityBeforeMutation/Stats/nil (0.00s)
        --- PASS: TestTaskRPCsRejectNilAndMismatchedTaskIdentityBeforeMutation/Stats/mismatched (0.00s)
=== RUN   TestCancelCreateUsesExactOriginalIdentity
--- PASS: TestCancelCreateUsesExactOriginalIdentity (0.00s)
=== RUN   TestCreateAmbiguityCancellationRemovesPreparedArtifacts
--- PASS: TestCreateAmbiguityCancellationRemovesPreparedArtifacts (0.00s)
=== RUN   TestCreateRejectsOCIValidationBeforeAllocationOrArtifacts
--- PASS: TestCreateRejectsOCIValidationBeforeAllocationOrArtifacts (0.00s)
=== RUN   TestCreatePostValidationFailureRollbackMatrix
=== RUN   TestCreatePostValidationFailureRollbackMatrix/prepare-rootfs
=== RUN   TestCreatePostValidationFailureRollbackMatrix/runtime-handoff
=== RUN   TestCreatePostValidationFailureRollbackMatrix/token
=== RUN   TestCreatePostValidationFailureRollbackMatrix/create-sandbox
=== RUN   TestCreatePostValidationFailureRollbackMatrix/load-sandbox
=== RUN   TestCreatePostValidationFailureRollbackMatrix/provision-network
=== RUN   TestCreatePostValidationFailureRollbackMatrix/namespace-holder
=== RUN   TestCreatePostValidationFailureRollbackMatrix/persist-recovery
=== RUN   TestCreatePostValidationFailureRollbackMatrix/persist-create-event
--- PASS: TestCreatePostValidationFailureRollbackMatrix (0.02s)
    --- PASS: TestCreatePostValidationFailureRollbackMatrix/prepare-rootfs (0.00s)
    --- PASS: TestCreatePostValidationFailureRollbackMatrix/runtime-handoff (0.00s)
    --- PASS: TestCreatePostValidationFailureRollbackMatrix/token (0.00s)
    --- PASS: TestCreatePostValidationFailureRollbackMatrix/create-sandbox (0.00s)
    --- PASS: TestCreatePostValidationFailureRollbackMatrix/load-sandbox (0.00s)
    --- PASS: TestCreatePostValidationFailureRollbackMatrix/provision-network (0.00s)
    --- PASS: TestCreatePostValidationFailureRollbackMatrix/namespace-holder (0.00s)
    --- PASS: TestCreatePostValidationFailureRollbackMatrix/persist-recovery (0.00s)
    --- PASS: TestCreatePostValidationFailureRollbackMatrix/persist-create-event (0.01s)
=== RUN   TestExecRollsBackProcessOnAgentFailure
--- PASS: TestExecRollsBackProcessOnAgentFailure (0.00s)
=== RUN   TestExecCreationIntentReconcilesAmbiguousGuestMutation
=== RUN   TestExecCreationIntentReconcilesAmbiguousGuestMutation/lost_reply_confirms_created_owner
=== RUN   TestExecCreationIntentReconcilesAmbiguousGuestMutation/unavailable_state_and_cleanup_retain_durable_owner
=== RUN   TestExecCreationIntentReconcilesAmbiguousGuestMutation/confirmed_absence_removes_durable_intent
--- PASS: TestExecCreationIntentReconcilesAmbiguousGuestMutation (0.02s)
    --- PASS: TestExecCreationIntentReconcilesAmbiguousGuestMutation/lost_reply_confirms_created_owner (0.01s)
    --- PASS: TestExecCreationIntentReconcilesAmbiguousGuestMutation/unavailable_state_and_cleanup_retain_durable_owner (0.00s)
    --- PASS: TestExecCreationIntentReconcilesAmbiguousGuestMutation/confirmed_absence_removes_durable_intent (0.00s)
=== RUN   TestRecoveredCreatedExecRequiresExactGuestOwnership
=== RUN   TestRecoveredCreatedExecRequiresExactGuestOwnership/exact_created
=== RUN   TestRecoveredCreatedExecRequiresExactGuestOwnership/confirmed_absent
=== RUN   TestRecoveredCreatedExecRequiresExactGuestOwnership/wrong_identity
=== RUN   TestRecoveredCreatedExecRequiresExactGuestOwnership/running
=== RUN   TestRecoveredCreatedExecRequiresExactGuestOwnership/transport_unavailable
--- PASS: TestRecoveredCreatedExecRequiresExactGuestOwnership (0.00s)
    --- PASS: TestRecoveredCreatedExecRequiresExactGuestOwnership/exact_created (0.00s)
    --- PASS: TestRecoveredCreatedExecRequiresExactGuestOwnership/confirmed_absent (0.00s)
    --- PASS: TestRecoveredCreatedExecRequiresExactGuestOwnership/wrong_identity (0.00s)
    --- PASS: TestRecoveredCreatedExecRequiresExactGuestOwnership/running (0.00s)
    --- PASS: TestRecoveredCreatedExecRequiresExactGuestOwnership/transport_unavailable (0.00s)
=== RUN   TestExecRollbackRetainsOwnershipUntilGuestDeletion
=== RUN   TestExecRollbackRetainsOwnershipUntilGuestDeletion/deleted
=== RUN   TestExecRollbackRetainsOwnershipUntilGuestDeletion/already_absent
=== RUN   TestExecRollbackRetainsOwnershipUntilGuestDeletion/delete_failed
--- PASS: TestExecRollbackRetainsOwnershipUntilGuestDeletion (0.01s)
    --- PASS: TestExecRollbackRetainsOwnershipUntilGuestDeletion/deleted (0.00s)
    --- PASS: TestExecRollbackRetainsOwnershipUntilGuestDeletion/already_absent (0.00s)
    --- PASS: TestExecRollbackRetainsOwnershipUntilGuestDeletion/delete_failed (0.00s)
=== RUN   TestStartReturnsKillFailureAndRetainsMonitorAfterPersistenceFailure
--- PASS: TestStartReturnsKillFailureAndRetainsMonitorAfterPersistenceFailure (0.01s)
=== RUN   TestStartRejectsGuestPIDOutsideTaskRangeAndRetainsOwnership
--- PASS: TestStartRejectsGuestPIDOutsideTaskRangeAndRetainsOwnership (0.01s)
=== RUN   TestStartRejectsMismatchedGuestProcessStateAndRetainsOwnership
=== RUN   TestStartRejectsMismatchedGuestProcessStateAndRetainsOwnership/wrong_identity
=== RUN   TestStartRejectsMismatchedGuestProcessStateAndRetainsOwnership/created
--- PASS: TestStartRejectsMismatchedGuestProcessStateAndRetainsOwnership (0.02s)
    --- PASS: TestStartRejectsMismatchedGuestProcessStateAndRetainsOwnership/wrong_identity (0.01s)
    --- PASS: TestStartRejectsMismatchedGuestProcessStateAndRetainsOwnership/created (0.01s)
=== RUN   TestStartReconcilesAmbiguousGuestResultWithoutLosingOwnership
=== RUN   TestStartReconcilesAmbiguousGuestResultWithoutLosingOwnership/confirmed_created_remains_retryable
=== RUN   TestStartReconcilesAmbiguousGuestResultWithoutLosingOwnership/running_proves_start_applied
=== RUN   TestStartReconcilesAmbiguousGuestResultWithoutLosingOwnership/rapid_stop_proves_start_applied
=== RUN   TestStartReconcilesAmbiguousGuestResultWithoutLosingOwnership/lost_state_reply_reconnects
=== RUN   TestStartReconcilesAmbiguousGuestResultWithoutLosingOwnership/unresolved_transport_failure_retains_ownership
--- PASS: TestStartReconcilesAmbiguousGuestResultWithoutLosingOwnership (0.09s)
    --- PASS: TestStartReconcilesAmbiguousGuestResultWithoutLosingOwnership/confirmed_created_remains_retryable (0.00s)
    --- PASS: TestStartReconcilesAmbiguousGuestResultWithoutLosingOwnership/running_proves_start_applied (0.01s)
    --- PASS: TestStartReconcilesAmbiguousGuestResultWithoutLosingOwnership/rapid_stop_proves_start_applied (0.01s)
    --- PASS: TestStartReconcilesAmbiguousGuestResultWithoutLosingOwnership/lost_state_reply_reconnects (0.06s)
    --- PASS: TestStartReconcilesAmbiguousGuestResultWithoutLosingOwnership/unresolved_transport_failure_retains_ownership (0.01s)
=== RUN   TestEnsureGuestProcessCreatedReconcilesBeforeMutation
=== RUN   TestEnsureGuestProcessCreatedReconcilesBeforeMutation/absent_is_created
=== RUN   TestEnsureGuestProcessCreatedReconcilesBeforeMutation/create_rejection_is_returned
=== RUN   TestEnsureGuestProcessCreatedReconcilesBeforeMutation/existing_created_is_reused
=== RUN   TestEnsureGuestProcessCreatedReconcilesBeforeMutation/wrong_identity
=== RUN   TestEnsureGuestProcessCreatedReconcilesBeforeMutation/running_is_not_recreated
=== RUN   TestEnsureGuestProcessCreatedReconcilesBeforeMutation/created_with_pid_is_invalid
=== RUN   TestEnsureGuestProcessCreatedReconcilesBeforeMutation/transport_failure_is_not_absence
--- PASS: TestEnsureGuestProcessCreatedReconcilesBeforeMutation (0.00s)
    --- PASS: TestEnsureGuestProcessCreatedReconcilesBeforeMutation/absent_is_created (0.00s)
    --- PASS: TestEnsureGuestProcessCreatedReconcilesBeforeMutation/create_rejection_is_returned (0.00s)
    --- PASS: TestEnsureGuestProcessCreatedReconcilesBeforeMutation/existing_created_is_reused (0.00s)
    --- PASS: TestEnsureGuestProcessCreatedReconcilesBeforeMutation/wrong_identity (0.00s)
    --- PASS: TestEnsureGuestProcessCreatedReconcilesBeforeMutation/running_is_not_recreated (0.00s)
    --- PASS: TestEnsureGuestProcessCreatedReconcilesBeforeMutation/created_with_pid_is_invalid (0.00s)
    --- PASS: TestEnsureGuestProcessCreatedReconcilesBeforeMutation/transport_failure_is_not_absence (0.00s)
=== RUN   TestEnsureGuestProcessCreatedReconcilesLostReply
--- PASS: TestEnsureGuestProcessCreatedReconcilesLostReply (0.05s)
=== RUN   TestStartedProcessCleanupTreatsAuthenticatedAbsenceAsSuccess
--- PASS: TestStartedProcessCleanupTreatsAuthenticatedAbsenceAsSuccess (0.00s)
=== RUN   TestExecRejectsGuestUnrepresentableIDBeforeAgentContact
--- PASS: TestExecRejectsGuestUnrepresentableIDBeforeAgentContact (0.00s)
=== RUN   TestTaskStateGuardsRejectInvalidTransitionsBeforeAgentContact
--- PASS: TestTaskStateGuardsRejectInvalidTransitionsBeforeAgentContact (0.00s)
=== RUN   TestPreCancelledTaskMutationsPreserveStateAndAvoidGuestContact
=== RUN   TestPreCancelledTaskMutationsPreserveStateAndAvoidGuestContact/create
=== RUN   TestPreCancelledTaskMutationsPreserveStateAndAvoidGuestContact/start
=== RUN   TestPreCancelledTaskMutationsPreserveStateAndAvoidGuestContact/kill
=== RUN   TestPreCancelledTaskMutationsPreserveStateAndAvoidGuestContact/exec
=== RUN   TestPreCancelledTaskMutationsPreserveStateAndAvoidGuestContact/delete
=== RUN   TestPreCancelledTaskMutationsPreserveStateAndAvoidGuestContact/shutdown
=== RUN   TestPreCancelledTaskMutationsPreserveStateAndAvoidGuestContact/resize
=== RUN   TestPreCancelledTaskMutationsPreserveStateAndAvoidGuestContact/pause
=== RUN   TestPreCancelledTaskMutationsPreserveStateAndAvoidGuestContact/resume
=== RUN   TestPreCancelledTaskMutationsPreserveStateAndAvoidGuestContact/close-io
--- PASS: TestPreCancelledTaskMutationsPreserveStateAndAvoidGuestContact (0.00s)
    --- PASS: TestPreCancelledTaskMutationsPreserveStateAndAvoidGuestContact/create (0.00s)
    --- PASS: TestPreCancelledTaskMutationsPreserveStateAndAvoidGuestContact/start (0.00s)
    --- PASS: TestPreCancelledTaskMutationsPreserveStateAndAvoidGuestContact/kill (0.00s)
    --- PASS: TestPreCancelledTaskMutationsPreserveStateAndAvoidGuestContact/exec (0.00s)
    --- PASS: TestPreCancelledTaskMutationsPreserveStateAndAvoidGuestContact/delete (0.00s)
    --- PASS: TestPreCancelledTaskMutationsPreserveStateAndAvoidGuestContact/shutdown (0.00s)
    --- PASS: TestPreCancelledTaskMutationsPreserveStateAndAvoidGuestContact/resize (0.00s)
    --- PASS: TestPreCancelledTaskMutationsPreserveStateAndAvoidGuestContact/pause (0.00s)
    --- PASS: TestPreCancelledTaskMutationsPreserveStateAndAvoidGuestContact/resume (0.00s)
    --- PASS: TestPreCancelledTaskMutationsPreserveStateAndAvoidGuestContact/close-io (0.00s)
=== RUN   TestPreCancelledTaskReadsAndWaitAvoidGuestContact
=== RUN   TestPreCancelledTaskReadsAndWaitAvoidGuestContact/state
=== RUN   TestPreCancelledTaskReadsAndWaitAvoidGuestContact/wait
=== RUN   TestPreCancelledTaskReadsAndWaitAvoidGuestContact/pids
=== RUN   TestPreCancelledTaskReadsAndWaitAvoidGuestContact/connect
=== RUN   TestPreCancelledTaskReadsAndWaitAvoidGuestContact/stats
--- PASS: TestPreCancelledTaskReadsAndWaitAvoidGuestContact (0.00s)
    --- PASS: TestPreCancelledTaskReadsAndWaitAvoidGuestContact/state (0.00s)
    --- PASS: TestPreCancelledTaskReadsAndWaitAvoidGuestContact/wait (0.00s)
    --- PASS: TestPreCancelledTaskReadsAndWaitAvoidGuestContact/pids (0.00s)
    --- PASS: TestPreCancelledTaskReadsAndWaitAvoidGuestContact/connect (0.00s)
    --- PASS: TestPreCancelledTaskReadsAndWaitAvoidGuestContact/stats (0.00s)
=== RUN   TestTaskRPCsRejectNilAndMismatchedTaskIdentityBeforeMutation
=== RUN   TestTaskRPCsRejectNilAndMismatchedTaskIdentityBeforeMutation/Create
=== RUN   TestTaskRPCsRejectNilAndMismatchedTaskIdentityBeforeMutation/Create/nil
=== RUN   TestTaskRPCsRejectNilAndMismatchedTaskIdentityBeforeMutation/Create/mismatched
=== RUN   TestTaskRPCsRejectNilAndMismatchedTaskIdentityBeforeMutation/Start
=== RUN   TestTaskRPCsRejectNilAndMismatchedTaskIdentityBeforeMutation/Start/nil
=== RUN   TestTaskRPCsRejectNilAndMismatchedTaskIdentityBeforeMutation/Start/mismatched
=== RUN   TestTaskRPCsRejectNilAndMismatchedTaskIdentityBeforeMutation/State
=== RUN   TestTaskRPCsRejectNilAndMismatchedTaskIdentityBeforeMutation/State/nil
=== RUN   TestTaskRPCsRejectNilAndMismatchedTaskIdentityBeforeMutation/State/mismatched
=== RUN   TestTaskRPCsRejectNilAndMismatchedTaskIdentityBeforeMutation/Wait
=== RUN   TestTaskRPCsRejectNilAndMismatchedTaskIdentityBeforeMutation/Wait/nil
=== RUN   TestTaskRPCsRejectNilAndMismatchedTaskIdentityBeforeMutation/Wait/mismatched
=== RUN   TestTaskRPCsRejectNilAndMismatchedTaskIdentityBeforeMutation/Kill
=== RUN   TestTaskRPCsRejectNilAndMismatchedTaskIdentityBeforeMutation/Kill/nil
=== RUN   TestTaskRPCsRejectNilAndMismatchedTaskIdentityBeforeMutation/Kill/mismatched
=== RUN   TestTaskRPCsRejectNilAndMismatchedTaskIdentityBeforeMutation/Exec
=== RUN   TestTaskRPCsRejectNilAndMismatchedTaskIdentityBeforeMutation/Exec/mismatched
=== RUN   TestTaskRPCsRejectNilAndMismatchedTaskIdentityBeforeMutation/Exec/nil
=== RUN   TestTaskRPCsRejectNilAndMismatchedTaskIdentityBeforeMutation/Delete
=== RUN   TestTaskRPCsRejectNilAndMismatchedTaskIdentityBeforeMutation/Delete/nil
=== RUN   TestTaskRPCsRejectNilAndMismatchedTaskIdentityBeforeMutation/Delete/mismatched
=== RUN   TestTaskRPCsRejectNilAndMismatchedTaskIdentityBeforeMutation/Pids
=== RUN   TestTaskRPCsRejectNilAndMismatchedTaskIdentityBeforeMutation/Pids/nil
=== RUN   TestTaskRPCsRejectNilAndMismatchedTaskIdentityBeforeMutation/Pids/mismatched
=== RUN   TestTaskRPCsRejectNilAndMismatchedTaskIdentityBeforeMutation/Connect
=== RUN   TestTaskRPCsRejectNilAndMismatchedTaskIdentityBeforeMutation/Connect/nil
=== RUN   TestTaskRPCsRejectNilAndMismatchedTaskIdentityBeforeMutation/Connect/mismatched
=== RUN   TestTaskRPCsRejectNilAndMismatchedTaskIdentityBeforeMutation/Shutdown
=== RUN   TestTaskRPCsRejectNilAndMismatchedTaskIdentityBeforeMutation/Shutdown/nil
=== RUN   TestTaskRPCsRejectNilAndMismatchedTaskIdentityBeforeMutation/Shutdown/mismatched
=== RUN   TestTaskRPCsRejectNilAndMismatchedTaskIdentityBeforeMutation/ResizePty
=== RUN   TestTaskRPCsRejectNilAndMismatchedTaskIdentityBeforeMutation/ResizePty/nil
=== RUN   TestTaskRPCsRejectNilAndMismatchedTaskIdentityBeforeMutation/ResizePty/mismatched
=== RUN   TestTaskRPCsRejectNilAndMismatchedTaskIdentityBeforeMutation/Pause
=== RUN   TestTaskRPCsRejectNilAndMismatchedTaskIdentityBeforeMutation/Pause/mismatched
=== RUN   TestTaskRPCsRejectNilAndMismatchedTaskIdentityBeforeMutation/Pause/nil
=== RUN   TestTaskRPCsRejectNilAndMismatchedTaskIdentityBeforeMutation/Resume
=== RUN   TestTaskRPCsRejectNilAndMismatchedTaskIdentityBeforeMutation/Resume/nil
=== RUN   TestTaskRPCsRejectNilAndMismatchedTaskIdentityBeforeMutation/Resume/mismatched
=== RUN   TestTaskRPCsRejectNilAndMismatchedTaskIdentityBeforeMutation/CloseIO
=== RUN   TestTaskRPCsRejectNilAndMismatchedTaskIdentityBeforeMutation/CloseIO/nil
=== RUN   TestTaskRPCsRejectNilAndMismatchedTaskIdentityBeforeMutation/CloseIO/mismatched
=== RUN   TestTaskRPCsRejectNilAndMismatchedTaskIdentityBeforeMutation/Stats
=== RUN   TestTaskRPCsRejectNilAndMismatchedTaskIdentityBeforeMutation/Stats/nil
=== RUN   TestTaskRPCsRejectNilAndMismatchedTaskIdentityBeforeMutation/Stats/mismatched
--- PASS: TestTaskRPCsRejectNilAndMismatchedTaskIdentityBeforeMutation (0.01s)
    --- PASS: TestTaskRPCsRejectNilAndMismatchedTaskIdentityBeforeMutation/Create (0.00s)
        --- PASS: TestTaskRPCsRejectNilAndMismatchedTaskIdentityBeforeMutation/Create/nil (0.00s)
        --- PASS: TestTaskRPCsRejectNilAndMismatchedTaskIdentityBeforeMutation/Create/mismatched (0.00s)
    --- PASS: TestTaskRPCsRejectNilAndMismatchedTaskIdentityBeforeMutation/Start (0.00s)
        --- PASS: TestTaskRPCsRejectNilAndMismatchedTaskIdentityBeforeMutation/Start/nil (0.00s)
        --- PASS: TestTaskRPCsRejectNilAndMismatchedTaskIdentityBeforeMutation/Start/mismatched (0.00s)
    --- PASS: TestTaskRPCsRejectNilAndMismatchedTaskIdentityBeforeMutation/State (0.00s)
        --- PASS: TestTaskRPCsRejectNilAndMismatchedTaskIdentityBeforeMutation/State/nil (0.00s)
        --- PASS: TestTaskRPCsRejectNilAndMismatchedTaskIdentityBeforeMutation/State/mismatched (0.00s)
    --- PASS: TestTaskRPCsRejectNilAndMismatchedTaskIdentityBeforeMutation/Wait (0.00s)
        --- PASS: TestTaskRPCsRejectNilAndMismatchedTaskIdentityBeforeMutation/Wait/nil (0.00s)
        --- PASS: TestTaskRPCsRejectNilAndMismatchedTaskIdentityBeforeMutation/Wait/mismatched (0.00s)
    --- PASS: TestTaskRPCsRejectNilAndMismatchedTaskIdentityBeforeMutation/Kill (0.00s)
        --- PASS: TestTaskRPCsRejectNilAndMismatchedTaskIdentityBeforeMutation/Kill/nil (0.00s)
        --- PASS: TestTaskRPCsRejectNilAndMismatchedTaskIdentityBeforeMutation/Kill/mismatched (0.00s)
    --- PASS: TestTaskRPCsRejectNilAndMismatchedTaskIdentityBeforeMutation/Exec (0.00s)
        --- PASS: TestTaskRPCsRejectNilAndMismatchedTaskIdentityBeforeMutation/Exec/mismatched (0.00s)
        --- PASS: TestTaskRPCsRejectNilAndMismatchedTaskIdentityBeforeMutation/Exec/nil (0.00s)
    --- PASS: TestTaskRPCsRejectNilAndMismatchedTaskIdentityBeforeMutation/Delete (0.00s)
        --- PASS: TestTaskRPCsRejectNilAndMismatchedTaskIdentityBeforeMutation/Delete/nil (0.00s)
        --- PASS: TestTaskRPCsRejectNilAndMismatchedTaskIdentityBeforeMutation/Delete/mismatched (0.00s)
    --- PASS: TestTaskRPCsRejectNilAndMismatchedTaskIdentityBeforeMutation/Pids (0.00s)
        --- PASS: TestTaskRPCsRejectNilAndMismatchedTaskIdentityBeforeMutation/Pids/nil (0.00s)
        --- PASS: TestTaskRPCsRejectNilAndMismatchedTaskIdentityBeforeMutation/Pids/mismatched (0.00s)
    --- PASS: TestTaskRPCsRejectNilAndMismatchedTaskIdentityBeforeMutation/Connect (0.00s)
        --- PASS: TestTaskRPCsRejectNilAndMismatchedTaskIdentityBeforeMutation/Connect/nil (0.00s)
        --- PASS: TestTaskRPCsRejectNilAndMismatchedTaskIdentityBeforeMutation/Connect/mismatched (0.00s)
    --- PASS: TestTaskRPCsRejectNilAndMismatchedTaskIdentityBeforeMutation/Shutdown (0.00s)
        --- PASS: TestTaskRPCsRejectNilAndMismatchedTaskIdentityBeforeMutation/Shutdown/nil (0.00s)
        --- PASS: TestTaskRPCsRejectNilAndMismatchedTaskIdentityBeforeMutation/Shutdown/mismatched (0.00s)
    --- PASS: TestTaskRPCsRejectNilAndMismatchedTaskIdentityBeforeMutation/ResizePty (0.00s)
        --- PASS: TestTaskRPCsRejectNilAndMismatchedTaskIdentityBeforeMutation/ResizePty/nil (0.00s)
        --- PASS: TestTaskRPCsRejectNilAndMismatchedTaskIdentityBeforeMutation/ResizePty/mismatched (0.00s)
    --- PASS: TestTaskRPCsRejectNilAndMismatchedTaskIdentityBeforeMutation/Pause (0.00s)
        --- PASS: TestTaskRPCsRejectNilAndMismatchedTaskIdentityBeforeMutation/Pause/mismatched (0.00s)
        --- PASS: TestTaskRPCsRejectNilAndMismatchedTaskIdentityBeforeMutation/Pause/nil (0.00s)
    --- PASS: TestTaskRPCsRejectNilAndMismatchedTaskIdentityBeforeMutation/Resume (0.00s)
        --- PASS: TestTaskRPCsRejectNilAndMismatchedTaskIdentityBeforeMutation/Resume/nil (0.00s)
        --- PASS: TestTaskRPCsRejectNilAndMismatchedTaskIdentityBeforeMutation/Resume/mismatched (0.00s)
    --- PASS: TestTaskRPCsRejectNilAndMismatchedTaskIdentityBeforeMutation/CloseIO (0.00s)
        --- PASS: TestTaskRPCsRejectNilAndMismatchedTaskIdentityBeforeMutation/CloseIO/nil (0.00s)
        --- PASS: TestTaskRPCsRejectNilAndMismatchedTaskIdentityBeforeMutation/CloseIO/mismatched (0.00s)
    --- PASS: TestTaskRPCsRejectNilAndMismatchedTaskIdentityBeforeMutation/Stats (0.00s)
        --- PASS: TestTaskRPCsRejectNilAndMismatchedTaskIdentityBeforeMutation/Stats/nil (0.00s)
        --- PASS: TestTaskRPCsRejectNilAndMismatchedTaskIdentityBeforeMutation/Stats/mismatched (0.00s)
=== RUN   TestCancelCreateUsesExactOriginalIdentity
--- PASS: TestCancelCreateUsesExactOriginalIdentity (0.00s)
=== RUN   TestCreateAmbiguityCancellationRemovesPreparedArtifacts
--- PASS: TestCreateAmbiguityCancellationRemovesPreparedArtifacts (0.00s)
=== RUN   TestCreateRejectsOCIValidationBeforeAllocationOrArtifacts
--- PASS: TestCreateRejectsOCIValidationBeforeAllocationOrArtifacts (0.00s)
=== RUN   TestCreatePostValidationFailureRollbackMatrix
=== RUN   TestCreatePostValidationFailureRollbackMatrix/prepare-rootfs
=== RUN   TestCreatePostValidationFailureRollbackMatrix/runtime-handoff
=== RUN   TestCreatePostValidationFailureRollbackMatrix/token
=== RUN   TestCreatePostValidationFailureRollbackMatrix/create-sandbox
=== RUN   TestCreatePostValidationFailureRollbackMatrix/load-sandbox
=== RUN   TestCreatePostValidationFailureRollbackMatrix/provision-network
=== RUN   TestCreatePostValidationFailureRollbackMatrix/namespace-holder
=== RUN   TestCreatePostValidationFailureRollbackMatrix/persist-recovery
=== RUN   TestCreatePostValidationFailureRollbackMatrix/persist-create-event
--- PASS: TestCreatePostValidationFailureRollbackMatrix (0.03s)
    --- PASS: TestCreatePostValidationFailureRollbackMatrix/prepare-rootfs (0.00s)
    --- PASS: TestCreatePostValidationFailureRollbackMatrix/runtime-handoff (0.00s)
    --- PASS: TestCreatePostValidationFailureRollbackMatrix/token (0.00s)
    --- PASS: TestCreatePostValidationFailureRollbackMatrix/create-sandbox (0.00s)
    --- PASS: TestCreatePostValidationFailureRollbackMatrix/load-sandbox (0.00s)
    --- PASS: TestCreatePostValidationFailureRollbackMatrix/provision-network (0.00s)
    --- PASS: TestCreatePostValidationFailureRollbackMatrix/namespace-holder (0.00s)
    --- PASS: TestCreatePostValidationFailureRollbackMatrix/persist-recovery (0.00s)
    --- PASS: TestCreatePostValidationFailureRollbackMatrix/persist-create-event (0.01s)
=== RUN   TestExecRollsBackProcessOnAgentFailure
--- PASS: TestExecRollsBackProcessOnAgentFailure (0.00s)
=== RUN   TestExecCreationIntentReconcilesAmbiguousGuestMutation
=== RUN   TestExecCreationIntentReconcilesAmbiguousGuestMutation/lost_reply_confirms_created_owner
=== RUN   TestExecCreationIntentReconcilesAmbiguousGuestMutation/unavailable_state_and_cleanup_retain_durable_owner
=== RUN   TestExecCreationIntentReconcilesAmbiguousGuestMutation/confirmed_absence_removes_durable_intent
--- PASS: TestExecCreationIntentReconcilesAmbiguousGuestMutation (0.02s)
    --- PASS: TestExecCreationIntentReconcilesAmbiguousGuestMutation/lost_reply_confirms_created_owner (0.01s)
    --- PASS: TestExecCreationIntentReconcilesAmbiguousGuestMutation/unavailable_state_and_cleanup_retain_durable_owner (0.00s)
    --- PASS: TestExecCreationIntentReconcilesAmbiguousGuestMutation/confirmed_absence_removes_durable_intent (0.00s)
=== RUN   TestRecoveredCreatedExecRequiresExactGuestOwnership
=== RUN   TestRecoveredCreatedExecRequiresExactGuestOwnership/exact_created
=== RUN   TestRecoveredCreatedExecRequiresExactGuestOwnership/confirmed_absent
=== RUN   TestRecoveredCreatedExecRequiresExactGuestOwnership/wrong_identity
=== RUN   TestRecoveredCreatedExecRequiresExactGuestOwnership/running
=== RUN   TestRecoveredCreatedExecRequiresExactGuestOwnership/transport_unavailable
--- PASS: TestRecoveredCreatedExecRequiresExactGuestOwnership (0.00s)
    --- PASS: TestRecoveredCreatedExecRequiresExactGuestOwnership/exact_created (0.00s)
    --- PASS: TestRecoveredCreatedExecRequiresExactGuestOwnership/confirmed_absent (0.00s)
    --- PASS: TestRecoveredCreatedExecRequiresExactGuestOwnership/wrong_identity (0.00s)
    --- PASS: TestRecoveredCreatedExecRequiresExactGuestOwnership/running (0.00s)
    --- PASS: TestRecoveredCreatedExecRequiresExactGuestOwnership/transport_unavailable (0.00s)
=== RUN   TestExecRollbackRetainsOwnershipUntilGuestDeletion
=== RUN   TestExecRollbackRetainsOwnershipUntilGuestDeletion/already_absent
=== RUN   TestExecRollbackRetainsOwnershipUntilGuestDeletion/delete_failed
=== RUN   TestExecRollbackRetainsOwnershipUntilGuestDeletion/deleted
--- PASS: TestExecRollbackRetainsOwnershipUntilGuestDeletion (0.01s)
    --- PASS: TestExecRollbackRetainsOwnershipUntilGuestDeletion/already_absent (0.00s)
    --- PASS: TestExecRollbackRetainsOwnershipUntilGuestDeletion/delete_failed (0.00s)
    --- PASS: TestExecRollbackRetainsOwnershipUntilGuestDeletion/deleted (0.00s)
=== RUN   TestStartReturnsKillFailureAndRetainsMonitorAfterPersistenceFailure
--- PASS: TestStartReturnsKillFailureAndRetainsMonitorAfterPersistenceFailure (0.01s)
=== RUN   TestStartRejectsGuestPIDOutsideTaskRangeAndRetainsOwnership
--- PASS: TestStartRejectsGuestPIDOutsideTaskRangeAndRetainsOwnership (0.01s)
=== RUN   TestStartRejectsMismatchedGuestProcessStateAndRetainsOwnership
=== RUN   TestStartRejectsMismatchedGuestProcessStateAndRetainsOwnership/wrong_identity
=== RUN   TestStartRejectsMismatchedGuestProcessStateAndRetainsOwnership/created
--- PASS: TestStartRejectsMismatchedGuestProcessStateAndRetainsOwnership (0.02s)
    --- PASS: TestStartRejectsMismatchedGuestProcessStateAndRetainsOwnership/wrong_identity (0.01s)
    --- PASS: TestStartRejectsMismatchedGuestProcessStateAndRetainsOwnership/created (0.01s)
=== RUN   TestStartReconcilesAmbiguousGuestResultWithoutLosingOwnership
=== RUN   TestStartReconcilesAmbiguousGuestResultWithoutLosingOwnership/confirmed_created_remains_retryable
=== RUN   TestStartReconcilesAmbiguousGuestResultWithoutLosingOwnership/running_proves_start_applied
=== RUN   TestStartReconcilesAmbiguousGuestResultWithoutLosingOwnership/rapid_stop_proves_start_applied
=== RUN   TestStartReconcilesAmbiguousGuestResultWithoutLosingOwnership/lost_state_reply_reconnects
=== RUN   TestStartReconcilesAmbiguousGuestResultWithoutLosingOwnership/unresolved_transport_failure_retains_ownership
--- PASS: TestStartReconcilesAmbiguousGuestResultWithoutLosingOwnership (0.09s)
    --- PASS: TestStartReconcilesAmbiguousGuestResultWithoutLosingOwnership/confirmed_created_remains_retryable (0.00s)
    --- PASS: TestStartReconcilesAmbiguousGuestResultWithoutLosingOwnership/running_proves_start_applied (0.01s)
    --- PASS: TestStartReconcilesAmbiguousGuestResultWithoutLosingOwnership/rapid_stop_proves_start_applied (0.01s)
    --- PASS: TestStartReconcilesAmbiguousGuestResultWithoutLosingOwnership/lost_state_reply_reconnects (0.06s)
    --- PASS: TestStartReconcilesAmbiguousGuestResultWithoutLosingOwnership/unresolved_transport_failure_retains_ownership (0.01s)
=== RUN   TestEnsureGuestProcessCreatedReconcilesBeforeMutation
=== RUN   TestEnsureGuestProcessCreatedReconcilesBeforeMutation/absent_is_created
=== RUN   TestEnsureGuestProcessCreatedReconcilesBeforeMutation/create_rejection_is_returned
=== RUN   TestEnsureGuestProcessCreatedReconcilesBeforeMutation/existing_created_is_reused
=== RUN   TestEnsureGuestProcessCreatedReconcilesBeforeMutation/wrong_identity
=== RUN   TestEnsureGuestProcessCreatedReconcilesBeforeMutation/running_is_not_recreated
=== RUN   TestEnsureGuestProcessCreatedReconcilesBeforeMutation/created_with_pid_is_invalid
=== RUN   TestEnsureGuestProcessCreatedReconcilesBeforeMutation/transport_failure_is_not_absence
--- PASS: TestEnsureGuestProcessCreatedReconcilesBeforeMutation (0.00s)
    --- PASS: TestEnsureGuestProcessCreatedReconcilesBeforeMutation/absent_is_created (0.00s)
    --- PASS: TestEnsureGuestProcessCreatedReconcilesBeforeMutation/create_rejection_is_returned (0.00s)
    --- PASS: TestEnsureGuestProcessCreatedReconcilesBeforeMutation/existing_created_is_reused (0.00s)
    --- PASS: TestEnsureGuestProcessCreatedReconcilesBeforeMutation/wrong_identity (0.00s)
    --- PASS: TestEnsureGuestProcessCreatedReconcilesBeforeMutation/running_is_not_recreated (0.00s)
    --- PASS: TestEnsureGuestProcessCreatedReconcilesBeforeMutation/created_with_pid_is_invalid (0.00s)
    --- PASS: TestEnsureGuestProcessCreatedReconcilesBeforeMutation/transport_failure_is_not_absence (0.00s)
=== RUN   TestEnsureGuestProcessCreatedReconcilesLostReply
--- PASS: TestEnsureGuestProcessCreatedReconcilesLostReply (0.05s)
=== RUN   TestStartedProcessCleanupTreatsAuthenticatedAbsenceAsSuccess
--- PASS: TestStartedProcessCleanupTreatsAuthenticatedAbsenceAsSuccess (0.00s)
=== RUN   TestExecRejectsGuestUnrepresentableIDBeforeAgentContact
--- PASS: TestExecRejectsGuestUnrepresentableIDBeforeAgentContact (0.00s)
=== RUN   TestTaskStateGuardsRejectInvalidTransitionsBeforeAgentContact
--- PASS: TestTaskStateGuardsRejectInvalidTransitionsBeforeAgentContact (0.00s)
=== RUN   TestPreCancelledTaskMutationsPreserveStateAndAvoidGuestContact
=== RUN   TestPreCancelledTaskMutationsPreserveStateAndAvoidGuestContact/create
=== RUN   TestPreCancelledTaskMutationsPreserveStateAndAvoidGuestContact/start
=== RUN   TestPreCancelledTaskMutationsPreserveStateAndAvoidGuestContact/kill
=== RUN   TestPreCancelledTaskMutationsPreserveStateAndAvoidGuestContact/exec
=== RUN   TestPreCancelledTaskMutationsPreserveStateAndAvoidGuestContact/delete
=== RUN   TestPreCancelledTaskMutationsPreserveStateAndAvoidGuestContact/shutdown
=== RUN   TestPreCancelledTaskMutationsPreserveStateAndAvoidGuestContact/resize
=== RUN   TestPreCancelledTaskMutationsPreserveStateAndAvoidGuestContact/pause
=== RUN   TestPreCancelledTaskMutationsPreserveStateAndAvoidGuestContact/resume
=== RUN   TestPreCancelledTaskMutationsPreserveStateAndAvoidGuestContact/close-io
--- PASS: TestPreCancelledTaskMutationsPreserveStateAndAvoidGuestContact (0.00s)
    --- PASS: TestPreCancelledTaskMutationsPreserveStateAndAvoidGuestContact/create (0.00s)
    --- PASS: TestPreCancelledTaskMutationsPreserveStateAndAvoidGuestContact/start (0.00s)
    --- PASS: TestPreCancelledTaskMutationsPreserveStateAndAvoidGuestContact/kill (0.00s)
    --- PASS: TestPreCancelledTaskMutationsPreserveStateAndAvoidGuestContact/exec (0.00s)
    --- PASS: TestPreCancelledTaskMutationsPreserveStateAndAvoidGuestContact/delete (0.00s)
    --- PASS: TestPreCancelledTaskMutationsPreserveStateAndAvoidGuestContact/shutdown (0.00s)
    --- PASS: TestPreCancelledTaskMutationsPreserveStateAndAvoidGuestContact/resize (0.00s)
    --- PASS: TestPreCancelledTaskMutationsPreserveStateAndAvoidGuestContact/pause (0.00s)
    --- PASS: TestPreCancelledTaskMutationsPreserveStateAndAvoidGuestContact/resume (0.00s)
    --- PASS: TestPreCancelledTaskMutationsPreserveStateAndAvoidGuestContact/close-io (0.00s)
=== RUN   TestPreCancelledTaskReadsAndWaitAvoidGuestContact
=== RUN   TestPreCancelledTaskReadsAndWaitAvoidGuestContact/stats
=== RUN   TestPreCancelledTaskReadsAndWaitAvoidGuestContact/state
=== RUN   TestPreCancelledTaskReadsAndWaitAvoidGuestContact/wait
=== RUN   TestPreCancelledTaskReadsAndWaitAvoidGuestContact/pids
=== RUN   TestPreCancelledTaskReadsAndWaitAvoidGuestContact/connect
--- PASS: TestPreCancelledTaskReadsAndWaitAvoidGuestContact (0.00s)
    --- PASS: TestPreCancelledTaskReadsAndWaitAvoidGuestContact/stats (0.00s)
    --- PASS: TestPreCancelledTaskReadsAndWaitAvoidGuestContact/state (0.00s)
    --- PASS: TestPreCancelledTaskReadsAndWaitAvoidGuestContact/wait (0.00s)
    --- PASS: TestPreCancelledTaskReadsAndWaitAvoidGuestContact/pids (0.00s)
    --- PASS: TestPreCancelledTaskReadsAndWaitAvoidGuestContact/connect (0.00s)
=== RUN   TestTaskRPCsRejectNilAndMismatchedTaskIdentityBeforeMutation
=== RUN   TestTaskRPCsRejectNilAndMismatchedTaskIdentityBeforeMutation/Create
=== RUN   TestTaskRPCsRejectNilAndMismatchedTaskIdentityBeforeMutation/Create/nil
=== RUN   TestTaskRPCsRejectNilAndMismatchedTaskIdentityBeforeMutation/Create/mismatched
=== RUN   TestTaskRPCsRejectNilAndMismatchedTaskIdentityBeforeMutation/Start
=== RUN   TestTaskRPCsRejectNilAndMismatchedTaskIdentityBeforeMutation/Start/nil
=== RUN   TestTaskRPCsRejectNilAndMismatchedTaskIdentityBeforeMutation/Start/mismatched
=== RUN   TestTaskRPCsRejectNilAndMismatchedTaskIdentityBeforeMutation/State
=== RUN   TestTaskRPCsRejectNilAndMismatchedTaskIdentityBeforeMutation/State/nil
=== RUN   TestTaskRPCsRejectNilAndMismatchedTaskIdentityBeforeMutation/State/mismatched
=== RUN   TestTaskRPCsRejectNilAndMismatchedTaskIdentityBeforeMutation/Wait
=== RUN   TestTaskRPCsRejectNilAndMismatchedTaskIdentityBeforeMutation/Wait/nil
=== RUN   TestTaskRPCsRejectNilAndMismatchedTaskIdentityBeforeMutation/Wait/mismatched
=== RUN   TestTaskRPCsRejectNilAndMismatchedTaskIdentityBeforeMutation/Kill
=== RUN   TestTaskRPCsRejectNilAndMismatchedTaskIdentityBeforeMutation/Kill/nil
=== RUN   TestTaskRPCsRejectNilAndMismatchedTaskIdentityBeforeMutation/Kill/mismatched
=== RUN   TestTaskRPCsRejectNilAndMismatchedTaskIdentityBeforeMutation/Exec
=== RUN   TestTaskRPCsRejectNilAndMismatchedTaskIdentityBeforeMutation/Exec/nil
=== RUN   TestTaskRPCsRejectNilAndMismatchedTaskIdentityBeforeMutation/Exec/mismatched
=== RUN   TestTaskRPCsRejectNilAndMismatchedTaskIdentityBeforeMutation/Delete
=== RUN   TestTaskRPCsRejectNilAndMismatchedTaskIdentityBeforeMutation/Delete/mismatched
=== RUN   TestTaskRPCsRejectNilAndMismatchedTaskIdentityBeforeMutation/Delete/nil
=== RUN   TestTaskRPCsRejectNilAndMismatchedTaskIdentityBeforeMutation/Pids
=== RUN   TestTaskRPCsRejectNilAndMismatchedTaskIdentityBeforeMutation/Pids/nil
=== RUN   TestTaskRPCsRejectNilAndMismatchedTaskIdentityBeforeMutation/Pids/mismatched
=== RUN   TestTaskRPCsRejectNilAndMismatchedTaskIdentityBeforeMutation/Connect
=== RUN   TestTaskRPCsRejectNilAndMismatchedTaskIdentityBeforeMutation/Connect/nil
=== RUN   TestTaskRPCsRejectNilAndMismatchedTaskIdentityBeforeMutation/Connect/mismatched
=== RUN   TestTaskRPCsRejectNilAndMismatchedTaskIdentityBeforeMutation/Shutdown
=== RUN   TestTaskRPCsRejectNilAndMismatchedTaskIdentityBeforeMutation/Shutdown/nil
=== RUN   TestTaskRPCsRejectNilAndMismatchedTaskIdentityBeforeMutation/Shutdown/mismatched
=== RUN   TestTaskRPCsRejectNilAndMismatchedTaskIdentityBeforeMutation/ResizePty
=== RUN   TestTaskRPCsRejectNilAndMismatchedTaskIdentityBeforeMutation/ResizePty/nil
=== RUN   TestTaskRPCsRejectNilAndMismatchedTaskIdentityBeforeMutation/ResizePty/mismatched
=== RUN   TestTaskRPCsRejectNilAndMismatchedTaskIdentityBeforeMutation/Pause
=== RUN   TestTaskRPCsRejectNilAndMismatchedTaskIdentityBeforeMutation/Pause/mismatched
=== RUN   TestTaskRPCsRejectNilAndMismatchedTaskIdentityBeforeMutation/Pause/nil
=== RUN   TestTaskRPCsRejectNilAndMismatchedTaskIdentityBeforeMutation/Resume
=== RUN   TestTaskRPCsRejectNilAndMismatchedTaskIdentityBeforeMutation/Resume/nil
=== RUN   TestTaskRPCsRejectNilAndMismatchedTaskIdentityBeforeMutation/Resume/mismatched
=== RUN   TestTaskRPCsRejectNilAndMismatchedTaskIdentityBeforeMutation/CloseIO
=== RUN   TestTaskRPCsRejectNilAndMismatchedTaskIdentityBeforeMutation/CloseIO/nil
=== RUN   TestTaskRPCsRejectNilAndMismatchedTaskIdentityBeforeMutation/CloseIO/mismatched
=== RUN   TestTaskRPCsRejectNilAndMismatchedTaskIdentityBeforeMutation/Stats
=== RUN   TestTaskRPCsRejectNilAndMismatchedTaskIdentityBeforeMutation/Stats/nil
=== RUN   TestTaskRPCsRejectNilAndMismatchedTaskIdentityBeforeMutation/Stats/mismatched
--- PASS: TestTaskRPCsRejectNilAndMismatchedTaskIdentityBeforeMutation (0.01s)
    --- PASS: TestTaskRPCsRejectNilAndMismatchedTaskIdentityBeforeMutation/Create (0.00s)
        --- PASS: TestTaskRPCsRejectNilAndMismatchedTaskIdentityBeforeMutation/Create/nil (0.00s)
        --- PASS: TestTaskRPCsRejectNilAndMismatchedTaskIdentityBeforeMutation/Create/mismatched (0.00s)
    --- PASS: TestTaskRPCsRejectNilAndMismatchedTaskIdentityBeforeMutation/Start (0.00s)
        --- PASS: TestTaskRPCsRejectNilAndMismatchedTaskIdentityBeforeMutation/Start/nil (0.00s)
        --- PASS: TestTaskRPCsRejectNilAndMismatchedTaskIdentityBeforeMutation/Start/mismatched (0.00s)
    --- PASS: TestTaskRPCsRejectNilAndMismatchedTaskIdentityBeforeMutation/State (0.00s)
        --- PASS: TestTaskRPCsRejectNilAndMismatchedTaskIdentityBeforeMutation/State/nil (0.00s)
        --- PASS: TestTaskRPCsRejectNilAndMismatchedTaskIdentityBeforeMutation/State/mismatched (0.00s)
    --- PASS: TestTaskRPCsRejectNilAndMismatchedTaskIdentityBeforeMutation/Wait (0.00s)
        --- PASS: TestTaskRPCsRejectNilAndMismatchedTaskIdentityBeforeMutation/Wait/nil (0.00s)
        --- PASS: TestTaskRPCsRejectNilAndMismatchedTaskIdentityBeforeMutation/Wait/mismatched (0.00s)
    --- PASS: TestTaskRPCsRejectNilAndMismatchedTaskIdentityBeforeMutation/Kill (0.00s)
        --- PASS: TestTaskRPCsRejectNilAndMismatchedTaskIdentityBeforeMutation/Kill/nil (0.00s)
        --- PASS: TestTaskRPCsRejectNilAndMismatchedTaskIdentityBeforeMutation/Kill/mismatched (0.00s)
    --- PASS: TestTaskRPCsRejectNilAndMismatchedTaskIdentityBeforeMutation/Exec (0.00s)
        --- PASS: TestTaskRPCsRejectNilAndMismatchedTaskIdentityBeforeMutation/Exec/nil (0.00s)
        --- PASS: TestTaskRPCsRejectNilAndMismatchedTaskIdentityBeforeMutation/Exec/mismatched (0.00s)
    --- PASS: TestTaskRPCsRejectNilAndMismatchedTaskIdentityBeforeMutation/Delete (0.00s)
        --- PASS: TestTaskRPCsRejectNilAndMismatchedTaskIdentityBeforeMutation/Delete/mismatched (0.00s)
        --- PASS: TestTaskRPCsRejectNilAndMismatchedTaskIdentityBeforeMutation/Delete/nil (0.00s)
    --- PASS: TestTaskRPCsRejectNilAndMismatchedTaskIdentityBeforeMutation/Pids (0.00s)
        --- PASS: TestTaskRPCsRejectNilAndMismatchedTaskIdentityBeforeMutation/Pids/nil (0.00s)
        --- PASS: TestTaskRPCsRejectNilAndMismatchedTaskIdentityBeforeMutation/Pids/mismatched (0.00s)
    --- PASS: TestTaskRPCsRejectNilAndMismatchedTaskIdentityBeforeMutation/Connect (0.00s)
        --- PASS: TestTaskRPCsRejectNilAndMismatchedTaskIdentityBeforeMutation/Connect/nil (0.00s)
        --- PASS: TestTaskRPCsRejectNilAndMismatchedTaskIdentityBeforeMutation/Connect/mismatched (0.00s)
    --- PASS: TestTaskRPCsRejectNilAndMismatchedTaskIdentityBeforeMutation/Shutdown (0.00s)
        --- PASS: TestTaskRPCsRejectNilAndMismatchedTaskIdentityBeforeMutation/Shutdown/nil (0.00s)
        --- PASS: TestTaskRPCsRejectNilAndMismatchedTaskIdentityBeforeMutation/Shutdown/mismatched (0.00s)
    --- PASS: TestTaskRPCsRejectNilAndMismatchedTaskIdentityBeforeMutation/ResizePty (0.00s)
        --- PASS: TestTaskRPCsRejectNilAndMismatchedTaskIdentityBeforeMutation/ResizePty/nil (0.00s)
        --- PASS: TestTaskRPCsRejectNilAndMismatchedTaskIdentityBeforeMutation/ResizePty/mismatched (0.00s)
    --- PASS: TestTaskRPCsRejectNilAndMismatchedTaskIdentityBeforeMutation/Pause (0.00s)
        --- PASS: TestTaskRPCsRejectNilAndMismatchedTaskIdentityBeforeMutation/Pause/mismatched (0.00s)
        --- PASS: TestTaskRPCsRejectNilAndMismatchedTaskIdentityBeforeMutation/Pause/nil (0.00s)
    --- PASS: TestTaskRPCsRejectNilAndMismatchedTaskIdentityBeforeMutation/Resume (0.00s)
        --- PASS: TestTaskRPCsRejectNilAndMismatchedTaskIdentityBeforeMutation/Resume/nil (0.00s)
        --- PASS: TestTaskRPCsRejectNilAndMismatchedTaskIdentityBeforeMutation/Resume/mismatched (0.00s)
    --- PASS: TestTaskRPCsRejectNilAndMismatchedTaskIdentityBeforeMutation/CloseIO (0.00s)
        --- PASS: TestTaskRPCsRejectNilAndMismatchedTaskIdentityBeforeMutation/CloseIO/nil (0.00s)
        --- PASS: TestTaskRPCsRejectNilAndMismatchedTaskIdentityBeforeMutation/CloseIO/mismatched (0.00s)
    --- PASS: TestTaskRPCsRejectNilAndMismatchedTaskIdentityBeforeMutation/Stats (0.00s)
        --- PASS: TestTaskRPCsRejectNilAndMismatchedTaskIdentityBeforeMutation/Stats/nil (0.00s)
        --- PASS: TestTaskRPCsRejectNilAndMismatchedTaskIdentityBeforeMutation/Stats/mismatched (0.00s)
=== RUN   TestCancelCreateUsesExactOriginalIdentity
--- PASS: TestCancelCreateUsesExactOriginalIdentity (0.00s)
=== RUN   TestCreateAmbiguityCancellationRemovesPreparedArtifacts
--- PASS: TestCreateAmbiguityCancellationRemovesPreparedArtifacts (0.00s)
=== RUN   TestCreateRejectsOCIValidationBeforeAllocationOrArtifacts
--- PASS: TestCreateRejectsOCIValidationBeforeAllocationOrArtifacts (0.00s)
=== RUN   TestCreatePostValidationFailureRollbackMatrix
=== RUN   TestCreatePostValidationFailureRollbackMatrix/prepare-rootfs
=== RUN   TestCreatePostValidationFailureRollbackMatrix/runtime-handoff
=== RUN   TestCreatePostValidationFailureRollbackMatrix/token
=== RUN   TestCreatePostValidationFailureRollbackMatrix/create-sandbox
=== RUN   TestCreatePostValidationFailureRollbackMatrix/load-sandbox
=== RUN   TestCreatePostValidationFailureRollbackMatrix/provision-network
=== RUN   TestCreatePostValidationFailureRollbackMatrix/namespace-holder
=== RUN   TestCreatePostValidationFailureRollbackMatrix/persist-recovery
=== RUN   TestCreatePostValidationFailureRollbackMatrix/persist-create-event
--- PASS: TestCreatePostValidationFailureRollbackMatrix (0.02s)
    --- PASS: TestCreatePostValidationFailureRollbackMatrix/prepare-rootfs (0.00s)
    --- PASS: TestCreatePostValidationFailureRollbackMatrix/runtime-handoff (0.00s)
    --- PASS: TestCreatePostValidationFailureRollbackMatrix/token (0.00s)
    --- PASS: TestCreatePostValidationFailureRollbackMatrix/create-sandbox (0.00s)
    --- PASS: TestCreatePostValidationFailureRollbackMatrix/load-sandbox (0.00s)
    --- PASS: TestCreatePostValidationFailureRollbackMatrix/provision-network (0.00s)
    --- PASS: TestCreatePostValidationFailureRollbackMatrix/namespace-holder (0.00s)
    --- PASS: TestCreatePostValidationFailureRollbackMatrix/persist-recovery (0.00s)
    --- PASS: TestCreatePostValidationFailureRollbackMatrix/persist-create-event (0.00s)
=== RUN   TestExecRollsBackProcessOnAgentFailure
--- PASS: TestExecRollsBackProcessOnAgentFailure (0.00s)
=== RUN   TestExecCreationIntentReconcilesAmbiguousGuestMutation
=== RUN   TestExecCreationIntentReconcilesAmbiguousGuestMutation/lost_reply_confirms_created_owner
=== RUN   TestExecCreationIntentReconcilesAmbiguousGuestMutation/unavailable_state_and_cleanup_retain_durable_owner
=== RUN   TestExecCreationIntentReconcilesAmbiguousGuestMutation/confirmed_absence_removes_durable_intent
--- PASS: TestExecCreationIntentReconcilesAmbiguousGuestMutation (0.02s)
    --- PASS: TestExecCreationIntentReconcilesAmbiguousGuestMutation/lost_reply_confirms_created_owner (0.01s)
    --- PASS: TestExecCreationIntentReconcilesAmbiguousGuestMutation/unavailable_state_and_cleanup_retain_durable_owner (0.00s)
    --- PASS: TestExecCreationIntentReconcilesAmbiguousGuestMutation/confirmed_absence_removes_durable_intent (0.00s)
=== RUN   TestRecoveredCreatedExecRequiresExactGuestOwnership
=== RUN   TestRecoveredCreatedExecRequiresExactGuestOwnership/exact_created
=== RUN   TestRecoveredCreatedExecRequiresExactGuestOwnership/confirmed_absent
=== RUN   TestRecoveredCreatedExecRequiresExactGuestOwnership/wrong_identity
=== RUN   TestRecoveredCreatedExecRequiresExactGuestOwnership/running
=== RUN   TestRecoveredCreatedExecRequiresExactGuestOwnership/transport_unavailable
--- PASS: TestRecoveredCreatedExecRequiresExactGuestOwnership (0.00s)
    --- PASS: TestRecoveredCreatedExecRequiresExactGuestOwnership/exact_created (0.00s)
    --- PASS: TestRecoveredCreatedExecRequiresExactGuestOwnership/confirmed_absent (0.00s)
    --- PASS: TestRecoveredCreatedExecRequiresExactGuestOwnership/wrong_identity (0.00s)
    --- PASS: TestRecoveredCreatedExecRequiresExactGuestOwnership/running (0.00s)
    --- PASS: TestRecoveredCreatedExecRequiresExactGuestOwnership/transport_unavailable (0.00s)
=== RUN   TestExecRollbackRetainsOwnershipUntilGuestDeletion
=== RUN   TestExecRollbackRetainsOwnershipUntilGuestDeletion/deleted
=== RUN   TestExecRollbackRetainsOwnershipUntilGuestDeletion/already_absent
=== RUN   TestExecRollbackRetainsOwnershipUntilGuestDeletion/delete_failed
--- PASS: TestExecRollbackRetainsOwnershipUntilGuestDeletion (0.01s)
    --- PASS: TestExecRollbackRetainsOwnershipUntilGuestDeletion/deleted (0.00s)
    --- PASS: TestExecRollbackRetainsOwnershipUntilGuestDeletion/already_absent (0.00s)
    --- PASS: TestExecRollbackRetainsOwnershipUntilGuestDeletion/delete_failed (0.00s)
=== RUN   TestStartReturnsKillFailureAndRetainsMonitorAfterPersistenceFailure
--- PASS: TestStartReturnsKillFailureAndRetainsMonitorAfterPersistenceFailure (0.01s)
=== RUN   TestStartRejectsGuestPIDOutsideTaskRangeAndRetainsOwnership
--- PASS: TestStartRejectsGuestPIDOutsideTaskRangeAndRetainsOwnership (0.01s)
=== RUN   TestStartRejectsMismatchedGuestProcessStateAndRetainsOwnership
=== RUN   TestStartRejectsMismatchedGuestProcessStateAndRetainsOwnership/wrong_identity
=== RUN   TestStartRejectsMismatchedGuestProcessStateAndRetainsOwnership/created
--- PASS: TestStartRejectsMismatchedGuestProcessStateAndRetainsOwnership (0.02s)
    --- PASS: TestStartRejectsMismatchedGuestProcessStateAndRetainsOwnership/wrong_identity (0.01s)
    --- PASS: TestStartRejectsMismatchedGuestProcessStateAndRetainsOwnership/created (0.01s)
=== RUN   TestStartReconcilesAmbiguousGuestResultWithoutLosingOwnership
=== RUN   TestStartReconcilesAmbiguousGuestResultWithoutLosingOwnership/confirmed_created_remains_retryable
=== RUN   TestStartReconcilesAmbiguousGuestResultWithoutLosingOwnership/running_proves_start_applied
=== RUN   TestStartReconcilesAmbiguousGuestResultWithoutLosingOwnership/rapid_stop_proves_start_applied
=== RUN   TestStartReconcilesAmbiguousGuestResultWithoutLosingOwnership/lost_state_reply_reconnects
=== RUN   TestStartReconcilesAmbiguousGuestResultWithoutLosingOwnership/unresolved_transport_failure_retains_ownership
--- PASS: TestStartReconcilesAmbiguousGuestResultWithoutLosingOwnership (0.10s)
    --- PASS: TestStartReconcilesAmbiguousGuestResultWithoutLosingOwnership/confirmed_created_remains_retryable (0.00s)
    --- PASS: TestStartReconcilesAmbiguousGuestResultWithoutLosingOwnership/running_proves_start_applied (0.01s)
    --- PASS: TestStartReconcilesAmbiguousGuestResultWithoutLosingOwnership/rapid_stop_proves_start_applied (0.01s)
    --- PASS: TestStartReconcilesAmbiguousGuestResultWithoutLosingOwnership/lost_state_reply_reconnects (0.06s)
    --- PASS: TestStartReconcilesAmbiguousGuestResultWithoutLosingOwnership/unresolved_transport_failure_retains_ownership (0.01s)
=== RUN   TestEnsureGuestProcessCreatedReconcilesBeforeMutation
=== RUN   TestEnsureGuestProcessCreatedReconcilesBeforeMutation/absent_is_created
=== RUN   TestEnsureGuestProcessCreatedReconcilesBeforeMutation/create_rejection_is_returned
=== RUN   TestEnsureGuestProcessCreatedReconcilesBeforeMutation/existing_created_is_reused
=== RUN   TestEnsureGuestProcessCreatedReconcilesBeforeMutation/wrong_identity
=== RUN   TestEnsureGuestProcessCreatedReconcilesBeforeMutation/running_is_not_recreated
=== RUN   TestEnsureGuestProcessCreatedReconcilesBeforeMutation/created_with_pid_is_invalid
=== RUN   TestEnsureGuestProcessCreatedReconcilesBeforeMutation/transport_failure_is_not_absence
--- PASS: TestEnsureGuestProcessCreatedReconcilesBeforeMutation (0.00s)
    --- PASS: TestEnsureGuestProcessCreatedReconcilesBeforeMutation/absent_is_created (0.00s)
    --- PASS: TestEnsureGuestProcessCreatedReconcilesBeforeMutation/create_rejection_is_returned (0.00s)
    --- PASS: TestEnsureGuestProcessCreatedReconcilesBeforeMutation/existing_created_is_reused (0.00s)
    --- PASS: TestEnsureGuestProcessCreatedReconcilesBeforeMutation/wrong_identity (0.00s)
    --- PASS: TestEnsureGuestProcessCreatedReconcilesBeforeMutation/running_is_not_recreated (0.00s)
    --- PASS: TestEnsureGuestProcessCreatedReconcilesBeforeMutation/created_with_pid_is_invalid (0.00s)
    --- PASS: TestEnsureGuestProcessCreatedReconcilesBeforeMutation/transport_failure_is_not_absence (0.00s)
=== RUN   TestEnsureGuestProcessCreatedReconcilesLostReply
--- PASS: TestEnsureGuestProcessCreatedReconcilesLostReply (0.05s)
=== RUN   TestStartedProcessCleanupTreatsAuthenticatedAbsenceAsSuccess
--- PASS: TestStartedProcessCleanupTreatsAuthenticatedAbsenceAsSuccess (0.00s)
=== RUN   TestExecRejectsGuestUnrepresentableIDBeforeAgentContact
--- PASS: TestExecRejectsGuestUnrepresentableIDBeforeAgentContact (0.00s)
=== RUN   TestTaskStateGuardsRejectInvalidTransitionsBeforeAgentContact
--- PASS: TestTaskStateGuardsRejectInvalidTransitionsBeforeAgentContact (0.00s)
=== RUN   TestPreCancelledTaskMutationsPreserveStateAndAvoidGuestContact
=== RUN   TestPreCancelledTaskMutationsPreserveStateAndAvoidGuestContact/create
=== RUN   TestPreCancelledTaskMutationsPreserveStateAndAvoidGuestContact/start
=== RUN   TestPreCancelledTaskMutationsPreserveStateAndAvoidGuestContact/kill
=== RUN   TestPreCancelledTaskMutationsPreserveStateAndAvoidGuestContact/exec
=== RUN   TestPreCancelledTaskMutationsPreserveStateAndAvoidGuestContact/delete
=== RUN   TestPreCancelledTaskMutationsPreserveStateAndAvoidGuestContact/shutdown
=== RUN   TestPreCancelledTaskMutationsPreserveStateAndAvoidGuestContact/resize
=== RUN   TestPreCancelledTaskMutationsPreserveStateAndAvoidGuestContact/pause
=== RUN   TestPreCancelledTaskMutationsPreserveStateAndAvoidGuestContact/resume
=== RUN   TestPreCancelledTaskMutationsPreserveStateAndAvoidGuestContact/close-io
--- PASS: TestPreCancelledTaskMutationsPreserveStateAndAvoidGuestContact (0.00s)
    --- PASS: TestPreCancelledTaskMutationsPreserveStateAndAvoidGuestContact/create (0.00s)
    --- PASS: TestPreCancelledTaskMutationsPreserveStateAndAvoidGuestContact/start (0.00s)
    --- PASS: TestPreCancelledTaskMutationsPreserveStateAndAvoidGuestContact/kill (0.00s)
    --- PASS: TestPreCancelledTaskMutationsPreserveStateAndAvoidGuestContact/exec (0.00s)
    --- PASS: TestPreCancelledTaskMutationsPreserveStateAndAvoidGuestContact/delete (0.00s)
    --- PASS: TestPreCancelledTaskMutationsPreserveStateAndAvoidGuestContact/shutdown (0.00s)
    --- PASS: TestPreCancelledTaskMutationsPreserveStateAndAvoidGuestContact/resize (0.00s)
    --- PASS: TestPreCancelledTaskMutationsPreserveStateAndAvoidGuestContact/pause (0.00s)
    --- PASS: TestPreCancelledTaskMutationsPreserveStateAndAvoidGuestContact/resume (0.00s)
    --- PASS: TestPreCancelledTaskMutationsPreserveStateAndAvoidGuestContact/close-io (0.00s)
=== RUN   TestPreCancelledTaskReadsAndWaitAvoidGuestContact
=== RUN   TestPreCancelledTaskReadsAndWaitAvoidGuestContact/connect
=== RUN   TestPreCancelledTaskReadsAndWaitAvoidGuestContact/stats
=== RUN   TestPreCancelledTaskReadsAndWaitAvoidGuestContact/state
=== RUN   TestPreCancelledTaskReadsAndWaitAvoidGuestContact/wait
=== RUN   TestPreCancelledTaskReadsAndWaitAvoidGuestContact/pids
--- PASS: TestPreCancelledTaskReadsAndWaitAvoidGuestContact (0.00s)
    --- PASS: TestPreCancelledTaskReadsAndWaitAvoidGuestContact/connect (0.00s)
    --- PASS: TestPreCancelledTaskReadsAndWaitAvoidGuestContact/stats (0.00s)
    --- PASS: TestPreCancelledTaskReadsAndWaitAvoidGuestContact/state (0.00s)
    --- PASS: TestPreCancelledTaskReadsAndWaitAvoidGuestContact/wait (0.00s)
    --- PASS: TestPreCancelledTaskReadsAndWaitAvoidGuestContact/pids (0.00s)
=== RUN   TestTaskRPCsRejectNilAndMismatchedTaskIdentityBeforeMutation
=== RUN   TestTaskRPCsRejectNilAndMismatchedTaskIdentityBeforeMutation/Create
=== RUN   TestTaskRPCsRejectNilAndMismatchedTaskIdentityBeforeMutation/Create/nil
=== RUN   TestTaskRPCsRejectNilAndMismatchedTaskIdentityBeforeMutation/Create/mismatched
=== RUN   TestTaskRPCsRejectNilAndMismatchedTaskIdentityBeforeMutation/Start
=== RUN   TestTaskRPCsRejectNilAndMismatchedTaskIdentityBeforeMutation/Start/nil
=== RUN   TestTaskRPCsRejectNilAndMismatchedTaskIdentityBeforeMutation/Start/mismatched
=== RUN   TestTaskRPCsRejectNilAndMismatchedTaskIdentityBeforeMutation/State
=== RUN   TestTaskRPCsRejectNilAndMismatchedTaskIdentityBeforeMutation/State/nil
=== RUN   TestTaskRPCsRejectNilAndMismatchedTaskIdentityBeforeMutation/State/mismatched
=== RUN   TestTaskRPCsRejectNilAndMismatchedTaskIdentityBeforeMutation/Wait
=== RUN   TestTaskRPCsRejectNilAndMismatchedTaskIdentityBeforeMutation/Wait/nil
=== RUN   TestTaskRPCsRejectNilAndMismatchedTaskIdentityBeforeMutation/Wait/mismatched
=== RUN   TestTaskRPCsRejectNilAndMismatchedTaskIdentityBeforeMutation/Kill
=== RUN   TestTaskRPCsRejectNilAndMismatchedTaskIdentityBeforeMutation/Kill/mismatched
=== RUN   TestTaskRPCsRejectNilAndMismatchedTaskIdentityBeforeMutation/Kill/nil
=== RUN   TestTaskRPCsRejectNilAndMismatchedTaskIdentityBeforeMutation/Exec
=== RUN   TestTaskRPCsRejectNilAndMismatchedTaskIdentityBeforeMutation/Exec/nil
=== RUN   TestTaskRPCsRejectNilAndMismatchedTaskIdentityBeforeMutation/Exec/mismatched
=== RUN   TestTaskRPCsRejectNilAndMismatchedTaskIdentityBeforeMutation/Delete
=== RUN   TestTaskRPCsRejectNilAndMismatchedTaskIdentityBeforeMutation/Delete/nil
=== RUN   TestTaskRPCsRejectNilAndMismatchedTaskIdentityBeforeMutation/Delete/mismatched
=== RUN   TestTaskRPCsRejectNilAndMismatchedTaskIdentityBeforeMutation/Pids
=== RUN   TestTaskRPCsRejectNilAndMismatchedTaskIdentityBeforeMutation/Pids/nil
=== RUN   TestTaskRPCsRejectNilAndMismatchedTaskIdentityBeforeMutation/Pids/mismatched
=== RUN   TestTaskRPCsRejectNilAndMismatchedTaskIdentityBeforeMutation/Connect
=== RUN   TestTaskRPCsRejectNilAndMismatchedTaskIdentityBeforeMutation/Connect/nil
=== RUN   TestTaskRPCsRejectNilAndMismatchedTaskIdentityBeforeMutation/Connect/mismatched
=== RUN   TestTaskRPCsRejectNilAndMismatchedTaskIdentityBeforeMutation/Shutdown
=== RUN   TestTaskRPCsRejectNilAndMismatchedTaskIdentityBeforeMutation/Shutdown/nil
=== RUN   TestTaskRPCsRejectNilAndMismatchedTaskIdentityBeforeMutation/Shutdown/mismatched
=== RUN   TestTaskRPCsRejectNilAndMismatchedTaskIdentityBeforeMutation/ResizePty
=== RUN   TestTaskRPCsRejectNilAndMismatchedTaskIdentityBeforeMutation/ResizePty/mismatched
=== RUN   TestTaskRPCsRejectNilAndMismatchedTaskIdentityBeforeMutation/ResizePty/nil
=== RUN   TestTaskRPCsRejectNilAndMismatchedTaskIdentityBeforeMutation/Pause
=== RUN   TestTaskRPCsRejectNilAndMismatchedTaskIdentityBeforeMutation/Pause/nil
=== RUN   TestTaskRPCsRejectNilAndMismatchedTaskIdentityBeforeMutation/Pause/mismatched
=== RUN   TestTaskRPCsRejectNilAndMismatchedTaskIdentityBeforeMutation/Resume
=== RUN   TestTaskRPCsRejectNilAndMismatchedTaskIdentityBeforeMutation/Resume/nil
=== RUN   TestTaskRPCsRejectNilAndMismatchedTaskIdentityBeforeMutation/Resume/mismatched
=== RUN   TestTaskRPCsRejectNilAndMismatchedTaskIdentityBeforeMutation/CloseIO
=== RUN   TestTaskRPCsRejectNilAndMismatchedTaskIdentityBeforeMutation/CloseIO/nil
=== RUN   TestTaskRPCsRejectNilAndMismatchedTaskIdentityBeforeMutation/CloseIO/mismatched
=== RUN   TestTaskRPCsRejectNilAndMismatchedTaskIdentityBeforeMutation/Stats
=== RUN   TestTaskRPCsRejectNilAndMismatchedTaskIdentityBeforeMutation/Stats/nil
=== RUN   TestTaskRPCsRejectNilAndMismatchedTaskIdentityBeforeMutation/Stats/mismatched
--- PASS: TestTaskRPCsRejectNilAndMismatchedTaskIdentityBeforeMutation (0.01s)
    --- PASS: TestTaskRPCsRejectNilAndMismatchedTaskIdentityBeforeMutation/Create (0.00s)
        --- PASS: TestTaskRPCsRejectNilAndMismatchedTaskIdentityBeforeMutation/Create/nil (0.00s)
        --- PASS: TestTaskRPCsRejectNilAndMismatchedTaskIdentityBeforeMutation/Create/mismatched (0.00s)
    --- PASS: TestTaskRPCsRejectNilAndMismatchedTaskIdentityBeforeMutation/Start (0.00s)
        --- PASS: TestTaskRPCsRejectNilAndMismatchedTaskIdentityBeforeMutation/Start/nil (0.00s)
        --- PASS: TestTaskRPCsRejectNilAndMismatchedTaskIdentityBeforeMutation/Start/mismatched (0.00s)
    --- PASS: TestTaskRPCsRejectNilAndMismatchedTaskIdentityBeforeMutation/State (0.00s)
        --- PASS: TestTaskRPCsRejectNilAndMismatchedTaskIdentityBeforeMutation/State/nil (0.00s)
        --- PASS: TestTaskRPCsRejectNilAndMismatchedTaskIdentityBeforeMutation/State/mismatched (0.00s)
    --- PASS: TestTaskRPCsRejectNilAndMismatchedTaskIdentityBeforeMutation/Wait (0.00s)
        --- PASS: TestTaskRPCsRejectNilAndMismatchedTaskIdentityBeforeMutation/Wait/nil (0.00s)
        --- PASS: TestTaskRPCsRejectNilAndMismatchedTaskIdentityBeforeMutation/Wait/mismatched (0.00s)
    --- PASS: TestTaskRPCsRejectNilAndMismatchedTaskIdentityBeforeMutation/Kill (0.00s)
        --- PASS: TestTaskRPCsRejectNilAndMismatchedTaskIdentityBeforeMutation/Kill/mismatched (0.00s)
        --- PASS: TestTaskRPCsRejectNilAndMismatchedTaskIdentityBeforeMutation/Kill/nil (0.00s)
    --- PASS: TestTaskRPCsRejectNilAndMismatchedTaskIdentityBeforeMutation/Exec (0.00s)
        --- PASS: TestTaskRPCsRejectNilAndMismatchedTaskIdentityBeforeMutation/Exec/nil (0.00s)
        --- PASS: TestTaskRPCsRejectNilAndMismatchedTaskIdentityBeforeMutation/Exec/mismatched (0.00s)
    --- PASS: TestTaskRPCsRejectNilAndMismatchedTaskIdentityBeforeMutation/Delete (0.00s)
        --- PASS: TestTaskRPCsRejectNilAndMismatchedTaskIdentityBeforeMutation/Delete/nil (0.00s)
        --- PASS: TestTaskRPCsRejectNilAndMismatchedTaskIdentityBeforeMutation/Delete/mismatched (0.00s)
    --- PASS: TestTaskRPCsRejectNilAndMismatchedTaskIdentityBeforeMutation/Pids (0.00s)
        --- PASS: TestTaskRPCsRejectNilAndMismatchedTaskIdentityBeforeMutation/Pids/nil (0.00s)
        --- PASS: TestTaskRPCsRejectNilAndMismatchedTaskIdentityBeforeMutation/Pids/mismatched (0.00s)
    --- PASS: TestTaskRPCsRejectNilAndMismatchedTaskIdentityBeforeMutation/Connect (0.00s)
        --- PASS: TestTaskRPCsRejectNilAndMismatchedTaskIdentityBeforeMutation/Connect/nil (0.00s)
        --- PASS: TestTaskRPCsRejectNilAndMismatchedTaskIdentityBeforeMutation/Connect/mismatched (0.00s)
    --- PASS: TestTaskRPCsRejectNilAndMismatchedTaskIdentityBeforeMutation/Shutdown (0.00s)
        --- PASS: TestTaskRPCsRejectNilAndMismatchedTaskIdentityBeforeMutation/Shutdown/nil (0.00s)
        --- PASS: TestTaskRPCsRejectNilAndMismatchedTaskIdentityBeforeMutation/Shutdown/mismatched (0.00s)
    --- PASS: TestTaskRPCsRejectNilAndMismatchedTaskIdentityBeforeMutation/ResizePty (0.00s)
        --- PASS: TestTaskRPCsRejectNilAndMismatchedTaskIdentityBeforeMutation/ResizePty/mismatched (0.00s)
        --- PASS: TestTaskRPCsRejectNilAndMismatchedTaskIdentityBeforeMutation/ResizePty/nil (0.00s)
    --- PASS: TestTaskRPCsRejectNilAndMismatchedTaskIdentityBeforeMutation/Pause (0.00s)
        --- PASS: TestTaskRPCsRejectNilAndMismatchedTaskIdentityBeforeMutation/Pause/nil (0.00s)
        --- PASS: TestTaskRPCsRejectNilAndMismatchedTaskIdentityBeforeMutation/Pause/mismatched (0.00s)
    --- PASS: TestTaskRPCsRejectNilAndMismatchedTaskIdentityBeforeMutation/Resume (0.00s)
        --- PASS: TestTaskRPCsRejectNilAndMismatchedTaskIdentityBeforeMutation/Resume/nil (0.00s)
        --- PASS: TestTaskRPCsRejectNilAndMismatchedTaskIdentityBeforeMutation/Resume/mismatched (0.00s)
    --- PASS: TestTaskRPCsRejectNilAndMismatchedTaskIdentityBeforeMutation/CloseIO (0.00s)
        --- PASS: TestTaskRPCsRejectNilAndMismatchedTaskIdentityBeforeMutation/CloseIO/nil (0.00s)
        --- PASS: TestTaskRPCsRejectNilAndMismatchedTaskIdentityBeforeMutation/CloseIO/mismatched (0.00s)
    --- PASS: TestTaskRPCsRejectNilAndMismatchedTaskIdentityBeforeMutation/Stats (0.00s)
        --- PASS: TestTaskRPCsRejectNilAndMismatchedTaskIdentityBeforeMutation/Stats/nil (0.00s)
        --- PASS: TestTaskRPCsRejectNilAndMismatchedTaskIdentityBeforeMutation/Stats/mismatched (0.00s)
=== RUN   TestCancelCreateUsesExactOriginalIdentity
--- PASS: TestCancelCreateUsesExactOriginalIdentity (0.00s)
=== RUN   TestCreateAmbiguityCancellationRemovesPreparedArtifacts
--- PASS: TestCreateAmbiguityCancellationRemovesPreparedArtifacts (0.00s)
=== RUN   TestCreateRejectsOCIValidationBeforeAllocationOrArtifacts
--- PASS: TestCreateRejectsOCIValidationBeforeAllocationOrArtifacts (0.00s)
=== RUN   TestCreatePostValidationFailureRollbackMatrix
=== RUN   TestCreatePostValidationFailureRollbackMatrix/prepare-rootfs
=== RUN   TestCreatePostValidationFailureRollbackMatrix/runtime-handoff
=== RUN   TestCreatePostValidationFailureRollbackMatrix/token
=== RUN   TestCreatePostValidationFailureRollbackMatrix/create-sandbox
=== RUN   TestCreatePostValidationFailureRollbackMatrix/load-sandbox
=== RUN   TestCreatePostValidationFailureRollbackMatrix/provision-network
=== RUN   TestCreatePostValidationFailureRollbackMatrix/namespace-holder
=== RUN   TestCreatePostValidationFailureRollbackMatrix/persist-recovery
=== RUN   TestCreatePostValidationFailureRollbackMatrix/persist-create-event
--- PASS: TestCreatePostValidationFailureRollbackMatrix (0.02s)
    --- PASS: TestCreatePostValidationFailureRollbackMatrix/prepare-rootfs (0.00s)
    --- PASS: TestCreatePostValidationFailureRollbackMatrix/runtime-handoff (0.00s)
    --- PASS: TestCreatePostValidationFailureRollbackMatrix/token (0.00s)
    --- PASS: TestCreatePostValidationFailureRollbackMatrix/create-sandbox (0.00s)
    --- PASS: TestCreatePostValidationFailureRollbackMatrix/load-sandbox (0.00s)
    --- PASS: TestCreatePostValidationFailureRollbackMatrix/provision-network (0.00s)
    --- PASS: TestCreatePostValidationFailureRollbackMatrix/namespace-holder (0.00s)
    --- PASS: TestCreatePostValidationFailureRollbackMatrix/persist-recovery (0.00s)
    --- PASS: TestCreatePostValidationFailureRollbackMatrix/persist-create-event (0.01s)
=== RUN   TestExecRollsBackProcessOnAgentFailure
--- PASS: TestExecRollsBackProcessOnAgentFailure (0.00s)
=== RUN   TestExecCreationIntentReconcilesAmbiguousGuestMutation
=== RUN   TestExecCreationIntentReconcilesAmbiguousGuestMutation/lost_reply_confirms_created_owner
=== RUN   TestExecCreationIntentReconcilesAmbiguousGuestMutation/unavailable_state_and_cleanup_retain_durable_owner
=== RUN   TestExecCreationIntentReconcilesAmbiguousGuestMutation/confirmed_absence_removes_durable_intent
--- PASS: TestExecCreationIntentReconcilesAmbiguousGuestMutation (0.02s)
    --- PASS: TestExecCreationIntentReconcilesAmbiguousGuestMutation/lost_reply_confirms_created_owner (0.01s)
    --- PASS: TestExecCreationIntentReconcilesAmbiguousGuestMutation/unavailable_state_and_cleanup_retain_durable_owner (0.00s)
    --- PASS: TestExecCreationIntentReconcilesAmbiguousGuestMutation/confirmed_absence_removes_durable_intent (0.00s)
=== RUN   TestRecoveredCreatedExecRequiresExactGuestOwnership
=== RUN   TestRecoveredCreatedExecRequiresExactGuestOwnership/exact_created
=== RUN   TestRecoveredCreatedExecRequiresExactGuestOwnership/confirmed_absent
=== RUN   TestRecoveredCreatedExecRequiresExactGuestOwnership/wrong_identity
=== RUN   TestRecoveredCreatedExecRequiresExactGuestOwnership/running
=== RUN   TestRecoveredCreatedExecRequiresExactGuestOwnership/transport_unavailable
--- PASS: TestRecoveredCreatedExecRequiresExactGuestOwnership (0.00s)
    --- PASS: TestRecoveredCreatedExecRequiresExactGuestOwnership/exact_created (0.00s)
    --- PASS: TestRecoveredCreatedExecRequiresExactGuestOwnership/confirmed_absent (0.00s)
    --- PASS: TestRecoveredCreatedExecRequiresExactGuestOwnership/wrong_identity (0.00s)
    --- PASS: TestRecoveredCreatedExecRequiresExactGuestOwnership/running (0.00s)
    --- PASS: TestRecoveredCreatedExecRequiresExactGuestOwnership/transport_unavailable (0.00s)
=== RUN   TestExecRollbackRetainsOwnershipUntilGuestDeletion
=== RUN   TestExecRollbackRetainsOwnershipUntilGuestDeletion/already_absent
=== RUN   TestExecRollbackRetainsOwnershipUntilGuestDeletion/delete_failed
=== RUN   TestExecRollbackRetainsOwnershipUntilGuestDeletion/deleted
--- PASS: TestExecRollbackRetainsOwnershipUntilGuestDeletion (0.01s)
    --- PASS: TestExecRollbackRetainsOwnershipUntilGuestDeletion/already_absent (0.00s)
    --- PASS: TestExecRollbackRetainsOwnershipUntilGuestDeletion/delete_failed (0.00s)
    --- PASS: TestExecRollbackRetainsOwnershipUntilGuestDeletion/deleted (0.00s)
=== RUN   TestStartReturnsKillFailureAndRetainsMonitorAfterPersistenceFailure
--- PASS: TestStartReturnsKillFailureAndRetainsMonitorAfterPersistenceFailure (0.01s)
=== RUN   TestStartRejectsGuestPIDOutsideTaskRangeAndRetainsOwnership
--- PASS: TestStartRejectsGuestPIDOutsideTaskRangeAndRetainsOwnership (0.01s)
=== RUN   TestStartRejectsMismatchedGuestProcessStateAndRetainsOwnership
=== RUN   TestStartRejectsMismatchedGuestProcessStateAndRetainsOwnership/wrong_identity
=== RUN   TestStartRejectsMismatchedGuestProcessStateAndRetainsOwnership/created
--- PASS: TestStartRejectsMismatchedGuestProcessStateAndRetainsOwnership (0.02s)
    --- PASS: TestStartRejectsMismatchedGuestProcessStateAndRetainsOwnership/wrong_identity (0.01s)
    --- PASS: TestStartRejectsMismatchedGuestProcessStateAndRetainsOwnership/created (0.01s)
=== RUN   TestStartReconcilesAmbiguousGuestResultWithoutLosingOwnership
=== RUN   TestStartReconcilesAmbiguousGuestResultWithoutLosingOwnership/confirmed_created_remains_retryable
=== RUN   TestStartReconcilesAmbiguousGuestResultWithoutLosingOwnership/running_proves_start_applied
=== RUN   TestStartReconcilesAmbiguousGuestResultWithoutLosingOwnership/rapid_stop_proves_start_applied
=== RUN   TestStartReconcilesAmbiguousGuestResultWithoutLosingOwnership/lost_state_reply_reconnects
=== RUN   TestStartReconcilesAmbiguousGuestResultWithoutLosingOwnership/unresolved_transport_failure_retains_ownership
--- PASS: TestStartReconcilesAmbiguousGuestResultWithoutLosingOwnership (0.09s)
    --- PASS: TestStartReconcilesAmbiguousGuestResultWithoutLosingOwnership/confirmed_created_remains_retryable (0.00s)
    --- PASS: TestStartReconcilesAmbiguousGuestResultWithoutLosingOwnership/running_proves_start_applied (0.01s)
    --- PASS: TestStartReconcilesAmbiguousGuestResultWithoutLosingOwnership/rapid_stop_proves_start_applied (0.01s)
    --- PASS: TestStartReconcilesAmbiguousGuestResultWithoutLosingOwnership/lost_state_reply_reconnects (0.06s)
    --- PASS: TestStartReconcilesAmbiguousGuestResultWithoutLosingOwnership/unresolved_transport_failure_retains_ownership (0.01s)
=== RUN   TestEnsureGuestProcessCreatedReconcilesBeforeMutation
=== RUN   TestEnsureGuestProcessCreatedReconcilesBeforeMutation/absent_is_created
=== RUN   TestEnsureGuestProcessCreatedReconcilesBeforeMutation/create_rejection_is_returned
=== RUN   TestEnsureGuestProcessCreatedReconcilesBeforeMutation/existing_created_is_reused
=== RUN   TestEnsureGuestProcessCreatedReconcilesBeforeMutation/wrong_identity
=== RUN   TestEnsureGuestProcessCreatedReconcilesBeforeMutation/running_is_not_recreated
=== RUN   TestEnsureGuestProcessCreatedReconcilesBeforeMutation/created_with_pid_is_invalid
=== RUN   TestEnsureGuestProcessCreatedReconcilesBeforeMutation/transport_failure_is_not_absence
--- PASS: TestEnsureGuestProcessCreatedReconcilesBeforeMutation (0.00s)
    --- PASS: TestEnsureGuestProcessCreatedReconcilesBeforeMutation/absent_is_created (0.00s)
    --- PASS: TestEnsureGuestProcessCreatedReconcilesBeforeMutation/create_rejection_is_returned (0.00s)
    --- PASS: TestEnsureGuestProcessCreatedReconcilesBeforeMutation/existing_created_is_reused (0.00s)
    --- PASS: TestEnsureGuestProcessCreatedReconcilesBeforeMutation/wrong_identity (0.00s)
    --- PASS: TestEnsureGuestProcessCreatedReconcilesBeforeMutation/running_is_not_recreated (0.00s)
    --- PASS: TestEnsureGuestProcessCreatedReconcilesBeforeMutation/created_with_pid_is_invalid (0.00s)
    --- PASS: TestEnsureGuestProcessCreatedReconcilesBeforeMutation/transport_failure_is_not_absence (0.00s)
=== RUN   TestEnsureGuestProcessCreatedReconcilesLostReply
--- PASS: TestEnsureGuestProcessCreatedReconcilesLostReply (0.05s)
=== RUN   TestStartedProcessCleanupTreatsAuthenticatedAbsenceAsSuccess
--- PASS: TestStartedProcessCleanupTreatsAuthenticatedAbsenceAsSuccess (0.00s)
=== RUN   TestExecRejectsGuestUnrepresentableIDBeforeAgentContact
--- PASS: TestExecRejectsGuestUnrepresentableIDBeforeAgentContact (0.00s)
=== RUN   TestTaskStateGuardsRejectInvalidTransitionsBeforeAgentContact
--- PASS: TestTaskStateGuardsRejectInvalidTransitionsBeforeAgentContact (0.00s)
=== RUN   TestPreCancelledTaskMutationsPreserveStateAndAvoidGuestContact
=== RUN   TestPreCancelledTaskMutationsPreserveStateAndAvoidGuestContact/create
=== RUN   TestPreCancelledTaskMutationsPreserveStateAndAvoidGuestContact/start
=== RUN   TestPreCancelledTaskMutationsPreserveStateAndAvoidGuestContact/kill
=== RUN   TestPreCancelledTaskMutationsPreserveStateAndAvoidGuestContact/exec
=== RUN   TestPreCancelledTaskMutationsPreserveStateAndAvoidGuestContact/delete
=== RUN   TestPreCancelledTaskMutationsPreserveStateAndAvoidGuestContact/shutdown
=== RUN   TestPreCancelledTaskMutationsPreserveStateAndAvoidGuestContact/resize
=== RUN   TestPreCancelledTaskMutationsPreserveStateAndAvoidGuestContact/pause
=== RUN   TestPreCancelledTaskMutationsPreserveStateAndAvoidGuestContact/resume
=== RUN   TestPreCancelledTaskMutationsPreserveStateAndAvoidGuestContact/close-io
--- PASS: TestPreCancelledTaskMutationsPreserveStateAndAvoidGuestContact (0.00s)
    --- PASS: TestPreCancelledTaskMutationsPreserveStateAndAvoidGuestContact/create (0.00s)
    --- PASS: TestPreCancelledTaskMutationsPreserveStateAndAvoidGuestContact/start (0.00s)
    --- PASS: TestPreCancelledTaskMutationsPreserveStateAndAvoidGuestContact/kill (0.00s)
    --- PASS: TestPreCancelledTaskMutationsPreserveStateAndAvoidGuestContact/exec (0.00s)
    --- PASS: TestPreCancelledTaskMutationsPreserveStateAndAvoidGuestContact/delete (0.00s)
    --- PASS: TestPreCancelledTaskMutationsPreserveStateAndAvoidGuestContact/shutdown (0.00s)
    --- PASS: TestPreCancelledTaskMutationsPreserveStateAndAvoidGuestContact/resize (0.00s)
    --- PASS: TestPreCancelledTaskMutationsPreserveStateAndAvoidGuestContact/pause (0.00s)
    --- PASS: TestPreCancelledTaskMutationsPreserveStateAndAvoidGuestContact/resume (0.00s)
    --- PASS: TestPreCancelledTaskMutationsPreserveStateAndAvoidGuestContact/close-io (0.00s)
=== RUN   TestPreCancelledTaskReadsAndWaitAvoidGuestContact
=== RUN   TestPreCancelledTaskReadsAndWaitAvoidGuestContact/connect
=== RUN   TestPreCancelledTaskReadsAndWaitAvoidGuestContact/stats
=== RUN   TestPreCancelledTaskReadsAndWaitAvoidGuestContact/state
=== RUN   TestPreCancelledTaskReadsAndWaitAvoidGuestContact/wait
=== RUN   TestPreCancelledTaskReadsAndWaitAvoidGuestContact/pids
--- PASS: TestPreCancelledTaskReadsAndWaitAvoidGuestContact (0.00s)
    --- PASS: TestPreCancelledTaskReadsAndWaitAvoidGuestContact/connect (0.00s)
    --- PASS: TestPreCancelledTaskReadsAndWaitAvoidGuestContact/stats (0.00s)
    --- PASS: TestPreCancelledTaskReadsAndWaitAvoidGuestContact/state (0.00s)
    --- PASS: TestPreCancelledTaskReadsAndWaitAvoidGuestContact/wait (0.00s)
    --- PASS: TestPreCancelledTaskReadsAndWaitAvoidGuestContact/pids (0.00s)
=== RUN   TestTaskRPCsRejectNilAndMismatchedTaskIdentityBeforeMutation
=== RUN   TestTaskRPCsRejectNilAndMismatchedTaskIdentityBeforeMutation/Create
=== RUN   TestTaskRPCsRejectNilAndMismatchedTaskIdentityBeforeMutation/Create/nil
=== RUN   TestTaskRPCsRejectNilAndMismatchedTaskIdentityBeforeMutation/Create/mismatched
=== RUN   TestTaskRPCsRejectNilAndMismatchedTaskIdentityBeforeMutation/Start
=== RUN   TestTaskRPCsRejectNilAndMismatchedTaskIdentityBeforeMutation/Start/nil
=== RUN   TestTaskRPCsRejectNilAndMismatchedTaskIdentityBeforeMutation/Start/mismatched
=== RUN   TestTaskRPCsRejectNilAndMismatchedTaskIdentityBeforeMutation/State
=== RUN   TestTaskRPCsRejectNilAndMismatchedTaskIdentityBeforeMutation/State/nil
=== RUN   TestTaskRPCsRejectNilAndMismatchedTaskIdentityBeforeMutation/State/mismatched
=== RUN   TestTaskRPCsRejectNilAndMismatchedTaskIdentityBeforeMutation/Wait
=== RUN   TestTaskRPCsRejectNilAndMismatchedTaskIdentityBeforeMutation/Wait/mismatched
=== RUN   TestTaskRPCsRejectNilAndMismatchedTaskIdentityBeforeMutation/Wait/nil
=== RUN   TestTaskRPCsRejectNilAndMismatchedTaskIdentityBeforeMutation/Kill
=== RUN   TestTaskRPCsRejectNilAndMismatchedTaskIdentityBeforeMutation/Kill/nil
=== RUN   TestTaskRPCsRejectNilAndMismatchedTaskIdentityBeforeMutation/Kill/mismatched
=== RUN   TestTaskRPCsRejectNilAndMismatchedTaskIdentityBeforeMutation/Exec
=== RUN   TestTaskRPCsRejectNilAndMismatchedTaskIdentityBeforeMutation/Exec/nil
=== RUN   TestTaskRPCsRejectNilAndMismatchedTaskIdentityBeforeMutation/Exec/mismatched
=== RUN   TestTaskRPCsRejectNilAndMismatchedTaskIdentityBeforeMutation/Delete
=== RUN   TestTaskRPCsRejectNilAndMismatchedTaskIdentityBeforeMutation/Delete/nil
=== RUN   TestTaskRPCsRejectNilAndMismatchedTaskIdentityBeforeMutation/Delete/mismatched
=== RUN   TestTaskRPCsRejectNilAndMismatchedTaskIdentityBeforeMutation/Pids
=== RUN   TestTaskRPCsRejectNilAndMismatchedTaskIdentityBeforeMutation/Pids/nil
=== RUN   TestTaskRPCsRejectNilAndMismatchedTaskIdentityBeforeMutation/Pids/mismatched
=== RUN   TestTaskRPCsRejectNilAndMismatchedTaskIdentityBeforeMutation/Connect
=== RUN   TestTaskRPCsRejectNilAndMismatchedTaskIdentityBeforeMutation/Connect/nil
=== RUN   TestTaskRPCsRejectNilAndMismatchedTaskIdentityBeforeMutation/Connect/mismatched
=== RUN   TestTaskRPCsRejectNilAndMismatchedTaskIdentityBeforeMutation/Shutdown
=== RUN   TestTaskRPCsRejectNilAndMismatchedTaskIdentityBeforeMutation/Shutdown/nil
=== RUN   TestTaskRPCsRejectNilAndMismatchedTaskIdentityBeforeMutation/Shutdown/mismatched
=== RUN   TestTaskRPCsRejectNilAndMismatchedTaskIdentityBeforeMutation/ResizePty
=== RUN   TestTaskRPCsRejectNilAndMismatchedTaskIdentityBeforeMutation/ResizePty/nil
=== RUN   TestTaskRPCsRejectNilAndMismatchedTaskIdentityBeforeMutation/ResizePty/mismatched
=== RUN   TestTaskRPCsRejectNilAndMismatchedTaskIdentityBeforeMutation/Pause
=== RUN   TestTaskRPCsRejectNilAndMismatchedTaskIdentityBeforeMutation/Pause/nil
=== RUN   TestTaskRPCsRejectNilAndMismatchedTaskIdentityBeforeMutation/Pause/mismatched
=== RUN   TestTaskRPCsRejectNilAndMismatchedTaskIdentityBeforeMutation/Resume
=== RUN   TestTaskRPCsRejectNilAndMismatchedTaskIdentityBeforeMutation/Resume/mismatched
=== RUN   TestTaskRPCsRejectNilAndMismatchedTaskIdentityBeforeMutation/Resume/nil
=== RUN   TestTaskRPCsRejectNilAndMismatchedTaskIdentityBeforeMutation/CloseIO
=== RUN   TestTaskRPCsRejectNilAndMismatchedTaskIdentityBeforeMutation/CloseIO/nil
=== RUN   TestTaskRPCsRejectNilAndMismatchedTaskIdentityBeforeMutation/CloseIO/mismatched
=== RUN   TestTaskRPCsRejectNilAndMismatchedTaskIdentityBeforeMutation/Stats
=== RUN   TestTaskRPCsRejectNilAndMismatchedTaskIdentityBeforeMutation/Stats/nil
=== RUN   TestTaskRPCsRejectNilAndMismatchedTaskIdentityBeforeMutation/Stats/mismatched
--- PASS: TestTaskRPCsRejectNilAndMismatchedTaskIdentityBeforeMutation (0.00s)
    --- PASS: TestTaskRPCsRejectNilAndMismatchedTaskIdentityBeforeMutation/Create (0.00s)
        --- PASS: TestTaskRPCsRejectNilAndMismatchedTaskIdentityBeforeMutation/Create/nil (0.00s)
        --- PASS: TestTaskRPCsRejectNilAndMismatchedTaskIdentityBeforeMutation/Create/mismatched (0.00s)
    --- PASS: TestTaskRPCsRejectNilAndMismatchedTaskIdentityBeforeMutation/Start (0.00s)
        --- PASS: TestTaskRPCsRejectNilAndMismatchedTaskIdentityBeforeMutation/Start/nil (0.00s)
        --- PASS: TestTaskRPCsRejectNilAndMismatchedTaskIdentityBeforeMutation/Start/mismatched (0.00s)
    --- PASS: TestTaskRPCsRejectNilAndMismatchedTaskIdentityBeforeMutation/State (0.00s)
        --- PASS: TestTaskRPCsRejectNilAndMismatchedTaskIdentityBeforeMutation/State/nil (0.00s)
        --- PASS: TestTaskRPCsRejectNilAndMismatchedTaskIdentityBeforeMutation/State/mismatched (0.00s)
    --- PASS: TestTaskRPCsRejectNilAndMismatchedTaskIdentityBeforeMutation/Wait (0.00s)
        --- PASS: TestTaskRPCsRejectNilAndMismatchedTaskIdentityBeforeMutation/Wait/mismatched (0.00s)
        --- PASS: TestTaskRPCsRejectNilAndMismatchedTaskIdentityBeforeMutation/Wait/nil (0.00s)
    --- PASS: TestTaskRPCsRejectNilAndMismatchedTaskIdentityBeforeMutation/Kill (0.00s)
        --- PASS: TestTaskRPCsRejectNilAndMismatchedTaskIdentityBeforeMutation/Kill/nil (0.00s)
        --- PASS: TestTaskRPCsRejectNilAndMismatchedTaskIdentityBeforeMutation/Kill/mismatched (0.00s)
    --- PASS: TestTaskRPCsRejectNilAndMismatchedTaskIdentityBeforeMutation/Exec (0.00s)
        --- PASS: TestTaskRPCsRejectNilAndMismatchedTaskIdentityBeforeMutation/Exec/nil (0.00s)
        --- PASS: TestTaskRPCsRejectNilAndMismatchedTaskIdentityBeforeMutation/Exec/mismatched (0.00s)
    --- PASS: TestTaskRPCsRejectNilAndMismatchedTaskIdentityBeforeMutation/Delete (0.00s)
        --- PASS: TestTaskRPCsRejectNilAndMismatchedTaskIdentityBeforeMutation/Delete/nil (0.00s)
        --- PASS: TestTaskRPCsRejectNilAndMismatchedTaskIdentityBeforeMutation/Delete/mismatched (0.00s)
    --- PASS: TestTaskRPCsRejectNilAndMismatchedTaskIdentityBeforeMutation/Pids (0.00s)
        --- PASS: TestTaskRPCsRejectNilAndMismatchedTaskIdentityBeforeMutation/Pids/nil (0.00s)
        --- PASS: TestTaskRPCsRejectNilAndMismatchedTaskIdentityBeforeMutation/Pids/mismatched (0.00s)
    --- PASS: TestTaskRPCsRejectNilAndMismatchedTaskIdentityBeforeMutation/Connect (0.00s)
        --- PASS: TestTaskRPCsRejectNilAndMismatchedTaskIdentityBeforeMutation/Connect/nil (0.00s)
        --- PASS: TestTaskRPCsRejectNilAndMismatchedTaskIdentityBeforeMutation/Connect/mismatched (0.00s)
    --- PASS: TestTaskRPCsRejectNilAndMismatchedTaskIdentityBeforeMutation/Shutdown (0.00s)
        --- PASS: TestTaskRPCsRejectNilAndMismatchedTaskIdentityBeforeMutation/Shutdown/nil (0.00s)
        --- PASS: TestTaskRPCsRejectNilAndMismatchedTaskIdentityBeforeMutation/Shutdown/mismatched (0.00s)
    --- PASS: TestTaskRPCsRejectNilAndMismatchedTaskIdentityBeforeMutation/ResizePty (0.00s)
        --- PASS: TestTaskRPCsRejectNilAndMismatchedTaskIdentityBeforeMutation/ResizePty/nil (0.00s)
        --- PASS: TestTaskRPCsRejectNilAndMismatchedTaskIdentityBeforeMutation/ResizePty/mismatched (0.00s)
    --- PASS: TestTaskRPCsRejectNilAndMismatchedTaskIdentityBeforeMutation/Pause (0.00s)
        --- PASS: TestTaskRPCsRejectNilAndMismatchedTaskIdentityBeforeMutation/Pause/nil (0.00s)
        --- PASS: TestTaskRPCsRejectNilAndMismatchedTaskIdentityBeforeMutation/Pause/mismatched (0.00s)
    --- PASS: TestTaskRPCsRejectNilAndMismatchedTaskIdentityBeforeMutation/Resume (0.00s)
        --- PASS: TestTaskRPCsRejectNilAndMismatchedTaskIdentityBeforeMutation/Resume/mismatched (0.00s)
        --- PASS: TestTaskRPCsRejectNilAndMismatchedTaskIdentityBeforeMutation/Resume/nil (0.00s)
    --- PASS: TestTaskRPCsRejectNilAndMismatchedTaskIdentityBeforeMutation/CloseIO (0.00s)
        --- PASS: TestTaskRPCsRejectNilAndMismatchedTaskIdentityBeforeMutation/CloseIO/nil (0.00s)
        --- PASS: TestTaskRPCsRejectNilAndMismatchedTaskIdentityBeforeMutation/CloseIO/mismatched (0.00s)
    --- PASS: TestTaskRPCsRejectNilAndMismatchedTaskIdentityBeforeMutation/Stats (0.00s)
        --- PASS: TestTaskRPCsRejectNilAndMismatchedTaskIdentityBeforeMutation/Stats/nil (0.00s)
        --- PASS: TestTaskRPCsRejectNilAndMismatchedTaskIdentityBeforeMutation/Stats/mismatched (0.00s)
=== RUN   TestCancelCreateUsesExactOriginalIdentity
--- PASS: TestCancelCreateUsesExactOriginalIdentity (0.00s)
=== RUN   TestCreateAmbiguityCancellationRemovesPreparedArtifacts
--- PASS: TestCreateAmbiguityCancellationRemovesPreparedArtifacts (0.00s)
=== RUN   TestCreateRejectsOCIValidationBeforeAllocationOrArtifacts
--- PASS: TestCreateRejectsOCIValidationBeforeAllocationOrArtifacts (0.00s)
=== RUN   TestCreatePostValidationFailureRollbackMatrix
=== RUN   TestCreatePostValidationFailureRollbackMatrix/prepare-rootfs
=== RUN   TestCreatePostValidationFailureRollbackMatrix/runtime-handoff
=== RUN   TestCreatePostValidationFailureRollbackMatrix/token
=== RUN   TestCreatePostValidationFailureRollbackMatrix/create-sandbox
=== RUN   TestCreatePostValidationFailureRollbackMatrix/load-sandbox
=== RUN   TestCreatePostValidationFailureRollbackMatrix/provision-network
=== RUN   TestCreatePostValidationFailureRollbackMatrix/namespace-holder
=== RUN   TestCreatePostValidationFailureRollbackMatrix/persist-recovery
=== RUN   TestCreatePostValidationFailureRollbackMatrix/persist-create-event
--- PASS: TestCreatePostValidationFailureRollbackMatrix (0.02s)
    --- PASS: TestCreatePostValidationFailureRollbackMatrix/prepare-rootfs (0.00s)
    --- PASS: TestCreatePostValidationFailureRollbackMatrix/runtime-handoff (0.00s)
    --- PASS: TestCreatePostValidationFailureRollbackMatrix/token (0.00s)
    --- PASS: TestCreatePostValidationFailureRollbackMatrix/create-sandbox (0.00s)
    --- PASS: TestCreatePostValidationFailureRollbackMatrix/load-sandbox (0.00s)
    --- PASS: TestCreatePostValidationFailureRollbackMatrix/provision-network (0.00s)
    --- PASS: TestCreatePostValidationFailureRollbackMatrix/namespace-holder (0.00s)
    --- PASS: TestCreatePostValidationFailureRollbackMatrix/persist-recovery (0.00s)
    --- PASS: TestCreatePostValidationFailureRollbackMatrix/persist-create-event (0.00s)
=== RUN   TestExecRollsBackProcessOnAgentFailure
--- PASS: TestExecRollsBackProcessOnAgentFailure (0.00s)
=== RUN   TestExecCreationIntentReconcilesAmbiguousGuestMutation
=== RUN   TestExecCreationIntentReconcilesAmbiguousGuestMutation/lost_reply_confirms_created_owner
=== RUN   TestExecCreationIntentReconcilesAmbiguousGuestMutation/unavailable_state_and_cleanup_retain_durable_owner
=== RUN   TestExecCreationIntentReconcilesAmbiguousGuestMutation/confirmed_absence_removes_durable_intent
--- PASS: TestExecCreationIntentReconcilesAmbiguousGuestMutation (0.02s)
    --- PASS: TestExecCreationIntentReconcilesAmbiguousGuestMutation/lost_reply_confirms_created_owner (0.01s)
    --- PASS: TestExecCreationIntentReconcilesAmbiguousGuestMutation/unavailable_state_and_cleanup_retain_durable_owner (0.00s)
    --- PASS: TestExecCreationIntentReconcilesAmbiguousGuestMutation/confirmed_absence_removes_durable_intent (0.00s)
=== RUN   TestRecoveredCreatedExecRequiresExactGuestOwnership
=== RUN   TestRecoveredCreatedExecRequiresExactGuestOwnership/exact_created
=== RUN   TestRecoveredCreatedExecRequiresExactGuestOwnership/confirmed_absent
=== RUN   TestRecoveredCreatedExecRequiresExactGuestOwnership/wrong_identity
=== RUN   TestRecoveredCreatedExecRequiresExactGuestOwnership/running
=== RUN   TestRecoveredCreatedExecRequiresExactGuestOwnership/transport_unavailable
--- PASS: TestRecoveredCreatedExecRequiresExactGuestOwnership (0.00s)
    --- PASS: TestRecoveredCreatedExecRequiresExactGuestOwnership/exact_created (0.00s)
    --- PASS: TestRecoveredCreatedExecRequiresExactGuestOwnership/confirmed_absent (0.00s)
    --- PASS: TestRecoveredCreatedExecRequiresExactGuestOwnership/wrong_identity (0.00s)
    --- PASS: TestRecoveredCreatedExecRequiresExactGuestOwnership/running (0.00s)
    --- PASS: TestRecoveredCreatedExecRequiresExactGuestOwnership/transport_unavailable (0.00s)
=== RUN   TestExecRollbackRetainsOwnershipUntilGuestDeletion
=== RUN   TestExecRollbackRetainsOwnershipUntilGuestDeletion/deleted
=== RUN   TestExecRollbackRetainsOwnershipUntilGuestDeletion/already_absent
=== RUN   TestExecRollbackRetainsOwnershipUntilGuestDeletion/delete_failed
--- PASS: TestExecRollbackRetainsOwnershipUntilGuestDeletion (0.01s)
    --- PASS: TestExecRollbackRetainsOwnershipUntilGuestDeletion/deleted (0.00s)
    --- PASS: TestExecRollbackRetainsOwnershipUntilGuestDeletion/already_absent (0.00s)
    --- PASS: TestExecRollbackRetainsOwnershipUntilGuestDeletion/delete_failed (0.00s)
=== RUN   TestStartReturnsKillFailureAndRetainsMonitorAfterPersistenceFailure
--- PASS: TestStartReturnsKillFailureAndRetainsMonitorAfterPersistenceFailure (0.01s)
=== RUN   TestStartRejectsGuestPIDOutsideTaskRangeAndRetainsOwnership
--- PASS: TestStartRejectsGuestPIDOutsideTaskRangeAndRetainsOwnership (0.01s)
=== RUN   TestStartRejectsMismatchedGuestProcessStateAndRetainsOwnership
=== RUN   TestStartRejectsMismatchedGuestProcessStateAndRetainsOwnership/wrong_identity
=== RUN   TestStartRejectsMismatchedGuestProcessStateAndRetainsOwnership/created
--- PASS: TestStartRejectsMismatchedGuestProcessStateAndRetainsOwnership (0.02s)
    --- PASS: TestStartRejectsMismatchedGuestProcessStateAndRetainsOwnership/wrong_identity (0.01s)
    --- PASS: TestStartRejectsMismatchedGuestProcessStateAndRetainsOwnership/created (0.01s)
=== RUN   TestStartReconcilesAmbiguousGuestResultWithoutLosingOwnership
=== RUN   TestStartReconcilesAmbiguousGuestResultWithoutLosingOwnership/confirmed_created_remains_retryable
=== RUN   TestStartReconcilesAmbiguousGuestResultWithoutLosingOwnership/running_proves_start_applied
=== RUN   TestStartReconcilesAmbiguousGuestResultWithoutLosingOwnership/rapid_stop_proves_start_applied
=== RUN   TestStartReconcilesAmbiguousGuestResultWithoutLosingOwnership/lost_state_reply_reconnects
=== RUN   TestStartReconcilesAmbiguousGuestResultWithoutLosingOwnership/unresolved_transport_failure_retains_ownership
--- PASS: TestStartReconcilesAmbiguousGuestResultWithoutLosingOwnership (0.09s)
    --- PASS: TestStartReconcilesAmbiguousGuestResultWithoutLosingOwnership/confirmed_created_remains_retryable (0.00s)
    --- PASS: TestStartReconcilesAmbiguousGuestResultWithoutLosingOwnership/running_proves_start_applied (0.01s)
    --- PASS: TestStartReconcilesAmbiguousGuestResultWithoutLosingOwnership/rapid_stop_proves_start_applied (0.01s)
    --- PASS: TestStartReconcilesAmbiguousGuestResultWithoutLosingOwnership/lost_state_reply_reconnects (0.06s)
    --- PASS: TestStartReconcilesAmbiguousGuestResultWithoutLosingOwnership/unresolved_transport_failure_retains_ownership (0.01s)
=== RUN   TestEnsureGuestProcessCreatedReconcilesBeforeMutation
=== RUN   TestEnsureGuestProcessCreatedReconcilesBeforeMutation/absent_is_created
=== RUN   TestEnsureGuestProcessCreatedReconcilesBeforeMutation/create_rejection_is_returned
=== RUN   TestEnsureGuestProcessCreatedReconcilesBeforeMutation/existing_created_is_reused
=== RUN   TestEnsureGuestProcessCreatedReconcilesBeforeMutation/wrong_identity
=== RUN   TestEnsureGuestProcessCreatedReconcilesBeforeMutation/running_is_not_recreated
=== RUN   TestEnsureGuestProcessCreatedReconcilesBeforeMutation/created_with_pid_is_invalid
=== RUN   TestEnsureGuestProcessCreatedReconcilesBeforeMutation/transport_failure_is_not_absence
--- PASS: TestEnsureGuestProcessCreatedReconcilesBeforeMutation (0.00s)
    --- PASS: TestEnsureGuestProcessCreatedReconcilesBeforeMutation/absent_is_created (0.00s)
    --- PASS: TestEnsureGuestProcessCreatedReconcilesBeforeMutation/create_rejection_is_returned (0.00s)
    --- PASS: TestEnsureGuestProcessCreatedReconcilesBeforeMutation/existing_created_is_reused (0.00s)
    --- PASS: TestEnsureGuestProcessCreatedReconcilesBeforeMutation/wrong_identity (0.00s)
    --- PASS: TestEnsureGuestProcessCreatedReconcilesBeforeMutation/running_is_not_recreated (0.00s)
    --- PASS: TestEnsureGuestProcessCreatedReconcilesBeforeMutation/created_with_pid_is_invalid (0.00s)
    --- PASS: TestEnsureGuestProcessCreatedReconcilesBeforeMutation/transport_failure_is_not_absence (0.00s)
=== RUN   TestEnsureGuestProcessCreatedReconcilesLostReply
--- PASS: TestEnsureGuestProcessCreatedReconcilesLostReply (0.05s)
=== RUN   TestStartedProcessCleanupTreatsAuthenticatedAbsenceAsSuccess
--- PASS: TestStartedProcessCleanupTreatsAuthenticatedAbsenceAsSuccess (0.00s)
=== RUN   TestExecRejectsGuestUnrepresentableIDBeforeAgentContact
--- PASS: TestExecRejectsGuestUnrepresentableIDBeforeAgentContact (0.00s)
=== RUN   TestTaskStateGuardsRejectInvalidTransitionsBeforeAgentContact
--- PASS: TestTaskStateGuardsRejectInvalidTransitionsBeforeAgentContact (0.00s)
=== RUN   TestPreCancelledTaskMutationsPreserveStateAndAvoidGuestContact
=== RUN   TestPreCancelledTaskMutationsPreserveStateAndAvoidGuestContact/create
=== RUN   TestPreCancelledTaskMutationsPreserveStateAndAvoidGuestContact/start
=== RUN   TestPreCancelledTaskMutationsPreserveStateAndAvoidGuestContact/kill
=== RUN   TestPreCancelledTaskMutationsPreserveStateAndAvoidGuestContact/exec
=== RUN   TestPreCancelledTaskMutationsPreserveStateAndAvoidGuestContact/delete
=== RUN   TestPreCancelledTaskMutationsPreserveStateAndAvoidGuestContact/shutdown
=== RUN   TestPreCancelledTaskMutationsPreserveStateAndAvoidGuestContact/resize
=== RUN   TestPreCancelledTaskMutationsPreserveStateAndAvoidGuestContact/pause
=== RUN   TestPreCancelledTaskMutationsPreserveStateAndAvoidGuestContact/resume
=== RUN   TestPreCancelledTaskMutationsPreserveStateAndAvoidGuestContact/close-io
--- PASS: TestPreCancelledTaskMutationsPreserveStateAndAvoidGuestContact (0.00s)
    --- PASS: TestPreCancelledTaskMutationsPreserveStateAndAvoidGuestContact/create (0.00s)
    --- PASS: TestPreCancelledTaskMutationsPreserveStateAndAvoidGuestContact/start (0.00s)
    --- PASS: TestPreCancelledTaskMutationsPreserveStateAndAvoidGuestContact/kill (0.00s)
    --- PASS: TestPreCancelledTaskMutationsPreserveStateAndAvoidGuestContact/exec (0.00s)
    --- PASS: TestPreCancelledTaskMutationsPreserveStateAndAvoidGuestContact/delete (0.00s)
    --- PASS: TestPreCancelledTaskMutationsPreserveStateAndAvoidGuestContact/shutdown (0.00s)
    --- PASS: TestPreCancelledTaskMutationsPreserveStateAndAvoidGuestContact/resize (0.00s)
    --- PASS: TestPreCancelledTaskMutationsPreserveStateAndAvoidGuestContact/pause (0.00s)
    --- PASS: TestPreCancelledTaskMutationsPreserveStateAndAvoidGuestContact/resume (0.00s)
    --- PASS: TestPreCancelledTaskMutationsPreserveStateAndAvoidGuestContact/close-io (0.00s)
=== RUN   TestPreCancelledTaskReadsAndWaitAvoidGuestContact
=== RUN   TestPreCancelledTaskReadsAndWaitAvoidGuestContact/connect
=== RUN   TestPreCancelledTaskReadsAndWaitAvoidGuestContact/stats
=== RUN   TestPreCancelledTaskReadsAndWaitAvoidGuestContact/state
=== RUN   TestPreCancelledTaskReadsAndWaitAvoidGuestContact/wait
=== RUN   TestPreCancelledTaskReadsAndWaitAvoidGuestContact/pids
--- PASS: TestPreCancelledTaskReadsAndWaitAvoidGuestContact (0.00s)
    --- PASS: TestPreCancelledTaskReadsAndWaitAvoidGuestContact/connect (0.00s)
    --- PASS: TestPreCancelledTaskReadsAndWaitAvoidGuestContact/stats (0.00s)
    --- PASS: TestPreCancelledTaskReadsAndWaitAvoidGuestContact/state (0.00s)
    --- PASS: TestPreCancelledTaskReadsAndWaitAvoidGuestContact/wait (0.00s)
    --- PASS: TestPreCancelledTaskReadsAndWaitAvoidGuestContact/pids (0.00s)
=== RUN   TestTaskRPCsRejectNilAndMismatchedTaskIdentityBeforeMutation
=== RUN   TestTaskRPCsRejectNilAndMismatchedTaskIdentityBeforeMutation/Create
=== RUN   TestTaskRPCsRejectNilAndMismatchedTaskIdentityBeforeMutation/Create/nil
=== RUN   TestTaskRPCsRejectNilAndMismatchedTaskIdentityBeforeMutation/Create/mismatched
=== RUN   TestTaskRPCsRejectNilAndMismatchedTaskIdentityBeforeMutation/Start
=== RUN   TestTaskRPCsRejectNilAndMismatchedTaskIdentityBeforeMutation/Start/nil
=== RUN   TestTaskRPCsRejectNilAndMismatchedTaskIdentityBeforeMutation/Start/mismatched
=== RUN   TestTaskRPCsRejectNilAndMismatchedTaskIdentityBeforeMutation/State
=== RUN   TestTaskRPCsRejectNilAndMismatchedTaskIdentityBeforeMutation/State/nil
=== RUN   TestTaskRPCsRejectNilAndMismatchedTaskIdentityBeforeMutation/State/mismatched
=== RUN   TestTaskRPCsRejectNilAndMismatchedTaskIdentityBeforeMutation/Wait
=== RUN   TestTaskRPCsRejectNilAndMismatchedTaskIdentityBeforeMutation/Wait/nil
=== RUN   TestTaskRPCsRejectNilAndMismatchedTaskIdentityBeforeMutation/Wait/mismatched
=== RUN   TestTaskRPCsRejectNilAndMismatchedTaskIdentityBeforeMutation/Kill
=== RUN   TestTaskRPCsRejectNilAndMismatchedTaskIdentityBeforeMutation/Kill/nil
=== RUN   TestTaskRPCsRejectNilAndMismatchedTaskIdentityBeforeMutation/Kill/mismatched
=== RUN   TestTaskRPCsRejectNilAndMismatchedTaskIdentityBeforeMutation/Exec
=== RUN   TestTaskRPCsRejectNilAndMismatchedTaskIdentityBeforeMutation/Exec/nil
=== RUN   TestTaskRPCsRejectNilAndMismatchedTaskIdentityBeforeMutation/Exec/mismatched
=== RUN   TestTaskRPCsRejectNilAndMismatchedTaskIdentityBeforeMutation/Delete
=== RUN   TestTaskRPCsRejectNilAndMismatchedTaskIdentityBeforeMutation/Delete/nil
=== RUN   TestTaskRPCsRejectNilAndMismatchedTaskIdentityBeforeMutation/Delete/mismatched
=== RUN   TestTaskRPCsRejectNilAndMismatchedTaskIdentityBeforeMutation/Pids
=== RUN   TestTaskRPCsRejectNilAndMismatchedTaskIdentityBeforeMutation/Pids/nil
=== RUN   TestTaskRPCsRejectNilAndMismatchedTaskIdentityBeforeMutation/Pids/mismatched
=== RUN   TestTaskRPCsRejectNilAndMismatchedTaskIdentityBeforeMutation/Connect
=== RUN   TestTaskRPCsRejectNilAndMismatchedTaskIdentityBeforeMutation/Connect/nil
=== RUN   TestTaskRPCsRejectNilAndMismatchedTaskIdentityBeforeMutation/Connect/mismatched
=== RUN   TestTaskRPCsRejectNilAndMismatchedTaskIdentityBeforeMutation/Shutdown
=== RUN   TestTaskRPCsRejectNilAndMismatchedTaskIdentityBeforeMutation/Shutdown/nil
=== RUN   TestTaskRPCsRejectNilAndMismatchedTaskIdentityBeforeMutation/Shutdown/mismatched
=== RUN   TestTaskRPCsRejectNilAndMismatchedTaskIdentityBeforeMutation/ResizePty
=== RUN   TestTaskRPCsRejectNilAndMismatchedTaskIdentityBeforeMutation/ResizePty/nil
=== RUN   TestTaskRPCsRejectNilAndMismatchedTaskIdentityBeforeMutation/ResizePty/mismatched
=== RUN   TestTaskRPCsRejectNilAndMismatchedTaskIdentityBeforeMutation/Pause
=== RUN   TestTaskRPCsRejectNilAndMismatchedTaskIdentityBeforeMutation/Pause/nil
=== RUN   TestTaskRPCsRejectNilAndMismatchedTaskIdentityBeforeMutation/Pause/mismatched
=== RUN   TestTaskRPCsRejectNilAndMismatchedTaskIdentityBeforeMutation/Resume
=== RUN   TestTaskRPCsRejectNilAndMismatchedTaskIdentityBeforeMutation/Resume/nil
=== RUN   TestTaskRPCsRejectNilAndMismatchedTaskIdentityBeforeMutation/Resume/mismatched
=== RUN   TestTaskRPCsRejectNilAndMismatchedTaskIdentityBeforeMutation/CloseIO
=== RUN   TestTaskRPCsRejectNilAndMismatchedTaskIdentityBeforeMutation/CloseIO/nil
=== RUN   TestTaskRPCsRejectNilAndMismatchedTaskIdentityBeforeMutation/CloseIO/mismatched
=== RUN   TestTaskRPCsRejectNilAndMismatchedTaskIdentityBeforeMutation/Stats
=== RUN   TestTaskRPCsRejectNilAndMismatchedTaskIdentityBeforeMutation/Stats/nil
=== RUN   TestTaskRPCsRejectNilAndMismatchedTaskIdentityBeforeMutation/Stats/mismatched
--- PASS: TestTaskRPCsRejectNilAndMismatchedTaskIdentityBeforeMutation (0.01s)
    --- PASS: TestTaskRPCsRejectNilAndMismatchedTaskIdentityBeforeMutation/Create (0.00s)
        --- PASS: TestTaskRPCsRejectNilAndMismatchedTaskIdentityBeforeMutation/Create/nil (0.00s)
        --- PASS: TestTaskRPCsRejectNilAndMismatchedTaskIdentityBeforeMutation/Create/mismatched (0.00s)
    --- PASS: TestTaskRPCsRejectNilAndMismatchedTaskIdentityBeforeMutation/Start (0.00s)
        --- PASS: TestTaskRPCsRejectNilAndMismatchedTaskIdentityBeforeMutation/Start/nil (0.00s)
        --- PASS: TestTaskRPCsRejectNilAndMismatchedTaskIdentityBeforeMutation/Start/mismatched (0.00s)
    --- PASS: TestTaskRPCsRejectNilAndMismatchedTaskIdentityBeforeMutation/State (0.00s)
        --- PASS: TestTaskRPCsRejectNilAndMismatchedTaskIdentityBeforeMutation/State/nil (0.00s)
        --- PASS: TestTaskRPCsRejectNilAndMismatchedTaskIdentityBeforeMutation/State/mismatched (0.00s)
    --- PASS: TestTaskRPCsRejectNilAndMismatchedTaskIdentityBeforeMutation/Wait (0.00s)
        --- PASS: TestTaskRPCsRejectNilAndMismatchedTaskIdentityBeforeMutation/Wait/nil (0.00s)
        --- PASS: TestTaskRPCsRejectNilAndMismatchedTaskIdentityBeforeMutation/Wait/mismatched (0.00s)
    --- PASS: TestTaskRPCsRejectNilAndMismatchedTaskIdentityBeforeMutation/Kill (0.00s)
        --- PASS: TestTaskRPCsRejectNilAndMismatchedTaskIdentityBeforeMutation/Kill/nil (0.00s)
        --- PASS: TestTaskRPCsRejectNilAndMismatchedTaskIdentityBeforeMutation/Kill/mismatched (0.00s)
    --- PASS: TestTaskRPCsRejectNilAndMismatchedTaskIdentityBeforeMutation/Exec (0.00s)
        --- PASS: TestTaskRPCsRejectNilAndMismatchedTaskIdentityBeforeMutation/Exec/nil (0.00s)
        --- PASS: TestTaskRPCsRejectNilAndMismatchedTaskIdentityBeforeMutation/Exec/mismatched (0.00s)
    --- PASS: TestTaskRPCsRejectNilAndMismatchedTaskIdentityBeforeMutation/Delete (0.00s)
        --- PASS: TestTaskRPCsRejectNilAndMismatchedTaskIdentityBeforeMutation/Delete/nil (0.00s)
        --- PASS: TestTaskRPCsRejectNilAndMismatchedTaskIdentityBeforeMutation/Delete/mismatched (0.00s)
    --- PASS: TestTaskRPCsRejectNilAndMismatchedTaskIdentityBeforeMutation/Pids (0.00s)
        --- PASS: TestTaskRPCsRejectNilAndMismatchedTaskIdentityBeforeMutation/Pids/nil (0.00s)
        --- PASS: TestTaskRPCsRejectNilAndMismatchedTaskIdentityBeforeMutation/Pids/mismatched (0.00s)
    --- PASS: TestTaskRPCsRejectNilAndMismatchedTaskIdentityBeforeMutation/Connect (0.00s)
        --- PASS: TestTaskRPCsRejectNilAndMismatchedTaskIdentityBeforeMutation/Connect/nil (0.00s)
        --- PASS: TestTaskRPCsRejectNilAndMismatchedTaskIdentityBeforeMutation/Connect/mismatched (0.00s)
    --- PASS: TestTaskRPCsRejectNilAndMismatchedTaskIdentityBeforeMutation/Shutdown (0.00s)
        --- PASS: TestTaskRPCsRejectNilAndMismatchedTaskIdentityBeforeMutation/Shutdown/nil (0.00s)
        --- PASS: TestTaskRPCsRejectNilAndMismatchedTaskIdentityBeforeMutation/Shutdown/mismatched (0.00s)
    --- PASS: TestTaskRPCsRejectNilAndMismatchedTaskIdentityBeforeMutation/ResizePty (0.00s)
        --- PASS: TestTaskRPCsRejectNilAndMismatchedTaskIdentityBeforeMutation/ResizePty/nil (0.00s)
        --- PASS: TestTaskRPCsRejectNilAndMismatchedTaskIdentityBeforeMutation/ResizePty/mismatched (0.00s)
    --- PASS: TestTaskRPCsRejectNilAndMismatchedTaskIdentityBeforeMutation/Pause (0.00s)
        --- PASS: TestTaskRPCsRejectNilAndMismatchedTaskIdentityBeforeMutation/Pause/nil (0.00s)
        --- PASS: TestTaskRPCsRejectNilAndMismatchedTaskIdentityBeforeMutation/Pause/mismatched (0.00s)
    --- PASS: TestTaskRPCsRejectNilAndMismatchedTaskIdentityBeforeMutation/Resume (0.00s)
        --- PASS: TestTaskRPCsRejectNilAndMismatchedTaskIdentityBeforeMutation/Resume/nil (0.00s)
        --- PASS: TestTaskRPCsRejectNilAndMismatchedTaskIdentityBeforeMutation/Resume/mismatched (0.00s)
    --- PASS: TestTaskRPCsRejectNilAndMismatchedTaskIdentityBeforeMutation/CloseIO (0.00s)
        --- PASS: TestTaskRPCsRejectNilAndMismatchedTaskIdentityBeforeMutation/CloseIO/nil (0.00s)
        --- PASS: TestTaskRPCsRejectNilAndMismatchedTaskIdentityBeforeMutation/CloseIO/mismatched (0.00s)
    --- PASS: TestTaskRPCsRejectNilAndMismatchedTaskIdentityBeforeMutation/Stats (0.00s)
        --- PASS: TestTaskRPCsRejectNilAndMismatchedTaskIdentityBeforeMutation/Stats/nil (0.00s)
        --- PASS: TestTaskRPCsRejectNilAndMismatchedTaskIdentityBeforeMutation/Stats/mismatched (0.00s)
=== RUN   TestCancelCreateUsesExactOriginalIdentity
--- PASS: TestCancelCreateUsesExactOriginalIdentity (0.00s)
=== RUN   TestCreateAmbiguityCancellationRemovesPreparedArtifacts
--- PASS: TestCreateAmbiguityCancellationRemovesPreparedArtifacts (0.00s)
=== RUN   TestCreateRejectsOCIValidationBeforeAllocationOrArtifacts
--- PASS: TestCreateRejectsOCIValidationBeforeAllocationOrArtifacts (0.00s)
=== RUN   TestCreatePostValidationFailureRollbackMatrix
=== RUN   TestCreatePostValidationFailureRollbackMatrix/prepare-rootfs
=== RUN   TestCreatePostValidationFailureRollbackMatrix/runtime-handoff
=== RUN   TestCreatePostValidationFailureRollbackMatrix/token
=== RUN   TestCreatePostValidationFailureRollbackMatrix/create-sandbox
=== RUN   TestCreatePostValidationFailureRollbackMatrix/load-sandbox
=== RUN   TestCreatePostValidationFailureRollbackMatrix/provision-network
=== RUN   TestCreatePostValidationFailureRollbackMatrix/namespace-holder
=== RUN   TestCreatePostValidationFailureRollbackMatrix/persist-recovery
=== RUN   TestCreatePostValidationFailureRollbackMatrix/persist-create-event
--- PASS: TestCreatePostValidationFailureRollbackMatrix (0.03s)
    --- PASS: TestCreatePostValidationFailureRollbackMatrix/prepare-rootfs (0.00s)
    --- PASS: TestCreatePostValidationFailureRollbackMatrix/runtime-handoff (0.00s)
    --- PASS: TestCreatePostValidationFailureRollbackMatrix/token (0.00s)
    --- PASS: TestCreatePostValidationFailureRollbackMatrix/create-sandbox (0.00s)
    --- PASS: TestCreatePostValidationFailureRollbackMatrix/load-sandbox (0.00s)
    --- PASS: TestCreatePostValidationFailureRollbackMatrix/provision-network (0.00s)
    --- PASS: TestCreatePostValidationFailureRollbackMatrix/namespace-holder (0.00s)
    --- PASS: TestCreatePostValidationFailureRollbackMatrix/persist-recovery (0.00s)
    --- PASS: TestCreatePostValidationFailureRollbackMatrix/persist-create-event (0.01s)
=== RUN   TestExecRollsBackProcessOnAgentFailure
--- PASS: TestExecRollsBackProcessOnAgentFailure (0.00s)
=== RUN   TestExecCreationIntentReconcilesAmbiguousGuestMutation
=== RUN   TestExecCreationIntentReconcilesAmbiguousGuestMutation/lost_reply_confirms_created_owner
=== RUN   TestExecCreationIntentReconcilesAmbiguousGuestMutation/unavailable_state_and_cleanup_retain_durable_owner
=== RUN   TestExecCreationIntentReconcilesAmbiguousGuestMutation/confirmed_absence_removes_durable_intent
--- PASS: TestExecCreationIntentReconcilesAmbiguousGuestMutation (0.02s)
    --- PASS: TestExecCreationIntentReconcilesAmbiguousGuestMutation/lost_reply_confirms_created_owner (0.01s)
    --- PASS: TestExecCreationIntentReconcilesAmbiguousGuestMutation/unavailable_state_and_cleanup_retain_durable_owner (0.00s)
    --- PASS: TestExecCreationIntentReconcilesAmbiguousGuestMutation/confirmed_absence_removes_durable_intent (0.00s)
=== RUN   TestRecoveredCreatedExecRequiresExactGuestOwnership
=== RUN   TestRecoveredCreatedExecRequiresExactGuestOwnership/exact_created
=== RUN   TestRecoveredCreatedExecRequiresExactGuestOwnership/confirmed_absent
=== RUN   TestRecoveredCreatedExecRequiresExactGuestOwnership/wrong_identity
=== RUN   TestRecoveredCreatedExecRequiresExactGuestOwnership/running
=== RUN   TestRecoveredCreatedExecRequiresExactGuestOwnership/transport_unavailable
--- PASS: TestRecoveredCreatedExecRequiresExactGuestOwnership (0.00s)
    --- PASS: TestRecoveredCreatedExecRequiresExactGuestOwnership/exact_created (0.00s)
    --- PASS: TestRecoveredCreatedExecRequiresExactGuestOwnership/confirmed_absent (0.00s)
    --- PASS: TestRecoveredCreatedExecRequiresExactGuestOwnership/wrong_identity (0.00s)
    --- PASS: TestRecoveredCreatedExecRequiresExactGuestOwnership/running (0.00s)
    --- PASS: TestRecoveredCreatedExecRequiresExactGuestOwnership/transport_unavailable (0.00s)
=== RUN   TestExecRollbackRetainsOwnershipUntilGuestDeletion
=== RUN   TestExecRollbackRetainsOwnershipUntilGuestDeletion/already_absent
=== RUN   TestExecRollbackRetainsOwnershipUntilGuestDeletion/delete_failed
=== RUN   TestExecRollbackRetainsOwnershipUntilGuestDeletion/deleted
--- PASS: TestExecRollbackRetainsOwnershipUntilGuestDeletion (0.01s)
    --- PASS: TestExecRollbackRetainsOwnershipUntilGuestDeletion/already_absent (0.00s)
    --- PASS: TestExecRollbackRetainsOwnershipUntilGuestDeletion/delete_failed (0.00s)
    --- PASS: TestExecRollbackRetainsOwnershipUntilGuestDeletion/deleted (0.00s)
=== RUN   TestStartReturnsKillFailureAndRetainsMonitorAfterPersistenceFailure
--- PASS: TestStartReturnsKillFailureAndRetainsMonitorAfterPersistenceFailure (0.01s)
=== RUN   TestStartRejectsGuestPIDOutsideTaskRangeAndRetainsOwnership
--- PASS: TestStartRejectsGuestPIDOutsideTaskRangeAndRetainsOwnership (0.01s)
=== RUN   TestStartRejectsMismatchedGuestProcessStateAndRetainsOwnership
=== RUN   TestStartRejectsMismatchedGuestProcessStateAndRetainsOwnership/wrong_identity
=== RUN   TestStartRejectsMismatchedGuestProcessStateAndRetainsOwnership/created
--- PASS: TestStartRejectsMismatchedGuestProcessStateAndRetainsOwnership (0.02s)
    --- PASS: TestStartRejectsMismatchedGuestProcessStateAndRetainsOwnership/wrong_identity (0.01s)
    --- PASS: TestStartRejectsMismatchedGuestProcessStateAndRetainsOwnership/created (0.01s)
=== RUN   TestStartReconcilesAmbiguousGuestResultWithoutLosingOwnership
=== RUN   TestStartReconcilesAmbiguousGuestResultWithoutLosingOwnership/confirmed_created_remains_retryable
=== RUN   TestStartReconcilesAmbiguousGuestResultWithoutLosingOwnership/running_proves_start_applied
=== RUN   TestStartReconcilesAmbiguousGuestResultWithoutLosingOwnership/rapid_stop_proves_start_applied
=== RUN   TestStartReconcilesAmbiguousGuestResultWithoutLosingOwnership/lost_state_reply_reconnects
=== RUN   TestStartReconcilesAmbiguousGuestResultWithoutLosingOwnership/unresolved_transport_failure_retains_ownership
--- PASS: TestStartReconcilesAmbiguousGuestResultWithoutLosingOwnership (0.09s)
    --- PASS: TestStartReconcilesAmbiguousGuestResultWithoutLosingOwnership/confirmed_created_remains_retryable (0.00s)
    --- PASS: TestStartReconcilesAmbiguousGuestResultWithoutLosingOwnership/running_proves_start_applied (0.01s)
    --- PASS: TestStartReconcilesAmbiguousGuestResultWithoutLosingOwnership/rapid_stop_proves_start_applied (0.01s)
    --- PASS: TestStartReconcilesAmbiguousGuestResultWithoutLosingOwnership/lost_state_reply_reconnects (0.06s)
    --- PASS: TestStartReconcilesAmbiguousGuestResultWithoutLosingOwnership/unresolved_transport_failure_retains_ownership (0.01s)
=== RUN   TestEnsureGuestProcessCreatedReconcilesBeforeMutation
=== RUN   TestEnsureGuestProcessCreatedReconcilesBeforeMutation/absent_is_created
=== RUN   TestEnsureGuestProcessCreatedReconcilesBeforeMutation/create_rejection_is_returned
=== RUN   TestEnsureGuestProcessCreatedReconcilesBeforeMutation/existing_created_is_reused
=== RUN   TestEnsureGuestProcessCreatedReconcilesBeforeMutation/wrong_identity
=== RUN   TestEnsureGuestProcessCreatedReconcilesBeforeMutation/running_is_not_recreated
=== RUN   TestEnsureGuestProcessCreatedReconcilesBeforeMutation/created_with_pid_is_invalid
=== RUN   TestEnsureGuestProcessCreatedReconcilesBeforeMutation/transport_failure_is_not_absence
--- PASS: TestEnsureGuestProcessCreatedReconcilesBeforeMutation (0.00s)
    --- PASS: TestEnsureGuestProcessCreatedReconcilesBeforeMutation/absent_is_created (0.00s)
    --- PASS: TestEnsureGuestProcessCreatedReconcilesBeforeMutation/create_rejection_is_returned (0.00s)
    --- PASS: TestEnsureGuestProcessCreatedReconcilesBeforeMutation/existing_created_is_reused (0.00s)
    --- PASS: TestEnsureGuestProcessCreatedReconcilesBeforeMutation/wrong_identity (0.00s)
    --- PASS: TestEnsureGuestProcessCreatedReconcilesBeforeMutation/running_is_not_recreated (0.00s)
    --- PASS: TestEnsureGuestProcessCreatedReconcilesBeforeMutation/created_with_pid_is_invalid (0.00s)
    --- PASS: TestEnsureGuestProcessCreatedReconcilesBeforeMutation/transport_failure_is_not_absence (0.00s)
=== RUN   TestEnsureGuestProcessCreatedReconcilesLostReply
--- PASS: TestEnsureGuestProcessCreatedReconcilesLostReply (0.05s)
=== RUN   TestStartedProcessCleanupTreatsAuthenticatedAbsenceAsSuccess
--- PASS: TestStartedProcessCleanupTreatsAuthenticatedAbsenceAsSuccess (0.00s)
=== RUN   TestExecRejectsGuestUnrepresentableIDBeforeAgentContact
--- PASS: TestExecRejectsGuestUnrepresentableIDBeforeAgentContact (0.00s)
=== RUN   TestTaskStateGuardsRejectInvalidTransitionsBeforeAgentContact
--- PASS: TestTaskStateGuardsRejectInvalidTransitionsBeforeAgentContact (0.00s)
=== RUN   TestPreCancelledTaskMutationsPreserveStateAndAvoidGuestContact
=== RUN   TestPreCancelledTaskMutationsPreserveStateAndAvoidGuestContact/create
=== RUN   TestPreCancelledTaskMutationsPreserveStateAndAvoidGuestContact/start
=== RUN   TestPreCancelledTaskMutationsPreserveStateAndAvoidGuestContact/kill
=== RUN   TestPreCancelledTaskMutationsPreserveStateAndAvoidGuestContact/exec
=== RUN   TestPreCancelledTaskMutationsPreserveStateAndAvoidGuestContact/delete
=== RUN   TestPreCancelledTaskMutationsPreserveStateAndAvoidGuestContact/shutdown
=== RUN   TestPreCancelledTaskMutationsPreserveStateAndAvoidGuestContact/resize
=== RUN   TestPreCancelledTaskMutationsPreserveStateAndAvoidGuestContact/pause
=== RUN   TestPreCancelledTaskMutationsPreserveStateAndAvoidGuestContact/resume
=== RUN   TestPreCancelledTaskMutationsPreserveStateAndAvoidGuestContact/close-io
--- PASS: TestPreCancelledTaskMutationsPreserveStateAndAvoidGuestContact (0.00s)
    --- PASS: TestPreCancelledTaskMutationsPreserveStateAndAvoidGuestContact/create (0.00s)
    --- PASS: TestPreCancelledTaskMutationsPreserveStateAndAvoidGuestContact/start (0.00s)
    --- PASS: TestPreCancelledTaskMutationsPreserveStateAndAvoidGuestContact/kill (0.00s)
    --- PASS: TestPreCancelledTaskMutationsPreserveStateAndAvoidGuestContact/exec (0.00s)
    --- PASS: TestPreCancelledTaskMutationsPreserveStateAndAvoidGuestContact/delete (0.00s)
    --- PASS: TestPreCancelledTaskMutationsPreserveStateAndAvoidGuestContact/shutdown (0.00s)
    --- PASS: TestPreCancelledTaskMutationsPreserveStateAndAvoidGuestContact/resize (0.00s)
    --- PASS: TestPreCancelledTaskMutationsPreserveStateAndAvoidGuestContact/pause (0.00s)
    --- PASS: TestPreCancelledTaskMutationsPreserveStateAndAvoidGuestContact/resume (0.00s)
    --- PASS: TestPreCancelledTaskMutationsPreserveStateAndAvoidGuestContact/close-io (0.00s)
=== RUN   TestPreCancelledTaskReadsAndWaitAvoidGuestContact
=== RUN   TestPreCancelledTaskReadsAndWaitAvoidGuestContact/connect
=== RUN   TestPreCancelledTaskReadsAndWaitAvoidGuestContact/stats
=== RUN   TestPreCancelledTaskReadsAndWaitAvoidGuestContact/state
=== RUN   TestPreCancelledTaskReadsAndWaitAvoidGuestContact/wait
=== RUN   TestPreCancelledTaskReadsAndWaitAvoidGuestContact/pids
--- PASS: TestPreCancelledTaskReadsAndWaitAvoidGuestContact (0.00s)
    --- PASS: TestPreCancelledTaskReadsAndWaitAvoidGuestContact/connect (0.00s)
    --- PASS: TestPreCancelledTaskReadsAndWaitAvoidGuestContact/stats (0.00s)
    --- PASS: TestPreCancelledTaskReadsAndWaitAvoidGuestContact/state (0.00s)
    --- PASS: TestPreCancelledTaskReadsAndWaitAvoidGuestContact/wait (0.00s)
    --- PASS: TestPreCancelledTaskReadsAndWaitAvoidGuestContact/pids (0.00s)
=== RUN   TestTaskRPCsRejectNilAndMismatchedTaskIdentityBeforeMutation
=== RUN   TestTaskRPCsRejectNilAndMismatchedTaskIdentityBeforeMutation/Create
=== RUN   TestTaskRPCsRejectNilAndMismatchedTaskIdentityBeforeMutation/Create/nil
=== RUN   TestTaskRPCsRejectNilAndMismatchedTaskIdentityBeforeMutation/Create/mismatched
=== RUN   TestTaskRPCsRejectNilAndMismatchedTaskIdentityBeforeMutation/Start
=== RUN   TestTaskRPCsRejectNilAndMismatchedTaskIdentityBeforeMutation/Start/nil
=== RUN   TestTaskRPCsRejectNilAndMismatchedTaskIdentityBeforeMutation/Start/mismatched
=== RUN   TestTaskRPCsRejectNilAndMismatchedTaskIdentityBeforeMutation/State
=== RUN   TestTaskRPCsRejectNilAndMismatchedTaskIdentityBeforeMutation/State/nil
=== RUN   TestTaskRPCsRejectNilAndMismatchedTaskIdentityBeforeMutation/State/mismatched
=== RUN   TestTaskRPCsRejectNilAndMismatchedTaskIdentityBeforeMutation/Wait
=== RUN   TestTaskRPCsRejectNilAndMismatchedTaskIdentityBeforeMutation/Wait/nil
=== RUN   TestTaskRPCsRejectNilAndMismatchedTaskIdentityBeforeMutation/Wait/mismatched
=== RUN   TestTaskRPCsRejectNilAndMismatchedTaskIdentityBeforeMutation/Kill
=== RUN   TestTaskRPCsRejectNilAndMismatchedTaskIdentityBeforeMutation/Kill/nil
=== RUN   TestTaskRPCsRejectNilAndMismatchedTaskIdentityBeforeMutation/Kill/mismatched
=== RUN   TestTaskRPCsRejectNilAndMismatchedTaskIdentityBeforeMutation/Exec
=== RUN   TestTaskRPCsRejectNilAndMismatchedTaskIdentityBeforeMutation/Exec/nil
=== RUN   TestTaskRPCsRejectNilAndMismatchedTaskIdentityBeforeMutation/Exec/mismatched
=== RUN   TestTaskRPCsRejectNilAndMismatchedTaskIdentityBeforeMutation/Delete
=== RUN   TestTaskRPCsRejectNilAndMismatchedTaskIdentityBeforeMutation/Delete/nil
=== RUN   TestTaskRPCsRejectNilAndMismatchedTaskIdentityBeforeMutation/Delete/mismatched
=== RUN   TestTaskRPCsRejectNilAndMismatchedTaskIdentityBeforeMutation/Pids
=== RUN   TestTaskRPCsRejectNilAndMismatchedTaskIdentityBeforeMutation/Pids/mismatched
=== RUN   TestTaskRPCsRejectNilAndMismatchedTaskIdentityBeforeMutation/Pids/nil
=== RUN   TestTaskRPCsRejectNilAndMismatchedTaskIdentityBeforeMutation/Connect
=== RUN   TestTaskRPCsRejectNilAndMismatchedTaskIdentityBeforeMutation/Connect/nil
=== RUN   TestTaskRPCsRejectNilAndMismatchedTaskIdentityBeforeMutation/Connect/mismatched
=== RUN   TestTaskRPCsRejectNilAndMismatchedTaskIdentityBeforeMutation/Shutdown
=== RUN   TestTaskRPCsRejectNilAndMismatchedTaskIdentityBeforeMutation/Shutdown/nil
=== RUN   TestTaskRPCsRejectNilAndMismatchedTaskIdentityBeforeMutation/Shutdown/mismatched
=== RUN   TestTaskRPCsRejectNilAndMismatchedTaskIdentityBeforeMutation/ResizePty
=== RUN   TestTaskRPCsRejectNilAndMismatchedTaskIdentityBeforeMutation/ResizePty/nil
=== RUN   TestTaskRPCsRejectNilAndMismatchedTaskIdentityBeforeMutation/ResizePty/mismatched
=== RUN   TestTaskRPCsRejectNilAndMismatchedTaskIdentityBeforeMutation/Pause
=== RUN   TestTaskRPCsRejectNilAndMismatchedTaskIdentityBeforeMutation/Pause/nil
=== RUN   TestTaskRPCsRejectNilAndMismatchedTaskIdentityBeforeMutation/Pause/mismatched
=== RUN   TestTaskRPCsRejectNilAndMismatchedTaskIdentityBeforeMutation/Resume
=== RUN   TestTaskRPCsRejectNilAndMismatchedTaskIdentityBeforeMutation/Resume/nil
=== RUN   TestTaskRPCsRejectNilAndMismatchedTaskIdentityBeforeMutation/Resume/mismatched
=== RUN   TestTaskRPCsRejectNilAndMismatchedTaskIdentityBeforeMutation/CloseIO
=== RUN   TestTaskRPCsRejectNilAndMismatchedTaskIdentityBeforeMutation/CloseIO/nil
=== RUN   TestTaskRPCsRejectNilAndMismatchedTaskIdentityBeforeMutation/CloseIO/mismatched
=== RUN   TestTaskRPCsRejectNilAndMismatchedTaskIdentityBeforeMutation/Stats
=== RUN   TestTaskRPCsRejectNilAndMismatchedTaskIdentityBeforeMutation/Stats/nil
=== RUN   TestTaskRPCsRejectNilAndMismatchedTaskIdentityBeforeMutation/Stats/mismatched
--- PASS: TestTaskRPCsRejectNilAndMismatchedTaskIdentityBeforeMutation (0.01s)
    --- PASS: TestTaskRPCsRejectNilAndMismatchedTaskIdentityBeforeMutation/Create (0.00s)
        --- PASS: TestTaskRPCsRejectNilAndMismatchedTaskIdentityBeforeMutation/Create/nil (0.00s)
        --- PASS: TestTaskRPCsRejectNilAndMismatchedTaskIdentityBeforeMutation/Create/mismatched (0.00s)
    --- PASS: TestTaskRPCsRejectNilAndMismatchedTaskIdentityBeforeMutation/Start (0.00s)
        --- PASS: TestTaskRPCsRejectNilAndMismatchedTaskIdentityBeforeMutation/Start/nil (0.00s)
        --- PASS: TestTaskRPCsRejectNilAndMismatchedTaskIdentityBeforeMutation/Start/mismatched (0.00s)
    --- PASS: TestTaskRPCsRejectNilAndMismatchedTaskIdentityBeforeMutation/State (0.00s)
        --- PASS: TestTaskRPCsRejectNilAndMismatchedTaskIdentityBeforeMutation/State/nil (0.00s)
        --- PASS: TestTaskRPCsRejectNilAndMismatchedTaskIdentityBeforeMutation/State/mismatched (0.00s)
    --- PASS: TestTaskRPCsRejectNilAndMismatchedTaskIdentityBeforeMutation/Wait (0.00s)
        --- PASS: TestTaskRPCsRejectNilAndMismatchedTaskIdentityBeforeMutation/Wait/nil (0.00s)
        --- PASS: TestTaskRPCsRejectNilAndMismatchedTaskIdentityBeforeMutation/Wait/mismatched (0.00s)
    --- PASS: TestTaskRPCsRejectNilAndMismatchedTaskIdentityBeforeMutation/Kill (0.00s)
        --- PASS: TestTaskRPCsRejectNilAndMismatchedTaskIdentityBeforeMutation/Kill/nil (0.00s)
        --- PASS: TestTaskRPCsRejectNilAndMismatchedTaskIdentityBeforeMutation/Kill/mismatched (0.00s)
    --- PASS: TestTaskRPCsRejectNilAndMismatchedTaskIdentityBeforeMutation/Exec (0.00s)
        --- PASS: TestTaskRPCsRejectNilAndMismatchedTaskIdentityBeforeMutation/Exec/nil (0.00s)
        --- PASS: TestTaskRPCsRejectNilAndMismatchedTaskIdentityBeforeMutation/Exec/mismatched (0.00s)
    --- PASS: TestTaskRPCsRejectNilAndMismatchedTaskIdentityBeforeMutation/Delete (0.00s)
        --- PASS: TestTaskRPCsRejectNilAndMismatchedTaskIdentityBeforeMutation/Delete/nil (0.00s)
        --- PASS: TestTaskRPCsRejectNilAndMismatchedTaskIdentityBeforeMutation/Delete/mismatched (0.00s)
    --- PASS: TestTaskRPCsRejectNilAndMismatchedTaskIdentityBeforeMutation/Pids (0.00s)
        --- PASS: TestTaskRPCsRejectNilAndMismatchedTaskIdentityBeforeMutation/Pids/mismatched (0.00s)
        --- PASS: TestTaskRPCsRejectNilAndMismatchedTaskIdentityBeforeMutation/Pids/nil (0.00s)
    --- PASS: TestTaskRPCsRejectNilAndMismatchedTaskIdentityBeforeMutation/Connect (0.00s)
        --- PASS: TestTaskRPCsRejectNilAndMismatchedTaskIdentityBeforeMutation/Connect/nil (0.00s)
        --- PASS: TestTaskRPCsRejectNilAndMismatchedTaskIdentityBeforeMutation/Connect/mismatched (0.00s)
    --- PASS: TestTaskRPCsRejectNilAndMismatchedTaskIdentityBeforeMutation/Shutdown (0.00s)
        --- PASS: TestTaskRPCsRejectNilAndMismatchedTaskIdentityBeforeMutation/Shutdown/nil (0.00s)
        --- PASS: TestTaskRPCsRejectNilAndMismatchedTaskIdentityBeforeMutation/Shutdown/mismatched (0.00s)
    --- PASS: TestTaskRPCsRejectNilAndMismatchedTaskIdentityBeforeMutation/ResizePty (0.00s)
        --- PASS: TestTaskRPCsRejectNilAndMismatchedTaskIdentityBeforeMutation/ResizePty/nil (0.00s)
        --- PASS: TestTaskRPCsRejectNilAndMismatchedTaskIdentityBeforeMutation/ResizePty/mismatched (0.00s)
    --- PASS: TestTaskRPCsRejectNilAndMismatchedTaskIdentityBeforeMutation/Pause (0.00s)
        --- PASS: TestTaskRPCsRejectNilAndMismatchedTaskIdentityBeforeMutation/Pause/nil (0.00s)
        --- PASS: TestTaskRPCsRejectNilAndMismatchedTaskIdentityBeforeMutation/Pause/mismatched (0.00s)
    --- PASS: TestTaskRPCsRejectNilAndMismatchedTaskIdentityBeforeMutation/Resume (0.00s)
        --- PASS: TestTaskRPCsRejectNilAndMismatchedTaskIdentityBeforeMutation/Resume/nil (0.00s)
        --- PASS: TestTaskRPCsRejectNilAndMismatchedTaskIdentityBeforeMutation/Resume/mismatched (0.00s)
    --- PASS: TestTaskRPCsRejectNilAndMismatchedTaskIdentityBeforeMutation/CloseIO (0.00s)
        --- PASS: TestTaskRPCsRejectNilAndMismatchedTaskIdentityBeforeMutation/CloseIO/nil (0.00s)
        --- PASS: TestTaskRPCsRejectNilAndMismatchedTaskIdentityBeforeMutation/CloseIO/mismatched (0.00s)
    --- PASS: TestTaskRPCsRejectNilAndMismatchedTaskIdentityBeforeMutation/Stats (0.00s)
        --- PASS: TestTaskRPCsRejectNilAndMismatchedTaskIdentityBeforeMutation/Stats/nil (0.00s)
        --- PASS: TestTaskRPCsRejectNilAndMismatchedTaskIdentityBeforeMutation/Stats/mismatched (0.00s)
=== RUN   TestCancelCreateUsesExactOriginalIdentity
--- PASS: TestCancelCreateUsesExactOriginalIdentity (0.00s)
=== RUN   TestCreateAmbiguityCancellationRemovesPreparedArtifacts
--- PASS: TestCreateAmbiguityCancellationRemovesPreparedArtifacts (0.00s)
=== RUN   TestCreateRejectsOCIValidationBeforeAllocationOrArtifacts
--- PASS: TestCreateRejectsOCIValidationBeforeAllocationOrArtifacts (0.00s)
=== RUN   TestCreatePostValidationFailureRollbackMatrix
=== RUN   TestCreatePostValidationFailureRollbackMatrix/prepare-rootfs
=== RUN   TestCreatePostValidationFailureRollbackMatrix/runtime-handoff
=== RUN   TestCreatePostValidationFailureRollbackMatrix/token
=== RUN   TestCreatePostValidationFailureRollbackMatrix/create-sandbox
=== RUN   TestCreatePostValidationFailureRollbackMatrix/load-sandbox
=== RUN   TestCreatePostValidationFailureRollbackMatrix/provision-network
=== RUN   TestCreatePostValidationFailureRollbackMatrix/namespace-holder
=== RUN   TestCreatePostValidationFailureRollbackMatrix/persist-recovery
=== RUN   TestCreatePostValidationFailureRollbackMatrix/persist-create-event
--- PASS: TestCreatePostValidationFailureRollbackMatrix (0.02s)
    --- PASS: TestCreatePostValidationFailureRollbackMatrix/prepare-rootfs (0.00s)
    --- PASS: TestCreatePostValidationFailureRollbackMatrix/runtime-handoff (0.00s)
    --- PASS: TestCreatePostValidationFailureRollbackMatrix/token (0.00s)
    --- PASS: TestCreatePostValidationFailureRollbackMatrix/create-sandbox (0.00s)
    --- PASS: TestCreatePostValidationFailureRollbackMatrix/load-sandbox (0.00s)
    --- PASS: TestCreatePostValidationFailureRollbackMatrix/provision-network (0.00s)
    --- PASS: TestCreatePostValidationFailureRollbackMatrix/namespace-holder (0.00s)
    --- PASS: TestCreatePostValidationFailureRollbackMatrix/persist-recovery (0.00s)
    --- PASS: TestCreatePostValidationFailureRollbackMatrix/persist-create-event (0.01s)
=== RUN   TestExecRollsBackProcessOnAgentFailure
--- PASS: TestExecRollsBackProcessOnAgentFailure (0.00s)
=== RUN   TestExecCreationIntentReconcilesAmbiguousGuestMutation
=== RUN   TestExecCreationIntentReconcilesAmbiguousGuestMutation/lost_reply_confirms_created_owner
=== RUN   TestExecCreationIntentReconcilesAmbiguousGuestMutation/unavailable_state_and_cleanup_retain_durable_owner
=== RUN   TestExecCreationIntentReconcilesAmbiguousGuestMutation/confirmed_absence_removes_durable_intent
--- PASS: TestExecCreationIntentReconcilesAmbiguousGuestMutation (0.02s)
    --- PASS: TestExecCreationIntentReconcilesAmbiguousGuestMutation/lost_reply_confirms_created_owner (0.01s)
    --- PASS: TestExecCreationIntentReconcilesAmbiguousGuestMutation/unavailable_state_and_cleanup_retain_durable_owner (0.00s)
    --- PASS: TestExecCreationIntentReconcilesAmbiguousGuestMutation/confirmed_absence_removes_durable_intent (0.00s)
=== RUN   TestRecoveredCreatedExecRequiresExactGuestOwnership
=== RUN   TestRecoveredCreatedExecRequiresExactGuestOwnership/exact_created
=== RUN   TestRecoveredCreatedExecRequiresExactGuestOwnership/confirmed_absent
=== RUN   TestRecoveredCreatedExecRequiresExactGuestOwnership/wrong_identity
=== RUN   TestRecoveredCreatedExecRequiresExactGuestOwnership/running
=== RUN   TestRecoveredCreatedExecRequiresExactGuestOwnership/transport_unavailable
--- PASS: TestRecoveredCreatedExecRequiresExactGuestOwnership (0.00s)
    --- PASS: TestRecoveredCreatedExecRequiresExactGuestOwnership/exact_created (0.00s)
    --- PASS: TestRecoveredCreatedExecRequiresExactGuestOwnership/confirmed_absent (0.00s)
    --- PASS: TestRecoveredCreatedExecRequiresExactGuestOwnership/wrong_identity (0.00s)
    --- PASS: TestRecoveredCreatedExecRequiresExactGuestOwnership/running (0.00s)
    --- PASS: TestRecoveredCreatedExecRequiresExactGuestOwnership/transport_unavailable (0.00s)
=== RUN   TestExecRollbackRetainsOwnershipUntilGuestDeletion
=== RUN   TestExecRollbackRetainsOwnershipUntilGuestDeletion/deleted
=== RUN   TestExecRollbackRetainsOwnershipUntilGuestDeletion/already_absent
=== RUN   TestExecRollbackRetainsOwnershipUntilGuestDeletion/delete_failed
--- PASS: TestExecRollbackRetainsOwnershipUntilGuestDeletion (0.01s)
    --- PASS: TestExecRollbackRetainsOwnershipUntilGuestDeletion/deleted (0.00s)
    --- PASS: TestExecRollbackRetainsOwnershipUntilGuestDeletion/already_absent (0.00s)
    --- PASS: TestExecRollbackRetainsOwnershipUntilGuestDeletion/delete_failed (0.00s)
=== RUN   TestStartReturnsKillFailureAndRetainsMonitorAfterPersistenceFailure
--- PASS: TestStartReturnsKillFailureAndRetainsMonitorAfterPersistenceFailure (0.01s)
=== RUN   TestStartRejectsGuestPIDOutsideTaskRangeAndRetainsOwnership
--- PASS: TestStartRejectsGuestPIDOutsideTaskRangeAndRetainsOwnership (0.01s)
=== RUN   TestStartRejectsMismatchedGuestProcessStateAndRetainsOwnership
=== RUN   TestStartRejectsMismatchedGuestProcessStateAndRetainsOwnership/wrong_identity
=== RUN   TestStartRejectsMismatchedGuestProcessStateAndRetainsOwnership/created
--- PASS: TestStartRejectsMismatchedGuestProcessStateAndRetainsOwnership (0.02s)
    --- PASS: TestStartRejectsMismatchedGuestProcessStateAndRetainsOwnership/wrong_identity (0.01s)
    --- PASS: TestStartRejectsMismatchedGuestProcessStateAndRetainsOwnership/created (0.01s)
=== RUN   TestStartReconcilesAmbiguousGuestResultWithoutLosingOwnership
=== RUN   TestStartReconcilesAmbiguousGuestResultWithoutLosingOwnership/confirmed_created_remains_retryable
=== RUN   TestStartReconcilesAmbiguousGuestResultWithoutLosingOwnership/running_proves_start_applied
=== RUN   TestStartReconcilesAmbiguousGuestResultWithoutLosingOwnership/rapid_stop_proves_start_applied
=== RUN   TestStartReconcilesAmbiguousGuestResultWithoutLosingOwnership/lost_state_reply_reconnects
=== RUN   TestStartReconcilesAmbiguousGuestResultWithoutLosingOwnership/unresolved_transport_failure_retains_ownership
--- PASS: TestStartReconcilesAmbiguousGuestResultWithoutLosingOwnership (0.09s)
    --- PASS: TestStartReconcilesAmbiguousGuestResultWithoutLosingOwnership/confirmed_created_remains_retryable (0.00s)
    --- PASS: TestStartReconcilesAmbiguousGuestResultWithoutLosingOwnership/running_proves_start_applied (0.01s)
    --- PASS: TestStartReconcilesAmbiguousGuestResultWithoutLosingOwnership/rapid_stop_proves_start_applied (0.01s)
    --- PASS: TestStartReconcilesAmbiguousGuestResultWithoutLosingOwnership/lost_state_reply_reconnects (0.06s)
    --- PASS: TestStartReconcilesAmbiguousGuestResultWithoutLosingOwnership/unresolved_transport_failure_retains_ownership (0.01s)
=== RUN   TestEnsureGuestProcessCreatedReconcilesBeforeMutation
=== RUN   TestEnsureGuestProcessCreatedReconcilesBeforeMutation/absent_is_created
=== RUN   TestEnsureGuestProcessCreatedReconcilesBeforeMutation/create_rejection_is_returned
=== RUN   TestEnsureGuestProcessCreatedReconcilesBeforeMutation/existing_created_is_reused
=== RUN   TestEnsureGuestProcessCreatedReconcilesBeforeMutation/wrong_identity
=== RUN   TestEnsureGuestProcessCreatedReconcilesBeforeMutation/running_is_not_recreated
=== RUN   TestEnsureGuestProcessCreatedReconcilesBeforeMutation/created_with_pid_is_invalid
=== RUN   TestEnsureGuestProcessCreatedReconcilesBeforeMutation/transport_failure_is_not_absence
--- PASS: TestEnsureGuestProcessCreatedReconcilesBeforeMutation (0.00s)
    --- PASS: TestEnsureGuestProcessCreatedReconcilesBeforeMutation/absent_is_created (0.00s)
    --- PASS: TestEnsureGuestProcessCreatedReconcilesBeforeMutation/create_rejection_is_returned (0.00s)
    --- PASS: TestEnsureGuestProcessCreatedReconcilesBeforeMutation/existing_created_is_reused (0.00s)
    --- PASS: TestEnsureGuestProcessCreatedReconcilesBeforeMutation/wrong_identity (0.00s)
    --- PASS: TestEnsureGuestProcessCreatedReconcilesBeforeMutation/running_is_not_recreated (0.00s)
    --- PASS: TestEnsureGuestProcessCreatedReconcilesBeforeMutation/created_with_pid_is_invalid (0.00s)
    --- PASS: TestEnsureGuestProcessCreatedReconcilesBeforeMutation/transport_failure_is_not_absence (0.00s)
=== RUN   TestEnsureGuestProcessCreatedReconcilesLostReply
--- PASS: TestEnsureGuestProcessCreatedReconcilesLostReply (0.05s)
=== RUN   TestStartedProcessCleanupTreatsAuthenticatedAbsenceAsSuccess
--- PASS: TestStartedProcessCleanupTreatsAuthenticatedAbsenceAsSuccess (0.00s)
=== RUN   TestExecRejectsGuestUnrepresentableIDBeforeAgentContact
--- PASS: TestExecRejectsGuestUnrepresentableIDBeforeAgentContact (0.00s)
=== RUN   TestTaskStateGuardsRejectInvalidTransitionsBeforeAgentContact
--- PASS: TestTaskStateGuardsRejectInvalidTransitionsBeforeAgentContact (0.00s)
=== RUN   TestPreCancelledTaskMutationsPreserveStateAndAvoidGuestContact
=== RUN   TestPreCancelledTaskMutationsPreserveStateAndAvoidGuestContact/create
=== RUN   TestPreCancelledTaskMutationsPreserveStateAndAvoidGuestContact/start
=== RUN   TestPreCancelledTaskMutationsPreserveStateAndAvoidGuestContact/kill
=== RUN   TestPreCancelledTaskMutationsPreserveStateAndAvoidGuestContact/exec
=== RUN   TestPreCancelledTaskMutationsPreserveStateAndAvoidGuestContact/delete
=== RUN   TestPreCancelledTaskMutationsPreserveStateAndAvoidGuestContact/shutdown
=== RUN   TestPreCancelledTaskMutationsPreserveStateAndAvoidGuestContact/resize
=== RUN   TestPreCancelledTaskMutationsPreserveStateAndAvoidGuestContact/pause
=== RUN   TestPreCancelledTaskMutationsPreserveStateAndAvoidGuestContact/resume
=== RUN   TestPreCancelledTaskMutationsPreserveStateAndAvoidGuestContact/close-io
--- PASS: TestPreCancelledTaskMutationsPreserveStateAndAvoidGuestContact (0.00s)
    --- PASS: TestPreCancelledTaskMutationsPreserveStateAndAvoidGuestContact/create (0.00s)
    --- PASS: TestPreCancelledTaskMutationsPreserveStateAndAvoidGuestContact/start (0.00s)
    --- PASS: TestPreCancelledTaskMutationsPreserveStateAndAvoidGuestContact/kill (0.00s)
    --- PASS: TestPreCancelledTaskMutationsPreserveStateAndAvoidGuestContact/exec (0.00s)
    --- PASS: TestPreCancelledTaskMutationsPreserveStateAndAvoidGuestContact/delete (0.00s)
    --- PASS: TestPreCancelledTaskMutationsPreserveStateAndAvoidGuestContact/shutdown (0.00s)
    --- PASS: TestPreCancelledTaskMutationsPreserveStateAndAvoidGuestContact/resize (0.00s)
    --- PASS: TestPreCancelledTaskMutationsPreserveStateAndAvoidGuestContact/pause (0.00s)
    --- PASS: TestPreCancelledTaskMutationsPreserveStateAndAvoidGuestContact/resume (0.00s)
    --- PASS: TestPreCancelledTaskMutationsPreserveStateAndAvoidGuestContact/close-io (0.00s)
=== RUN   TestPreCancelledTaskReadsAndWaitAvoidGuestContact
=== RUN   TestPreCancelledTaskReadsAndWaitAvoidGuestContact/state
=== RUN   TestPreCancelledTaskReadsAndWaitAvoidGuestContact/wait
=== RUN   TestPreCancelledTaskReadsAndWaitAvoidGuestContact/pids
=== RUN   TestPreCancelledTaskReadsAndWaitAvoidGuestContact/connect
=== RUN   TestPreCancelledTaskReadsAndWaitAvoidGuestContact/stats
--- PASS: TestPreCancelledTaskReadsAndWaitAvoidGuestContact (0.00s)
    --- PASS: TestPreCancelledTaskReadsAndWaitAvoidGuestContact/state (0.00s)
    --- PASS: TestPreCancelledTaskReadsAndWaitAvoidGuestContact/wait (0.00s)
    --- PASS: TestPreCancelledTaskReadsAndWaitAvoidGuestContact/pids (0.00s)
    --- PASS: TestPreCancelledTaskReadsAndWaitAvoidGuestContact/connect (0.00s)
    --- PASS: TestPreCancelledTaskReadsAndWaitAvoidGuestContact/stats (0.00s)
=== RUN   TestTaskRPCsRejectNilAndMismatchedTaskIdentityBeforeMutation
=== RUN   TestTaskRPCsRejectNilAndMismatchedTaskIdentityBeforeMutation/Create
=== RUN   TestTaskRPCsRejectNilAndMismatchedTaskIdentityBeforeMutation/Create/nil
=== RUN   TestTaskRPCsRejectNilAndMismatchedTaskIdentityBeforeMutation/Create/mismatched
=== RUN   TestTaskRPCsRejectNilAndMismatchedTaskIdentityBeforeMutation/Start
=== RUN   TestTaskRPCsRejectNilAndMismatchedTaskIdentityBeforeMutation/Start/nil
=== RUN   TestTaskRPCsRejectNilAndMismatchedTaskIdentityBeforeMutation/Start/mismatched
=== RUN   TestTaskRPCsRejectNilAndMismatchedTaskIdentityBeforeMutation/State
=== RUN   TestTaskRPCsRejectNilAndMismatchedTaskIdentityBeforeMutation/State/mismatched
=== RUN   TestTaskRPCsRejectNilAndMismatchedTaskIdentityBeforeMutation/State/nil
=== RUN   TestTaskRPCsRejectNilAndMismatchedTaskIdentityBeforeMutation/Wait
=== RUN   TestTaskRPCsRejectNilAndMismatchedTaskIdentityBeforeMutation/Wait/nil
=== RUN   TestTaskRPCsRejectNilAndMismatchedTaskIdentityBeforeMutation/Wait/mismatched
=== RUN   TestTaskRPCsRejectNilAndMismatchedTaskIdentityBeforeMutation/Kill
=== RUN   TestTaskRPCsRejectNilAndMismatchedTaskIdentityBeforeMutation/Kill/mismatched
=== RUN   TestTaskRPCsRejectNilAndMismatchedTaskIdentityBeforeMutation/Kill/nil
=== RUN   TestTaskRPCsRejectNilAndMismatchedTaskIdentityBeforeMutation/Exec
=== RUN   TestTaskRPCsRejectNilAndMismatchedTaskIdentityBeforeMutation/Exec/nil
=== RUN   TestTaskRPCsRejectNilAndMismatchedTaskIdentityBeforeMutation/Exec/mismatched
=== RUN   TestTaskRPCsRejectNilAndMismatchedTaskIdentityBeforeMutation/Delete
=== RUN   TestTaskRPCsRejectNilAndMismatchedTaskIdentityBeforeMutation/Delete/nil
=== RUN   TestTaskRPCsRejectNilAndMismatchedTaskIdentityBeforeMutation/Delete/mismatched
=== RUN   TestTaskRPCsRejectNilAndMismatchedTaskIdentityBeforeMutation/Pids
=== RUN   TestTaskRPCsRejectNilAndMismatchedTaskIdentityBeforeMutation/Pids/nil
=== RUN   TestTaskRPCsRejectNilAndMismatchedTaskIdentityBeforeMutation/Pids/mismatched
=== RUN   TestTaskRPCsRejectNilAndMismatchedTaskIdentityBeforeMutation/Connect
=== RUN   TestTaskRPCsRejectNilAndMismatchedTaskIdentityBeforeMutation/Connect/nil
=== RUN   TestTaskRPCsRejectNilAndMismatchedTaskIdentityBeforeMutation/Connect/mismatched
=== RUN   TestTaskRPCsRejectNilAndMismatchedTaskIdentityBeforeMutation/Shutdown
=== RUN   TestTaskRPCsRejectNilAndMismatchedTaskIdentityBeforeMutation/Shutdown/nil
=== RUN   TestTaskRPCsRejectNilAndMismatchedTaskIdentityBeforeMutation/Shutdown/mismatched
=== RUN   TestTaskRPCsRejectNilAndMismatchedTaskIdentityBeforeMutation/ResizePty
=== RUN   TestTaskRPCsRejectNilAndMismatchedTaskIdentityBeforeMutation/ResizePty/mismatched
=== RUN   TestTaskRPCsRejectNilAndMismatchedTaskIdentityBeforeMutation/ResizePty/nil
=== RUN   TestTaskRPCsRejectNilAndMismatchedTaskIdentityBeforeMutation/Pause
=== RUN   TestTaskRPCsRejectNilAndMismatchedTaskIdentityBeforeMutation/Pause/nil
=== RUN   TestTaskRPCsRejectNilAndMismatchedTaskIdentityBeforeMutation/Pause/mismatched
=== RUN   TestTaskRPCsRejectNilAndMismatchedTaskIdentityBeforeMutation/Resume
=== RUN   TestTaskRPCsRejectNilAndMismatchedTaskIdentityBeforeMutation/Resume/nil
=== RUN   TestTaskRPCsRejectNilAndMismatchedTaskIdentityBeforeMutation/Resume/mismatched
=== RUN   TestTaskRPCsRejectNilAndMismatchedTaskIdentityBeforeMutation/CloseIO
=== RUN   TestTaskRPCsRejectNilAndMismatchedTaskIdentityBeforeMutation/CloseIO/mismatched
=== RUN   TestTaskRPCsRejectNilAndMismatchedTaskIdentityBeforeMutation/CloseIO/nil
=== RUN   TestTaskRPCsRejectNilAndMismatchedTaskIdentityBeforeMutation/Stats
=== RUN   TestTaskRPCsRejectNilAndMismatchedTaskIdentityBeforeMutation/Stats/nil
=== RUN   TestTaskRPCsRejectNilAndMismatchedTaskIdentityBeforeMutation/Stats/mismatched
--- PASS: TestTaskRPCsRejectNilAndMismatchedTaskIdentityBeforeMutation (0.01s)
    --- PASS: TestTaskRPCsRejectNilAndMismatchedTaskIdentityBeforeMutation/Create (0.00s)
        --- PASS: TestTaskRPCsRejectNilAndMismatchedTaskIdentityBeforeMutation/Create/nil (0.00s)
        --- PASS: TestTaskRPCsRejectNilAndMismatchedTaskIdentityBeforeMutation/Create/mismatched (0.00s)
    --- PASS: TestTaskRPCsRejectNilAndMismatchedTaskIdentityBeforeMutation/Start (0.00s)
        --- PASS: TestTaskRPCsRejectNilAndMismatchedTaskIdentityBeforeMutation/Start/nil (0.00s)
        --- PASS: TestTaskRPCsRejectNilAndMismatchedTaskIdentityBeforeMutation/Start/mismatched (0.00s)
    --- PASS: TestTaskRPCsRejectNilAndMismatchedTaskIdentityBeforeMutation/State (0.00s)
        --- PASS: TestTaskRPCsRejectNilAndMismatchedTaskIdentityBeforeMutation/State/mismatched (0.00s)
        --- PASS: TestTaskRPCsRejectNilAndMismatchedTaskIdentityBeforeMutation/State/nil (0.00s)
    --- PASS: TestTaskRPCsRejectNilAndMismatchedTaskIdentityBeforeMutation/Wait (0.00s)
        --- PASS: TestTaskRPCsRejectNilAndMismatchedTaskIdentityBeforeMutation/Wait/nil (0.00s)
        --- PASS: TestTaskRPCsRejectNilAndMismatchedTaskIdentityBeforeMutation/Wait/mismatched (0.00s)
    --- PASS: TestTaskRPCsRejectNilAndMismatchedTaskIdentityBeforeMutation/Kill (0.00s)
        --- PASS: TestTaskRPCsRejectNilAndMismatchedTaskIdentityBeforeMutation/Kill/mismatched (0.00s)
        --- PASS: TestTaskRPCsRejectNilAndMismatchedTaskIdentityBeforeMutation/Kill/nil (0.00s)
    --- PASS: TestTaskRPCsRejectNilAndMismatchedTaskIdentityBeforeMutation/Exec (0.00s)
        --- PASS: TestTaskRPCsRejectNilAndMismatchedTaskIdentityBeforeMutation/Exec/nil (0.00s)
        --- PASS: TestTaskRPCsRejectNilAndMismatchedTaskIdentityBeforeMutation/Exec/mismatched (0.00s)
    --- PASS: TestTaskRPCsRejectNilAndMismatchedTaskIdentityBeforeMutation/Delete (0.00s)
        --- PASS: TestTaskRPCsRejectNilAndMismatchedTaskIdentityBeforeMutation/Delete/nil (0.00s)
        --- PASS: TestTaskRPCsRejectNilAndMismatchedTaskIdentityBeforeMutation/Delete/mismatched (0.00s)
    --- PASS: TestTaskRPCsRejectNilAndMismatchedTaskIdentityBeforeMutation/Pids (0.00s)
        --- PASS: TestTaskRPCsRejectNilAndMismatchedTaskIdentityBeforeMutation/Pids/nil (0.00s)
        --- PASS: TestTaskRPCsRejectNilAndMismatchedTaskIdentityBeforeMutation/Pids/mismatched (0.00s)
    --- PASS: TestTaskRPCsRejectNilAndMismatchedTaskIdentityBeforeMutation/Connect (0.00s)
        --- PASS: TestTaskRPCsRejectNilAndMismatchedTaskIdentityBeforeMutation/Connect/nil (0.00s)
        --- PASS: TestTaskRPCsRejectNilAndMismatchedTaskIdentityBeforeMutation/Connect/mismatched (0.00s)
    --- PASS: TestTaskRPCsRejectNilAndMismatchedTaskIdentityBeforeMutation/Shutdown (0.00s)
        --- PASS: TestTaskRPCsRejectNilAndMismatchedTaskIdentityBeforeMutation/Shutdown/nil (0.00s)
        --- PASS: TestTaskRPCsRejectNilAndMismatchedTaskIdentityBeforeMutation/Shutdown/mismatched (0.00s)
    --- PASS: TestTaskRPCsRejectNilAndMismatchedTaskIdentityBeforeMutation/ResizePty (0.00s)
        --- PASS: TestTaskRPCsRejectNilAndMismatchedTaskIdentityBeforeMutation/ResizePty/mismatched (0.00s)
        --- PASS: TestTaskRPCsRejectNilAndMismatchedTaskIdentityBeforeMutation/ResizePty/nil (0.00s)
    --- PASS: TestTaskRPCsRejectNilAndMismatchedTaskIdentityBeforeMutation/Pause (0.00s)
        --- PASS: TestTaskRPCsRejectNilAndMismatchedTaskIdentityBeforeMutation/Pause/nil (0.00s)
        --- PASS: TestTaskRPCsRejectNilAndMismatchedTaskIdentityBeforeMutation/Pause/mismatched (0.00s)
    --- PASS: TestTaskRPCsRejectNilAndMismatchedTaskIdentityBeforeMutation/Resume (0.00s)
        --- PASS: TestTaskRPCsRejectNilAndMismatchedTaskIdentityBeforeMutation/Resume/nil (0.00s)
        --- PASS: TestTaskRPCsRejectNilAndMismatchedTaskIdentityBeforeMutation/Resume/mismatched (0.00s)
    --- PASS: TestTaskRPCsRejectNilAndMismatchedTaskIdentityBeforeMutation/CloseIO (0.00s)
        --- PASS: TestTaskRPCsRejectNilAndMismatchedTaskIdentityBeforeMutation/CloseIO/mismatched (0.00s)
        --- PASS: TestTaskRPCsRejectNilAndMismatchedTaskIdentityBeforeMutation/CloseIO/nil (0.00s)
    --- PASS: TestTaskRPCsRejectNilAndMismatchedTaskIdentityBeforeMutation/Stats (0.00s)
        --- PASS: TestTaskRPCsRejectNilAndMismatchedTaskIdentityBeforeMutation/Stats/nil (0.00s)
        --- PASS: TestTaskRPCsRejectNilAndMismatchedTaskIdentityBeforeMutation/Stats/mismatched (0.00s)
PASS
ok  	github.com/hairizuan/multikernel-linux-expt/runtime/cmd/containerd-shim-multikernel-v2	6.043s
+scripts/test-runtime-task-v2-exhaustive-vm.sh:35: grep -Fq -- '--- SKIP:' /var/tmp/tv2.ZsUOJA/lifecycle.log
+scripts/test-runtime-task-v2-exhaustive-vm.sh:36: grep -Fq 'WARNING: DATA RACE' /var/tmp/tv2.ZsUOJA/lifecycle.log
+scripts/test-runtime-task-v2-exhaustive-vm.sh:37: grep -Fq PASS /var/tmp/tv2.ZsUOJA/lifecycle.log
+scripts/test-runtime-task-v2-exhaustive-vm.sh:38: groups=1
+scripts/test-runtime-task-v2-exhaustive-vm.sh:39: total=20
+scripts/test-runtime-task-v2-exhaustive-vm.sh:40: observe lifecycle-result 'selected=20 iterations=20 skips=0 races=0 status=pass'
OBSERVATION_BEGIN key=lifecycle-result
selected=20 iterations=20 skips=0 races=0 status=pass
OBSERVATION_END key=lifecycle-result
+scripts/test-runtime-task-v2-exhaustive-vm.sh:21: local key=lifecycle-result
+scripts/test-runtime-task-v2-exhaustive-vm.sh:21: shift
+scripts/test-runtime-task-v2-exhaustive-vm.sh:21: printf 'OBSERVATION_BEGIN key=%s\n%s\nOBSERVATION_END key=%s\n' lifecycle-result 'selected=20 iterations=20 skips=0 races=0 status=pass' lifecycle-result
+scripts/test-runtime-task-v2-exhaustive-vm.sh:74: run_group process_io TestResizePtyStoresInitialSizeBeforeStart TestOutputFIFOCanBeReattached TestOutputFIFOKeeperBridgesWorkerDeath TestInvalidProcessIOFailsBeforeCreateOrExecMutation TestProcessStdinMustBeFIFO TestStdinFIFOAcceptsLateAndRepeatedWriters TestCloseIOStopsContinuouslyReadableStdinAfterInflightChunk TestPendingStdinReplaysLostAcknowledgementExactlyOnce TestStdinIntentPersistenceFailurePrecedesGuestMutation TestStdinAcknowledgementPersistenceFailureRetainsReplayIdentity TestOutputOffsetsAdvanceOnlyAfterDeliveryOrBoundedDrop TestProcessOutputAndWaitRecoverTransportWithoutChangingOffsets TestWaitProcessRejectsMismatchedStoppedStateUntilExactCompletion TestProcessOutputReconnectHasOneOverallDeadline TestProcessOutputDoesNotReplayAuthenticatedRemoteRejection TestProcessOutputRequiresBoundedContiguousOffsetsAndKnownState TestOutputOffsetRetriesWhenDurableAcknowledgementFails TestWaitProcessDoesNotFabricateExitAfterReconnectBudget TestWaitProcessDoesNotCompleteBeforeExitStateIsDurable TestExitEventFlagRollsBackWhenRecoveryAcknowledgementFails TestCloseIORetriesUntilGuestAcknowledges TestCloseIOTerminalAndNonTerminalProcesses TestProcessIOTeardownWhileFIFOPeersRemainAttached TestCloseIOReconnectsTransportWithinCallerDeadline TestCloseIOPersistsCreatedIntentAndDoesNotMutateStoppedProcess TestStdinPumpRetriesRequestedCloseAndRecordsAcknowledgement TestRecoveredNoFIFOPumpRetriesPendingClose TestResizePtyRejectsInvalidRequests TestResizePtyRollsBackIntentWhenGuestRejects TestResizePtyRetriesLostReply TestGuestProcessDeleteReconnectsAndConfirmsLostReply TestKillForwardsOnlyForLiveKnownProcess TestKillPersistsAndDeduplicatesLostSignalReply
+scripts/test-runtime-task-v2-exhaustive-vm.sh:24: local name=process_io
+scripts/test-runtime-task-v2-exhaustive-vm.sh:25: shift
+scripts/test-runtime-task-v2-exhaustive-vm.sh:26: tests=('TestResizePtyStoresInitialSizeBeforeStart' 'TestOutputFIFOCanBeReattached' 'TestOutputFIFOKeeperBridgesWorkerDeath' 'TestInvalidProcessIOFailsBeforeCreateOrExecMutation' 'TestProcessStdinMustBeFIFO' 'TestStdinFIFOAcceptsLateAndRepeatedWriters' 'TestCloseIOStopsContinuouslyReadableStdinAfterInflightChunk' 'TestPendingStdinReplaysLostAcknowledgementExactlyOnce' 'TestStdinIntentPersistenceFailurePrecedesGuestMutation' 'TestStdinAcknowledgementPersistenceFailureRetainsReplayIdentity' 'TestOutputOffsetsAdvanceOnlyAfterDeliveryOrBoundedDrop' 'TestProcessOutputAndWaitRecoverTransportWithoutChangingOffsets' 'TestWaitProcessRejectsMismatchedStoppedStateUntilExactCompletion' 'TestProcessOutputReconnectHasOneOverallDeadline' 'TestProcessOutputDoesNotReplayAuthenticatedRemoteRejection' 'TestProcessOutputRequiresBoundedContiguousOffsetsAndKnownState' 'TestOutputOffsetRetriesWhenDurableAcknowledgementFails' 'TestWaitProcessDoesNotFabricateExitAfterReconnectBudget' 'TestWaitProcessDoesNotCompleteBeforeExitStateIsDurable' 'TestExitEventFlagRollsBackWhenRecoveryAcknowledgementFails' 'TestCloseIORetriesUntilGuestAcknowledges' 'TestCloseIOTerminalAndNonTerminalProcesses' 'TestProcessIOTeardownWhileFIFOPeersRemainAttached' 'TestCloseIOReconnectsTransportWithinCallerDeadline' 'TestCloseIOPersistsCreatedIntentAndDoesNotMutateStoppedProcess' 'TestStdinPumpRetriesRequestedCloseAndRecordsAcknowledgement' 'TestRecoveredNoFIFOPumpRetriesPendingClose' 'TestResizePtyRejectsInvalidRequests' 'TestResizePtyRollsBackIntentWhenGuestRejects' 'TestResizePtyRetriesLostReply' 'TestGuestProcessDeleteReconnectsAndConfirmsLostReply' 'TestKillForwardsOnlyForLiveKnownProcess' 'TestKillPersistsAndDeduplicatesLostSignalReply')
+scripts/test-runtime-task-v2-exhaustive-vm.sh:26: local tests regex listed output test_name
++scripts/test-runtime-task-v2-exhaustive-vm.sh:27: IFS='|'
++scripts/test-runtime-task-v2-exhaustive-vm.sh:27: printf '^(%s)$' 'TestResizePtyStoresInitialSizeBeforeStart|TestOutputFIFOCanBeReattached|TestOutputFIFOKeeperBridgesWorkerDeath|TestInvalidProcessIOFailsBeforeCreateOrExecMutation|TestProcessStdinMustBeFIFO|TestStdinFIFOAcceptsLateAndRepeatedWriters|TestCloseIOStopsContinuouslyReadableStdinAfterInflightChunk|TestPendingStdinReplaysLostAcknowledgementExactlyOnce|TestStdinIntentPersistenceFailurePrecedesGuestMutation|TestStdinAcknowledgementPersistenceFailureRetainsReplayIdentity|TestOutputOffsetsAdvanceOnlyAfterDeliveryOrBoundedDrop|TestProcessOutputAndWaitRecoverTransportWithoutChangingOffsets|TestWaitProcessRejectsMismatchedStoppedStateUntilExactCompletion|TestProcessOutputReconnectHasOneOverallDeadline|TestProcessOutputDoesNotReplayAuthenticatedRemoteRejection|TestProcessOutputRequiresBoundedContiguousOffsetsAndKnownState|TestOutputOffsetRetriesWhenDurableAcknowledgementFails|TestWaitProcessDoesNotFabricateExitAfterReconnectBudget|TestWaitProcessDoesNotCompleteBeforeExitStateIsDurable|TestExitEventFlagRollsBackWhenRecoveryAcknowledgementFails|TestCloseIORetriesUntilGuestAcknowledges|TestCloseIOTerminalAndNonTerminalProcesses|TestProcessIOTeardownWhileFIFOPeersRemainAttached|TestCloseIOReconnectsTransportWithinCallerDeadline|TestCloseIOPersistsCreatedIntentAndDoesNotMutateStoppedProcess|TestStdinPumpRetriesRequestedCloseAndRecordsAcknowledgement|TestRecoveredNoFIFOPumpRetriesPendingClose|TestResizePtyRejectsInvalidRequests|TestResizePtyRollsBackIntentWhenGuestRejects|TestResizePtyRetriesLostReply|TestGuestProcessDeleteReconnectsAndConfirmsLostReply|TestKillForwardsOnlyForLiveKnownProcess|TestKillPersistsAndDeduplicatesLostSignalReply'
+scripts/test-runtime-task-v2-exhaustive-vm.sh:27: regex='^(TestResizePtyStoresInitialSizeBeforeStart|TestOutputFIFOCanBeReattached|TestOutputFIFOKeeperBridgesWorkerDeath|TestInvalidProcessIOFailsBeforeCreateOrExecMutation|TestProcessStdinMustBeFIFO|TestStdinFIFOAcceptsLateAndRepeatedWriters|TestCloseIOStopsContinuouslyReadableStdinAfterInflightChunk|TestPendingStdinReplaysLostAcknowledgementExactlyOnce|TestStdinIntentPersistenceFailurePrecedesGuestMutation|TestStdinAcknowledgementPersistenceFailureRetainsReplayIdentity|TestOutputOffsetsAdvanceOnlyAfterDeliveryOrBoundedDrop|TestProcessOutputAndWaitRecoverTransportWithoutChangingOffsets|TestWaitProcessRejectsMismatchedStoppedStateUntilExactCompletion|TestProcessOutputReconnectHasOneOverallDeadline|TestProcessOutputDoesNotReplayAuthenticatedRemoteRejection|TestProcessOutputRequiresBoundedContiguousOffsetsAndKnownState|TestOutputOffsetRetriesWhenDurableAcknowledgementFails|TestWaitProcessDoesNotFabricateExitAfterReconnectBudget|TestWaitProcessDoesNotCompleteBeforeExitStateIsDurable|TestExitEventFlagRollsBackWhenRecoveryAcknowledgementFails|TestCloseIORetriesUntilGuestAcknowledges|TestCloseIOTerminalAndNonTerminalProcesses|TestProcessIOTeardownWhileFIFOPeersRemainAttached|TestCloseIOReconnectsTransportWithinCallerDeadline|TestCloseIOPersistsCreatedIntentAndDoesNotMutateStoppedProcess|TestStdinPumpRetriesRequestedCloseAndRecordsAcknowledgement|TestRecoveredNoFIFOPumpRetriesPendingClose|TestResizePtyRejectsInvalidRequests|TestResizePtyRollsBackIntentWhenGuestRejects|TestResizePtyRetriesLostReply|TestGuestProcessDeleteReconnectsAndConfirmsLostReply|TestKillForwardsOnlyForLiveKnownProcess|TestKillPersistsAndDeduplicatesLostSignalReply)$'
++scripts/test-runtime-task-v2-exhaustive-vm.sh:28: go test ./cmd/containerd-shim-multikernel-v2 -list '^(TestResizePtyStoresInitialSizeBeforeStart|TestOutputFIFOCanBeReattached|TestOutputFIFOKeeperBridgesWorkerDeath|TestInvalidProcessIOFailsBeforeCreateOrExecMutation|TestProcessStdinMustBeFIFO|TestStdinFIFOAcceptsLateAndRepeatedWriters|TestCloseIOStopsContinuouslyReadableStdinAfterInflightChunk|TestPendingStdinReplaysLostAcknowledgementExactlyOnce|TestStdinIntentPersistenceFailurePrecedesGuestMutation|TestStdinAcknowledgementPersistenceFailureRetainsReplayIdentity|TestOutputOffsetsAdvanceOnlyAfterDeliveryOrBoundedDrop|TestProcessOutputAndWaitRecoverTransportWithoutChangingOffsets|TestWaitProcessRejectsMismatchedStoppedStateUntilExactCompletion|TestProcessOutputReconnectHasOneOverallDeadline|TestProcessOutputDoesNotReplayAuthenticatedRemoteRejection|TestProcessOutputRequiresBoundedContiguousOffsetsAndKnownState|TestOutputOffsetRetriesWhenDurableAcknowledgementFails|TestWaitProcessDoesNotFabricateExitAfterReconnectBudget|TestWaitProcessDoesNotCompleteBeforeExitStateIsDurable|TestExitEventFlagRollsBackWhenRecoveryAcknowledgementFails|TestCloseIORetriesUntilGuestAcknowledges|TestCloseIOTerminalAndNonTerminalProcesses|TestProcessIOTeardownWhileFIFOPeersRemainAttached|TestCloseIOReconnectsTransportWithinCallerDeadline|TestCloseIOPersistsCreatedIntentAndDoesNotMutateStoppedProcess|TestStdinPumpRetriesRequestedCloseAndRecordsAcknowledgement|TestRecoveredNoFIFOPumpRetriesPendingClose|TestResizePtyRejectsInvalidRequests|TestResizePtyRollsBackIntentWhenGuestRejects|TestResizePtyRetriesLostReply|TestGuestProcessDeleteReconnectsAndConfirmsLostReply|TestKillForwardsOnlyForLiveKnownProcess|TestKillPersistsAndDeduplicatesLostSignalReply)$'
++scripts/test-runtime-task-v2-exhaustive-vm.sh:28: awk '/^Test/ {print}'
+scripts/test-runtime-task-v2-exhaustive-vm.sh:28: listed=$'TestResizePtyStoresInitialSizeBeforeStart\nTestOutputFIFOCanBeReattached\nTestOutputFIFOKeeperBridgesWorkerDeath\nTestInvalidProcessIOFailsBeforeCreateOrExecMutation\nTestProcessStdinMustBeFIFO\nTestStdinFIFOAcceptsLateAndRepeatedWriters\nTestCloseIOStopsContinuouslyReadableStdinAfterInflightChunk\nTestPendingStdinReplaysLostAcknowledgementExactlyOnce\nTestStdinIntentPersistenceFailurePrecedesGuestMutation\nTestStdinAcknowledgementPersistenceFailureRetainsReplayIdentity\nTestOutputOffsetsAdvanceOnlyAfterDeliveryOrBoundedDrop\nTestProcessOutputAndWaitRecoverTransportWithoutChangingOffsets\nTestWaitProcessRejectsMismatchedStoppedStateUntilExactCompletion\nTestProcessOutputReconnectHasOneOverallDeadline\nTestProcessOutputDoesNotReplayAuthenticatedRemoteRejection\nTestProcessOutputRequiresBoundedContiguousOffsetsAndKnownState\nTestOutputOffsetRetriesWhenDurableAcknowledgementFails\nTestWaitProcessDoesNotFabricateExitAfterReconnectBudget\nTestWaitProcessDoesNotCompleteBeforeExitStateIsDurable\nTestExitEventFlagRollsBackWhenRecoveryAcknowledgementFails\nTestCloseIORetriesUntilGuestAcknowledges\nTestCloseIOTerminalAndNonTerminalProcesses\nTestProcessIOTeardownWhileFIFOPeersRemainAttached\nTestCloseIOReconnectsTransportWithinCallerDeadline\nTestCloseIOPersistsCreatedIntentAndDoesNotMutateStoppedProcess\nTestStdinPumpRetriesRequestedCloseAndRecordsAcknowledgement\nTestRecoveredNoFIFOPumpRetriesPendingClose\nTestResizePtyRejectsInvalidRequests\nTestResizePtyRollsBackIntentWhenGuestRejects\nTestKillForwardsOnlyForLiveKnownProcess\nTestKillPersistsAndDeduplicatesLostSignalReply\nTestGuestProcessDeleteReconnectsAndConfirmsLostReply\nTestResizePtyRetriesLostReply'
+scripts/test-runtime-task-v2-exhaustive-vm.sh:29: for test_name in "${tests[@]}"
+scripts/test-runtime-task-v2-exhaustive-vm.sh:29: grep -Fxq TestResizePtyStoresInitialSizeBeforeStart
+scripts/test-runtime-task-v2-exhaustive-vm.sh:29: for test_name in "${tests[@]}"
+scripts/test-runtime-task-v2-exhaustive-vm.sh:29: grep -Fxq TestOutputFIFOCanBeReattached
+scripts/test-runtime-task-v2-exhaustive-vm.sh:29: for test_name in "${tests[@]}"
+scripts/test-runtime-task-v2-exhaustive-vm.sh:29: grep -Fxq TestOutputFIFOKeeperBridgesWorkerDeath
+scripts/test-runtime-task-v2-exhaustive-vm.sh:29: for test_name in "${tests[@]}"
+scripts/test-runtime-task-v2-exhaustive-vm.sh:29: grep -Fxq TestInvalidProcessIOFailsBeforeCreateOrExecMutation
+scripts/test-runtime-task-v2-exhaustive-vm.sh:29: for test_name in "${tests[@]}"
+scripts/test-runtime-task-v2-exhaustive-vm.sh:29: grep -Fxq TestProcessStdinMustBeFIFO
+scripts/test-runtime-task-v2-exhaustive-vm.sh:29: for test_name in "${tests[@]}"
+scripts/test-runtime-task-v2-exhaustive-vm.sh:29: grep -Fxq TestStdinFIFOAcceptsLateAndRepeatedWriters
+scripts/test-runtime-task-v2-exhaustive-vm.sh:29: for test_name in "${tests[@]}"
+scripts/test-runtime-task-v2-exhaustive-vm.sh:29: grep -Fxq TestCloseIOStopsContinuouslyReadableStdinAfterInflightChunk
+scripts/test-runtime-task-v2-exhaustive-vm.sh:29: for test_name in "${tests[@]}"
+scripts/test-runtime-task-v2-exhaustive-vm.sh:29: grep -Fxq TestPendingStdinReplaysLostAcknowledgementExactlyOnce
+scripts/test-runtime-task-v2-exhaustive-vm.sh:29: for test_name in "${tests[@]}"
+scripts/test-runtime-task-v2-exhaustive-vm.sh:29: grep -Fxq TestStdinIntentPersistenceFailurePrecedesGuestMutation
+scripts/test-runtime-task-v2-exhaustive-vm.sh:29: for test_name in "${tests[@]}"
+scripts/test-runtime-task-v2-exhaustive-vm.sh:29: grep -Fxq TestStdinAcknowledgementPersistenceFailureRetainsReplayIdentity
+scripts/test-runtime-task-v2-exhaustive-vm.sh:29: for test_name in "${tests[@]}"
+scripts/test-runtime-task-v2-exhaustive-vm.sh:29: grep -Fxq TestOutputOffsetsAdvanceOnlyAfterDeliveryOrBoundedDrop
+scripts/test-runtime-task-v2-exhaustive-vm.sh:29: for test_name in "${tests[@]}"
+scripts/test-runtime-task-v2-exhaustive-vm.sh:29: grep -Fxq TestProcessOutputAndWaitRecoverTransportWithoutChangingOffsets
+scripts/test-runtime-task-v2-exhaustive-vm.sh:29: for test_name in "${tests[@]}"
+scripts/test-runtime-task-v2-exhaustive-vm.sh:29: grep -Fxq TestWaitProcessRejectsMismatchedStoppedStateUntilExactCompletion
+scripts/test-runtime-task-v2-exhaustive-vm.sh:29: for test_name in "${tests[@]}"
+scripts/test-runtime-task-v2-exhaustive-vm.sh:29: grep -Fxq TestProcessOutputReconnectHasOneOverallDeadline
+scripts/test-runtime-task-v2-exhaustive-vm.sh:29: for test_name in "${tests[@]}"
+scripts/test-runtime-task-v2-exhaustive-vm.sh:29: grep -Fxq TestProcessOutputDoesNotReplayAuthenticatedRemoteRejection
+scripts/test-runtime-task-v2-exhaustive-vm.sh:29: for test_name in "${tests[@]}"
+scripts/test-runtime-task-v2-exhaustive-vm.sh:29: grep -Fxq TestProcessOutputRequiresBoundedContiguousOffsetsAndKnownState
+scripts/test-runtime-task-v2-exhaustive-vm.sh:29: for test_name in "${tests[@]}"
+scripts/test-runtime-task-v2-exhaustive-vm.sh:29: grep -Fxq TestOutputOffsetRetriesWhenDurableAcknowledgementFails
+scripts/test-runtime-task-v2-exhaustive-vm.sh:29: for test_name in "${tests[@]}"
+scripts/test-runtime-task-v2-exhaustive-vm.sh:29: grep -Fxq TestWaitProcessDoesNotFabricateExitAfterReconnectBudget
+scripts/test-runtime-task-v2-exhaustive-vm.sh:29: for test_name in "${tests[@]}"
+scripts/test-runtime-task-v2-exhaustive-vm.sh:29: grep -Fxq TestWaitProcessDoesNotCompleteBeforeExitStateIsDurable
+scripts/test-runtime-task-v2-exhaustive-vm.sh:29: for test_name in "${tests[@]}"
+scripts/test-runtime-task-v2-exhaustive-vm.sh:29: grep -Fxq TestExitEventFlagRollsBackWhenRecoveryAcknowledgementFails
+scripts/test-runtime-task-v2-exhaustive-vm.sh:29: for test_name in "${tests[@]}"
+scripts/test-runtime-task-v2-exhaustive-vm.sh:29: grep -Fxq TestCloseIORetriesUntilGuestAcknowledges
+scripts/test-runtime-task-v2-exhaustive-vm.sh:29: for test_name in "${tests[@]}"
+scripts/test-runtime-task-v2-exhaustive-vm.sh:29: grep -Fxq TestCloseIOTerminalAndNonTerminalProcesses
+scripts/test-runtime-task-v2-exhaustive-vm.sh:29: for test_name in "${tests[@]}"
+scripts/test-runtime-task-v2-exhaustive-vm.sh:29: grep -Fxq TestProcessIOTeardownWhileFIFOPeersRemainAttached
+scripts/test-runtime-task-v2-exhaustive-vm.sh:29: for test_name in "${tests[@]}"
+scripts/test-runtime-task-v2-exhaustive-vm.sh:29: grep -Fxq TestCloseIOReconnectsTransportWithinCallerDeadline
+scripts/test-runtime-task-v2-exhaustive-vm.sh:29: for test_name in "${tests[@]}"
+scripts/test-runtime-task-v2-exhaustive-vm.sh:29: grep -Fxq TestCloseIOPersistsCreatedIntentAndDoesNotMutateStoppedProcess
+scripts/test-runtime-task-v2-exhaustive-vm.sh:29: for test_name in "${tests[@]}"
+scripts/test-runtime-task-v2-exhaustive-vm.sh:29: grep -Fxq TestStdinPumpRetriesRequestedCloseAndRecordsAcknowledgement
+scripts/test-runtime-task-v2-exhaustive-vm.sh:29: for test_name in "${tests[@]}"
+scripts/test-runtime-task-v2-exhaustive-vm.sh:29: grep -Fxq TestRecoveredNoFIFOPumpRetriesPendingClose
+scripts/test-runtime-task-v2-exhaustive-vm.sh:29: for test_name in "${tests[@]}"
+scripts/test-runtime-task-v2-exhaustive-vm.sh:29: grep -Fxq TestResizePtyRejectsInvalidRequests
+scripts/test-runtime-task-v2-exhaustive-vm.sh:29: for test_name in "${tests[@]}"
+scripts/test-runtime-task-v2-exhaustive-vm.sh:29: grep -Fxq TestResizePtyRollsBackIntentWhenGuestRejects
+scripts/test-runtime-task-v2-exhaustive-vm.sh:29: for test_name in "${tests[@]}"
+scripts/test-runtime-task-v2-exhaustive-vm.sh:29: grep -Fxq TestResizePtyRetriesLostReply
+scripts/test-runtime-task-v2-exhaustive-vm.sh:29: for test_name in "${tests[@]}"
+scripts/test-runtime-task-v2-exhaustive-vm.sh:29: grep -Fxq TestGuestProcessDeleteReconnectsAndConfirmsLostReply
+scripts/test-runtime-task-v2-exhaustive-vm.sh:29: for test_name in "${tests[@]}"
+scripts/test-runtime-task-v2-exhaustive-vm.sh:29: grep -Fxq TestKillForwardsOnlyForLiveKnownProcess
+scripts/test-runtime-task-v2-exhaustive-vm.sh:29: for test_name in "${tests[@]}"
+scripts/test-runtime-task-v2-exhaustive-vm.sh:29: grep -Fxq TestKillPersistsAndDeduplicatesLostSignalReply
++scripts/test-runtime-task-v2-exhaustive-vm.sh:30: grep -c '^Test'
+scripts/test-runtime-task-v2-exhaustive-vm.sh:30: [[ 33 -eq 33 ]]
+scripts/test-runtime-task-v2-exhaustive-vm.sh:31: observe process_io-selected-tests $'package=./cmd/containerd-shim-multikernel-v2 iterations=20 count=33\nTestResizePtyStoresInitialSizeBeforeStart\nTestOutputFIFOCanBeReattached\nTestOutputFIFOKeeperBridgesWorkerDeath\nTestInvalidProcessIOFailsBeforeCreateOrExecMutation\nTestProcessStdinMustBeFIFO\nTestStdinFIFOAcceptsLateAndRepeatedWriters\nTestCloseIOStopsContinuouslyReadableStdinAfterInflightChunk\nTestPendingStdinReplaysLostAcknowledgementExactlyOnce\nTestStdinIntentPersistenceFailurePrecedesGuestMutation\nTestStdinAcknowledgementPersistenceFailureRetainsReplayIdentity\nTestOutputOffsetsAdvanceOnlyAfterDeliveryOrBoundedDrop\nTestProcessOutputAndWaitRecoverTransportWithoutChangingOffsets\nTestWaitProcessRejectsMismatchedStoppedStateUntilExactCompletion\nTestProcessOutputReconnectHasOneOverallDeadline\nTestProcessOutputDoesNotReplayAuthenticatedRemoteRejection\nTestProcessOutputRequiresBoundedContiguousOffsetsAndKnownState\nTestOutputOffsetRetriesWhenDurableAcknowledgementFails\nTestWaitProcessDoesNotFabricateExitAfterReconnectBudget\nTestWaitProcessDoesNotCompleteBeforeExitStateIsDurable\nTestExitEventFlagRollsBackWhenRecoveryAcknowledgementFails\nTestCloseIORetriesUntilGuestAcknowledges\nTestCloseIOTerminalAndNonTerminalProcesses\nTestProcessIOTeardownWhileFIFOPeersRemainAttached\nTestCloseIOReconnectsTransportWithinCallerDeadline\nTestCloseIOPersistsCreatedIntentAndDoesNotMutateStoppedProcess\nTestStdinPumpRetriesRequestedCloseAndRecordsAcknowledgement\nTestRecoveredNoFIFOPumpRetriesPendingClose\nTestResizePtyRejectsInvalidRequests\nTestResizePtyRollsBackIntentWhenGuestRejects\nTestKillForwardsOnlyForLiveKnownProcess\nTestKillPersistsAndDeduplicatesLostSignalReply\nTestGuestProcessDeleteReconnectsAndConfirmsLostReply\nTestResizePtyRetriesLostReply'
+scripts/test-runtime-task-v2-exhaustive-vm.sh:21: local key=process_io-selected-tests
+scripts/test-runtime-task-v2-exhaustive-vm.sh:21: shift
OBSERVATION_BEGIN key=process_io-selected-tests
package=./cmd/containerd-shim-multikernel-v2 iterations=20 count=33
TestResizePtyStoresInitialSizeBeforeStart
TestOutputFIFOCanBeReattached
TestOutputFIFOKeeperBridgesWorkerDeath
TestInvalidProcessIOFailsBeforeCreateOrExecMutation
TestProcessStdinMustBeFIFO
TestStdinFIFOAcceptsLateAndRepeatedWriters
TestCloseIOStopsContinuouslyReadableStdinAfterInflightChunk
TestPendingStdinReplaysLostAcknowledgementExactlyOnce
TestStdinIntentPersistenceFailurePrecedesGuestMutation
TestStdinAcknowledgementPersistenceFailureRetainsReplayIdentity
TestOutputOffsetsAdvanceOnlyAfterDeliveryOrBoundedDrop
TestProcessOutputAndWaitRecoverTransportWithoutChangingOffsets
TestWaitProcessRejectsMismatchedStoppedStateUntilExactCompletion
TestProcessOutputReconnectHasOneOverallDeadline
TestProcessOutputDoesNotReplayAuthenticatedRemoteRejection
TestProcessOutputRequiresBoundedContiguousOffsetsAndKnownState
TestOutputOffsetRetriesWhenDurableAcknowledgementFails
TestWaitProcessDoesNotFabricateExitAfterReconnectBudget
TestWaitProcessDoesNotCompleteBeforeExitStateIsDurable
TestExitEventFlagRollsBackWhenRecoveryAcknowledgementFails
TestCloseIORetriesUntilGuestAcknowledges
TestCloseIOTerminalAndNonTerminalProcesses
TestProcessIOTeardownWhileFIFOPeersRemainAttached
TestCloseIOReconnectsTransportWithinCallerDeadline
TestCloseIOPersistsCreatedIntentAndDoesNotMutateStoppedProcess
TestStdinPumpRetriesRequestedCloseAndRecordsAcknowledgement
TestRecoveredNoFIFOPumpRetriesPendingClose
TestResizePtyRejectsInvalidRequests
TestResizePtyRollsBackIntentWhenGuestRejects
TestKillForwardsOnlyForLiveKnownProcess
TestKillPersistsAndDeduplicatesLostSignalReply
TestGuestProcessDeleteReconnectsAndConfirmsLostReply
TestResizePtyRetriesLostReply
OBSERVATION_END key=process_io-selected-tests
+scripts/test-runtime-task-v2-exhaustive-vm.sh:21: printf 'OBSERVATION_BEGIN key=%s\n%s\nOBSERVATION_END key=%s\n' process_io-selected-tests $'package=./cmd/containerd-shim-multikernel-v2 iterations=20 count=33\nTestResizePtyStoresInitialSizeBeforeStart\nTestOutputFIFOCanBeReattached\nTestOutputFIFOKeeperBridgesWorkerDeath\nTestInvalidProcessIOFailsBeforeCreateOrExecMutation\nTestProcessStdinMustBeFIFO\nTestStdinFIFOAcceptsLateAndRepeatedWriters\nTestCloseIOStopsContinuouslyReadableStdinAfterInflightChunk\nTestPendingStdinReplaysLostAcknowledgementExactlyOnce\nTestStdinIntentPersistenceFailurePrecedesGuestMutation\nTestStdinAcknowledgementPersistenceFailureRetainsReplayIdentity\nTestOutputOffsetsAdvanceOnlyAfterDeliveryOrBoundedDrop\nTestProcessOutputAndWaitRecoverTransportWithoutChangingOffsets\nTestWaitProcessRejectsMismatchedStoppedStateUntilExactCompletion\nTestProcessOutputReconnectHasOneOverallDeadline\nTestProcessOutputDoesNotReplayAuthenticatedRemoteRejection\nTestProcessOutputRequiresBoundedContiguousOffsetsAndKnownState\nTestOutputOffsetRetriesWhenDurableAcknowledgementFails\nTestWaitProcessDoesNotFabricateExitAfterReconnectBudget\nTestWaitProcessDoesNotCompleteBeforeExitStateIsDurable\nTestExitEventFlagRollsBackWhenRecoveryAcknowledgementFails\nTestCloseIORetriesUntilGuestAcknowledges\nTestCloseIOTerminalAndNonTerminalProcesses\nTestProcessIOTeardownWhileFIFOPeersRemainAttached\nTestCloseIOReconnectsTransportWithinCallerDeadline\nTestCloseIOPersistsCreatedIntentAndDoesNotMutateStoppedProcess\nTestStdinPumpRetriesRequestedCloseAndRecordsAcknowledgement\nTestRecoveredNoFIFOPumpRetriesPendingClose\nTestResizePtyRejectsInvalidRequests\nTestResizePtyRollsBackIntentWhenGuestRejects\nTestKillForwardsOnlyForLiveKnownProcess\nTestKillPersistsAndDeduplicatesLostSignalReply\nTestGuestProcessDeleteReconnectsAndConfirmsLostReply\nTestResizePtyRetriesLostReply' process_io-selected-tests
+scripts/test-runtime-task-v2-exhaustive-vm.sh:33: output=/var/tmp/tv2.ZsUOJA/process_io.log
+scripts/test-runtime-task-v2-exhaustive-vm.sh:34: go test -race -count=20 -run '^(TestResizePtyStoresInitialSizeBeforeStart|TestOutputFIFOCanBeReattached|TestOutputFIFOKeeperBridgesWorkerDeath|TestInvalidProcessIOFailsBeforeCreateOrExecMutation|TestProcessStdinMustBeFIFO|TestStdinFIFOAcceptsLateAndRepeatedWriters|TestCloseIOStopsContinuouslyReadableStdinAfterInflightChunk|TestPendingStdinReplaysLostAcknowledgementExactlyOnce|TestStdinIntentPersistenceFailurePrecedesGuestMutation|TestStdinAcknowledgementPersistenceFailureRetainsReplayIdentity|TestOutputOffsetsAdvanceOnlyAfterDeliveryOrBoundedDrop|TestProcessOutputAndWaitRecoverTransportWithoutChangingOffsets|TestWaitProcessRejectsMismatchedStoppedStateUntilExactCompletion|TestProcessOutputReconnectHasOneOverallDeadline|TestProcessOutputDoesNotReplayAuthenticatedRemoteRejection|TestProcessOutputRequiresBoundedContiguousOffsetsAndKnownState|TestOutputOffsetRetriesWhenDurableAcknowledgementFails|TestWaitProcessDoesNotFabricateExitAfterReconnectBudget|TestWaitProcessDoesNotCompleteBeforeExitStateIsDurable|TestExitEventFlagRollsBackWhenRecoveryAcknowledgementFails|TestCloseIORetriesUntilGuestAcknowledges|TestCloseIOTerminalAndNonTerminalProcesses|TestProcessIOTeardownWhileFIFOPeersRemainAttached|TestCloseIOReconnectsTransportWithinCallerDeadline|TestCloseIOPersistsCreatedIntentAndDoesNotMutateStoppedProcess|TestStdinPumpRetriesRequestedCloseAndRecordsAcknowledgement|TestRecoveredNoFIFOPumpRetriesPendingClose|TestResizePtyRejectsInvalidRequests|TestResizePtyRollsBackIntentWhenGuestRejects|TestResizePtyRetriesLostReply|TestGuestProcessDeleteReconnectsAndConfirmsLostReply|TestKillForwardsOnlyForLiveKnownProcess|TestKillPersistsAndDeduplicatesLostSignalReply)$' -v ./cmd/containerd-shim-multikernel-v2
+scripts/test-runtime-task-v2-exhaustive-vm.sh:34: tee /var/tmp/tv2.ZsUOJA/process_io.log
=== RUN   TestResizePtyStoresInitialSizeBeforeStart
--- PASS: TestResizePtyStoresInitialSizeBeforeStart (0.00s)
=== RUN   TestOutputFIFOCanBeReattached
--- PASS: TestOutputFIFOCanBeReattached (1.02s)
=== RUN   TestOutputFIFOKeeperBridgesWorkerDeath
--- PASS: TestOutputFIFOKeeperBridgesWorkerDeath (1.52s)
=== RUN   TestInvalidProcessIOFailsBeforeCreateOrExecMutation
--- PASS: TestInvalidProcessIOFailsBeforeCreateOrExecMutation (0.00s)
=== RUN   TestProcessStdinMustBeFIFO
--- PASS: TestProcessStdinMustBeFIFO (0.00s)
=== RUN   TestStdinFIFOAcceptsLateAndRepeatedWriters
--- PASS: TestStdinFIFOAcceptsLateAndRepeatedWriters (0.07s)
=== RUN   TestCloseIOStopsContinuouslyReadableStdinAfterInflightChunk
--- PASS: TestCloseIOStopsContinuouslyReadableStdinAfterInflightChunk (0.00s)
=== RUN   TestPendingStdinReplaysLostAcknowledgementExactlyOnce
--- PASS: TestPendingStdinReplaysLostAcknowledgementExactlyOnce (0.05s)
=== RUN   TestStdinIntentPersistenceFailurePrecedesGuestMutation
multikernel stdin intent: no such file or directory
--- PASS: TestStdinIntentPersistenceFailurePrecedesGuestMutation (0.00s)
=== RUN   TestStdinAcknowledgementPersistenceFailureRetainsReplayIdentity
--- PASS: TestStdinAcknowledgementPersistenceFailureRetainsReplayIdentity (0.05s)
=== RUN   TestOutputOffsetsAdvanceOnlyAfterDeliveryOrBoundedDrop
--- PASS: TestOutputOffsetsAdvanceOnlyAfterDeliveryOrBoundedDrop (0.00s)
=== RUN   TestProcessOutputAndWaitRecoverTransportWithoutChangingOffsets
--- PASS: TestProcessOutputAndWaitRecoverTransportWithoutChangingOffsets (0.15s)
=== RUN   TestWaitProcessRejectsMismatchedStoppedStateUntilExactCompletion
multikernel process wait validation: guest returned a stopped process with mismatched identity or state
multikernel process wait validation: guest returned a stopped process with mismatched identity or state
multikernel process wait validation: guest returned a stopped process with a different PID
multikernel process wait validation: guest returned an exit status outside the agent contract
multikernel process wait validation: guest returned an exit status outside the agent contract
--- PASS: TestWaitProcessRejectsMismatchedStoppedStateUntilExactCompletion (0.51s)
=== RUN   TestProcessOutputReconnectHasOneOverallDeadline
--- PASS: TestProcessOutputReconnectHasOneOverallDeadline (0.08s)
=== RUN   TestProcessOutputDoesNotReplayAuthenticatedRemoteRejection
--- PASS: TestProcessOutputDoesNotReplayAuthenticatedRemoteRejection (0.00s)
=== RUN   TestProcessOutputRequiresBoundedContiguousOffsetsAndKnownState
=== RUN   TestProcessOutputRequiresBoundedContiguousOffsetsAndKnownState/offset_overflow
=== RUN   TestProcessOutputRequiresBoundedContiguousOffsetsAndKnownState/stderr_regression
=== RUN   TestProcessOutputRequiresBoundedContiguousOffsetsAndKnownState/unknown_state
=== RUN   TestProcessOutputRequiresBoundedContiguousOffsetsAndKnownState/oversized_stdout
=== RUN   TestProcessOutputRequiresBoundedContiguousOffsetsAndKnownState/oversized_stderr
=== RUN   TestProcessOutputRequiresBoundedContiguousOffsetsAndKnownState/stdout_gap
--- PASS: TestProcessOutputRequiresBoundedContiguousOffsetsAndKnownState (0.00s)
    --- PASS: TestProcessOutputRequiresBoundedContiguousOffsetsAndKnownState/offset_overflow (0.00s)
    --- PASS: TestProcessOutputRequiresBoundedContiguousOffsetsAndKnownState/stderr_regression (0.00s)
    --- PASS: TestProcessOutputRequiresBoundedContiguousOffsetsAndKnownState/unknown_state (0.00s)
    --- PASS: TestProcessOutputRequiresBoundedContiguousOffsetsAndKnownState/oversized_stdout (0.00s)
    --- PASS: TestProcessOutputRequiresBoundedContiguousOffsetsAndKnownState/oversized_stderr (0.00s)
    --- PASS: TestProcessOutputRequiresBoundedContiguousOffsetsAndKnownState/stdout_gap (0.00s)
=== RUN   TestOutputOffsetRetriesWhenDurableAcknowledgementFails
multikernel output acknowledgement: no such file or directory
--- PASS: TestOutputOffsetRetriesWhenDurableAcknowledgementFails (0.02s)
=== RUN   TestWaitProcessDoesNotFabricateExitAfterReconnectBudget
multikernel output monitor: context deadline exceeded
--- PASS: TestWaitProcessDoesNotFabricateExitAfterReconnectBudget (0.12s)
=== RUN   TestWaitProcessDoesNotCompleteBeforeExitStateIsDurable
multikernel exit state persistence: no such file or directory
--- PASS: TestWaitProcessDoesNotCompleteBeforeExitStateIsDurable (0.11s)
=== RUN   TestExitEventFlagRollsBackWhenRecoveryAcknowledgementFails
multikernel exit event acknowledgement: no such file or directory
--- PASS: TestExitEventFlagRollsBackWhenRecoveryAcknowledgementFails (0.01s)
=== RUN   TestCloseIORetriesUntilGuestAcknowledges
--- PASS: TestCloseIORetriesUntilGuestAcknowledges (0.00s)
=== RUN   TestCloseIOTerminalAndNonTerminalProcesses
=== RUN   TestCloseIOTerminalAndNonTerminalProcesses/non-terminal
=== RUN   TestCloseIOTerminalAndNonTerminalProcesses/terminal
--- PASS: TestCloseIOTerminalAndNonTerminalProcesses (0.00s)
    --- PASS: TestCloseIOTerminalAndNonTerminalProcesses/non-terminal (0.00s)
    --- PASS: TestCloseIOTerminalAndNonTerminalProcesses/terminal (0.00s)
=== RUN   TestProcessIOTeardownWhileFIFOPeersRemainAttached
--- PASS: TestProcessIOTeardownWhileFIFOPeersRemainAttached (1.02s)
=== RUN   TestCloseIOReconnectsTransportWithinCallerDeadline
--- PASS: TestCloseIOReconnectsTransportWithinCallerDeadline (0.05s)
=== RUN   TestCloseIOPersistsCreatedIntentAndDoesNotMutateStoppedProcess
--- PASS: TestCloseIOPersistsCreatedIntentAndDoesNotMutateStoppedProcess (0.00s)
=== RUN   TestStdinPumpRetriesRequestedCloseAndRecordsAcknowledgement
multikernel close stdin: injected close failure
--- PASS: TestStdinPumpRetriesRequestedCloseAndRecordsAcknowledgement (0.10s)
=== RUN   TestRecoveredNoFIFOPumpRetriesPendingClose
multikernel close stdin: injected close failure
--- PASS: TestRecoveredNoFIFOPumpRetriesPendingClose (0.10s)
=== RUN   TestResizePtyRejectsInvalidRequests
--- PASS: TestResizePtyRejectsInvalidRequests (0.00s)
=== RUN   TestResizePtyRollsBackIntentWhenGuestRejects
--- PASS: TestResizePtyRollsBackIntentWhenGuestRejects (0.00s)
=== RUN   TestKillForwardsOnlyForLiveKnownProcess
--- PASS: TestKillForwardsOnlyForLiveKnownProcess (0.00s)
=== RUN   TestKillPersistsAndDeduplicatesLostSignalReply
--- PASS: TestKillPersistsAndDeduplicatesLostSignalReply (0.06s)
=== RUN   TestGuestProcessDeleteReconnectsAndConfirmsLostReply
--- PASS: TestGuestProcessDeleteReconnectsAndConfirmsLostReply (0.05s)
=== RUN   TestResizePtyRetriesLostReply
--- PASS: TestResizePtyRetriesLostReply (0.05s)
=== RUN   TestResizePtyStoresInitialSizeBeforeStart
--- PASS: TestResizePtyStoresInitialSizeBeforeStart (0.00s)
=== RUN   TestOutputFIFOCanBeReattached
--- PASS: TestOutputFIFOCanBeReattached (1.02s)
=== RUN   TestOutputFIFOKeeperBridgesWorkerDeath
--- PASS: TestOutputFIFOKeeperBridgesWorkerDeath (1.52s)
=== RUN   TestInvalidProcessIOFailsBeforeCreateOrExecMutation
--- PASS: TestInvalidProcessIOFailsBeforeCreateOrExecMutation (0.00s)
=== RUN   TestProcessStdinMustBeFIFO
--- PASS: TestProcessStdinMustBeFIFO (0.00s)
=== RUN   TestStdinFIFOAcceptsLateAndRepeatedWriters
--- PASS: TestStdinFIFOAcceptsLateAndRepeatedWriters (0.06s)
=== RUN   TestCloseIOStopsContinuouslyReadableStdinAfterInflightChunk
--- PASS: TestCloseIOStopsContinuouslyReadableStdinAfterInflightChunk (0.00s)
=== RUN   TestPendingStdinReplaysLostAcknowledgementExactlyOnce
--- PASS: TestPendingStdinReplaysLostAcknowledgementExactlyOnce (0.05s)
=== RUN   TestStdinIntentPersistenceFailurePrecedesGuestMutation
multikernel stdin intent: no such file or directory
--- PASS: TestStdinIntentPersistenceFailurePrecedesGuestMutation (0.00s)
=== RUN   TestStdinAcknowledgementPersistenceFailureRetainsReplayIdentity
--- PASS: TestStdinAcknowledgementPersistenceFailureRetainsReplayIdentity (0.05s)
=== RUN   TestOutputOffsetsAdvanceOnlyAfterDeliveryOrBoundedDrop
--- PASS: TestOutputOffsetsAdvanceOnlyAfterDeliveryOrBoundedDrop (0.00s)
=== RUN   TestProcessOutputAndWaitRecoverTransportWithoutChangingOffsets
--- PASS: TestProcessOutputAndWaitRecoverTransportWithoutChangingOffsets (0.15s)
=== RUN   TestWaitProcessRejectsMismatchedStoppedStateUntilExactCompletion
multikernel process wait validation: guest returned a stopped process with mismatched identity or state
multikernel process wait validation: guest returned a stopped process with mismatched identity or state
multikernel process wait validation: guest returned a stopped process with a different PID
multikernel process wait validation: guest returned an exit status outside the agent contract
multikernel process wait validation: guest returned an exit status outside the agent contract
--- PASS: TestWaitProcessRejectsMismatchedStoppedStateUntilExactCompletion (0.51s)
=== RUN   TestProcessOutputReconnectHasOneOverallDeadline
--- PASS: TestProcessOutputReconnectHasOneOverallDeadline (0.08s)
=== RUN   TestProcessOutputDoesNotReplayAuthenticatedRemoteRejection
--- PASS: TestProcessOutputDoesNotReplayAuthenticatedRemoteRejection (0.00s)
=== RUN   TestProcessOutputRequiresBoundedContiguousOffsetsAndKnownState
=== RUN   TestProcessOutputRequiresBoundedContiguousOffsetsAndKnownState/stderr_regression
=== RUN   TestProcessOutputRequiresBoundedContiguousOffsetsAndKnownState/unknown_state
=== RUN   TestProcessOutputRequiresBoundedContiguousOffsetsAndKnownState/oversized_stdout
=== RUN   TestProcessOutputRequiresBoundedContiguousOffsetsAndKnownState/oversized_stderr
=== RUN   TestProcessOutputRequiresBoundedContiguousOffsetsAndKnownState/stdout_gap
=== RUN   TestProcessOutputRequiresBoundedContiguousOffsetsAndKnownState/offset_overflow
--- PASS: TestProcessOutputRequiresBoundedContiguousOffsetsAndKnownState (0.00s)
    --- PASS: TestProcessOutputRequiresBoundedContiguousOffsetsAndKnownState/stderr_regression (0.00s)
    --- PASS: TestProcessOutputRequiresBoundedContiguousOffsetsAndKnownState/unknown_state (0.00s)
    --- PASS: TestProcessOutputRequiresBoundedContiguousOffsetsAndKnownState/oversized_stdout (0.00s)
    --- PASS: TestProcessOutputRequiresBoundedContiguousOffsetsAndKnownState/oversized_stderr (0.00s)
    --- PASS: TestProcessOutputRequiresBoundedContiguousOffsetsAndKnownState/stdout_gap (0.00s)
    --- PASS: TestProcessOutputRequiresBoundedContiguousOffsetsAndKnownState/offset_overflow (0.00s)
=== RUN   TestOutputOffsetRetriesWhenDurableAcknowledgementFails
multikernel output acknowledgement: no such file or directory
--- PASS: TestOutputOffsetRetriesWhenDurableAcknowledgementFails (0.02s)
=== RUN   TestWaitProcessDoesNotFabricateExitAfterReconnectBudget
multikernel output monitor: context deadline exceeded
--- PASS: TestWaitProcessDoesNotFabricateExitAfterReconnectBudget (0.12s)
=== RUN   TestWaitProcessDoesNotCompleteBeforeExitStateIsDurable
multikernel exit state persistence: no such file or directory
--- PASS: TestWaitProcessDoesNotCompleteBeforeExitStateIsDurable (0.11s)
=== RUN   TestExitEventFlagRollsBackWhenRecoveryAcknowledgementFails
multikernel exit event acknowledgement: no such file or directory
--- PASS: TestExitEventFlagRollsBackWhenRecoveryAcknowledgementFails (0.01s)
=== RUN   TestCloseIORetriesUntilGuestAcknowledges
--- PASS: TestCloseIORetriesUntilGuestAcknowledges (0.00s)
=== RUN   TestCloseIOTerminalAndNonTerminalProcesses
=== RUN   TestCloseIOTerminalAndNonTerminalProcesses/non-terminal
=== RUN   TestCloseIOTerminalAndNonTerminalProcesses/terminal
--- PASS: TestCloseIOTerminalAndNonTerminalProcesses (0.00s)
    --- PASS: TestCloseIOTerminalAndNonTerminalProcesses/non-terminal (0.00s)
    --- PASS: TestCloseIOTerminalAndNonTerminalProcesses/terminal (0.00s)
=== RUN   TestProcessIOTeardownWhileFIFOPeersRemainAttached
--- PASS: TestProcessIOTeardownWhileFIFOPeersRemainAttached (1.02s)
=== RUN   TestCloseIOReconnectsTransportWithinCallerDeadline
--- PASS: TestCloseIOReconnectsTransportWithinCallerDeadline (0.05s)
=== RUN   TestCloseIOPersistsCreatedIntentAndDoesNotMutateStoppedProcess
--- PASS: TestCloseIOPersistsCreatedIntentAndDoesNotMutateStoppedProcess (0.00s)
=== RUN   TestStdinPumpRetriesRequestedCloseAndRecordsAcknowledgement
multikernel close stdin: injected close failure
--- PASS: TestStdinPumpRetriesRequestedCloseAndRecordsAcknowledgement (0.10s)
=== RUN   TestRecoveredNoFIFOPumpRetriesPendingClose
multikernel close stdin: injected close failure
--- PASS: TestRecoveredNoFIFOPumpRetriesPendingClose (0.10s)
=== RUN   TestResizePtyRejectsInvalidRequests
--- PASS: TestResizePtyRejectsInvalidRequests (0.00s)
=== RUN   TestResizePtyRollsBackIntentWhenGuestRejects
--- PASS: TestResizePtyRollsBackIntentWhenGuestRejects (0.00s)
=== RUN   TestKillForwardsOnlyForLiveKnownProcess
--- PASS: TestKillForwardsOnlyForLiveKnownProcess (0.00s)
=== RUN   TestKillPersistsAndDeduplicatesLostSignalReply
--- PASS: TestKillPersistsAndDeduplicatesLostSignalReply (0.06s)
=== RUN   TestGuestProcessDeleteReconnectsAndConfirmsLostReply
--- PASS: TestGuestProcessDeleteReconnectsAndConfirmsLostReply (0.05s)
=== RUN   TestResizePtyRetriesLostReply
--- PASS: TestResizePtyRetriesLostReply (0.05s)
=== RUN   TestResizePtyStoresInitialSizeBeforeStart
--- PASS: TestResizePtyStoresInitialSizeBeforeStart (0.00s)
=== RUN   TestOutputFIFOCanBeReattached
--- PASS: TestOutputFIFOCanBeReattached (1.02s)
=== RUN   TestOutputFIFOKeeperBridgesWorkerDeath
--- PASS: TestOutputFIFOKeeperBridgesWorkerDeath (1.53s)
=== RUN   TestInvalidProcessIOFailsBeforeCreateOrExecMutation
--- PASS: TestInvalidProcessIOFailsBeforeCreateOrExecMutation (0.00s)
=== RUN   TestProcessStdinMustBeFIFO
--- PASS: TestProcessStdinMustBeFIFO (0.00s)
=== RUN   TestStdinFIFOAcceptsLateAndRepeatedWriters
--- PASS: TestStdinFIFOAcceptsLateAndRepeatedWriters (0.06s)
=== RUN   TestCloseIOStopsContinuouslyReadableStdinAfterInflightChunk
--- PASS: TestCloseIOStopsContinuouslyReadableStdinAfterInflightChunk (0.00s)
=== RUN   TestPendingStdinReplaysLostAcknowledgementExactlyOnce
--- PASS: TestPendingStdinReplaysLostAcknowledgementExactlyOnce (0.05s)
=== RUN   TestStdinIntentPersistenceFailurePrecedesGuestMutation
multikernel stdin intent: no such file or directory
--- PASS: TestStdinIntentPersistenceFailurePrecedesGuestMutation (0.00s)
=== RUN   TestStdinAcknowledgementPersistenceFailureRetainsReplayIdentity
--- PASS: TestStdinAcknowledgementPersistenceFailureRetainsReplayIdentity (0.05s)
=== RUN   TestOutputOffsetsAdvanceOnlyAfterDeliveryOrBoundedDrop
--- PASS: TestOutputOffsetsAdvanceOnlyAfterDeliveryOrBoundedDrop (0.00s)
=== RUN   TestProcessOutputAndWaitRecoverTransportWithoutChangingOffsets
--- PASS: TestProcessOutputAndWaitRecoverTransportWithoutChangingOffsets (0.15s)
=== RUN   TestWaitProcessRejectsMismatchedStoppedStateUntilExactCompletion
multikernel process wait validation: guest returned a stopped process with mismatched identity or state
multikernel process wait validation: guest returned a stopped process with mismatched identity or state
multikernel process wait validation: guest returned a stopped process with a different PID
multikernel process wait validation: guest returned an exit status outside the agent contract
multikernel process wait validation: guest returned an exit status outside the agent contract
--- PASS: TestWaitProcessRejectsMismatchedStoppedStateUntilExactCompletion (0.51s)
=== RUN   TestProcessOutputReconnectHasOneOverallDeadline
--- PASS: TestProcessOutputReconnectHasOneOverallDeadline (0.08s)
=== RUN   TestProcessOutputDoesNotReplayAuthenticatedRemoteRejection
--- PASS: TestProcessOutputDoesNotReplayAuthenticatedRemoteRejection (0.00s)
=== RUN   TestProcessOutputRequiresBoundedContiguousOffsetsAndKnownState
=== RUN   TestProcessOutputRequiresBoundedContiguousOffsetsAndKnownState/stderr_regression
=== RUN   TestProcessOutputRequiresBoundedContiguousOffsetsAndKnownState/unknown_state
=== RUN   TestProcessOutputRequiresBoundedContiguousOffsetsAndKnownState/oversized_stdout
=== RUN   TestProcessOutputRequiresBoundedContiguousOffsetsAndKnownState/oversized_stderr
=== RUN   TestProcessOutputRequiresBoundedContiguousOffsetsAndKnownState/stdout_gap
=== RUN   TestProcessOutputRequiresBoundedContiguousOffsetsAndKnownState/offset_overflow
--- PASS: TestProcessOutputRequiresBoundedContiguousOffsetsAndKnownState (0.00s)
    --- PASS: TestProcessOutputRequiresBoundedContiguousOffsetsAndKnownState/stderr_regression (0.00s)
    --- PASS: TestProcessOutputRequiresBoundedContiguousOffsetsAndKnownState/unknown_state (0.00s)
    --- PASS: TestProcessOutputRequiresBoundedContiguousOffsetsAndKnownState/oversized_stdout (0.00s)
    --- PASS: TestProcessOutputRequiresBoundedContiguousOffsetsAndKnownState/oversized_stderr (0.00s)
    --- PASS: TestProcessOutputRequiresBoundedContiguousOffsetsAndKnownState/stdout_gap (0.00s)
    --- PASS: TestProcessOutputRequiresBoundedContiguousOffsetsAndKnownState/offset_overflow (0.00s)
=== RUN   TestOutputOffsetRetriesWhenDurableAcknowledgementFails
multikernel output acknowledgement: no such file or directory
--- PASS: TestOutputOffsetRetriesWhenDurableAcknowledgementFails (0.02s)
=== RUN   TestWaitProcessDoesNotFabricateExitAfterReconnectBudget
multikernel output monitor: context deadline exceeded
--- PASS: TestWaitProcessDoesNotFabricateExitAfterReconnectBudget (0.12s)
=== RUN   TestWaitProcessDoesNotCompleteBeforeExitStateIsDurable
multikernel exit state persistence: no such file or directory
--- PASS: TestWaitProcessDoesNotCompleteBeforeExitStateIsDurable (0.11s)
=== RUN   TestExitEventFlagRollsBackWhenRecoveryAcknowledgementFails
multikernel exit event acknowledgement: no such file or directory
--- PASS: TestExitEventFlagRollsBackWhenRecoveryAcknowledgementFails (0.01s)
=== RUN   TestCloseIORetriesUntilGuestAcknowledges
--- PASS: TestCloseIORetriesUntilGuestAcknowledges (0.00s)
=== RUN   TestCloseIOTerminalAndNonTerminalProcesses
=== RUN   TestCloseIOTerminalAndNonTerminalProcesses/non-terminal
=== RUN   TestCloseIOTerminalAndNonTerminalProcesses/terminal
--- PASS: TestCloseIOTerminalAndNonTerminalProcesses (0.00s)
    --- PASS: TestCloseIOTerminalAndNonTerminalProcesses/non-terminal (0.00s)
    --- PASS: TestCloseIOTerminalAndNonTerminalProcesses/terminal (0.00s)
=== RUN   TestProcessIOTeardownWhileFIFOPeersRemainAttached
--- PASS: TestProcessIOTeardownWhileFIFOPeersRemainAttached (1.02s)
=== RUN   TestCloseIOReconnectsTransportWithinCallerDeadline
--- PASS: TestCloseIOReconnectsTransportWithinCallerDeadline (0.05s)
=== RUN   TestCloseIOPersistsCreatedIntentAndDoesNotMutateStoppedProcess
--- PASS: TestCloseIOPersistsCreatedIntentAndDoesNotMutateStoppedProcess (0.00s)
=== RUN   TestStdinPumpRetriesRequestedCloseAndRecordsAcknowledgement
multikernel close stdin: injected close failure
--- PASS: TestStdinPumpRetriesRequestedCloseAndRecordsAcknowledgement (0.10s)
=== RUN   TestRecoveredNoFIFOPumpRetriesPendingClose
multikernel close stdin: injected close failure
--- PASS: TestRecoveredNoFIFOPumpRetriesPendingClose (0.10s)
=== RUN   TestResizePtyRejectsInvalidRequests
--- PASS: TestResizePtyRejectsInvalidRequests (0.00s)
=== RUN   TestResizePtyRollsBackIntentWhenGuestRejects
--- PASS: TestResizePtyRollsBackIntentWhenGuestRejects (0.00s)
=== RUN   TestKillForwardsOnlyForLiveKnownProcess
--- PASS: TestKillForwardsOnlyForLiveKnownProcess (0.00s)
=== RUN   TestKillPersistsAndDeduplicatesLostSignalReply
--- PASS: TestKillPersistsAndDeduplicatesLostSignalReply (0.06s)
=== RUN   TestGuestProcessDeleteReconnectsAndConfirmsLostReply
--- PASS: TestGuestProcessDeleteReconnectsAndConfirmsLostReply (0.05s)
=== RUN   TestResizePtyRetriesLostReply
--- PASS: TestResizePtyRetriesLostReply (0.05s)
=== RUN   TestResizePtyStoresInitialSizeBeforeStart
--- PASS: TestResizePtyStoresInitialSizeBeforeStart (0.00s)
=== RUN   TestOutputFIFOCanBeReattached
--- PASS: TestOutputFIFOCanBeReattached (1.02s)
=== RUN   TestOutputFIFOKeeperBridgesWorkerDeath
--- PASS: TestOutputFIFOKeeperBridgesWorkerDeath (1.52s)
=== RUN   TestInvalidProcessIOFailsBeforeCreateOrExecMutation
--- PASS: TestInvalidProcessIOFailsBeforeCreateOrExecMutation (0.00s)
=== RUN   TestProcessStdinMustBeFIFO
--- PASS: TestProcessStdinMustBeFIFO (0.00s)
=== RUN   TestStdinFIFOAcceptsLateAndRepeatedWriters
--- PASS: TestStdinFIFOAcceptsLateAndRepeatedWriters (0.04s)
=== RUN   TestCloseIOStopsContinuouslyReadableStdinAfterInflightChunk
--- PASS: TestCloseIOStopsContinuouslyReadableStdinAfterInflightChunk (0.00s)
=== RUN   TestPendingStdinReplaysLostAcknowledgementExactlyOnce
--- PASS: TestPendingStdinReplaysLostAcknowledgementExactlyOnce (0.05s)
=== RUN   TestStdinIntentPersistenceFailurePrecedesGuestMutation
multikernel stdin intent: no such file or directory
--- PASS: TestStdinIntentPersistenceFailurePrecedesGuestMutation (0.00s)
=== RUN   TestStdinAcknowledgementPersistenceFailureRetainsReplayIdentity
--- PASS: TestStdinAcknowledgementPersistenceFailureRetainsReplayIdentity (0.05s)
=== RUN   TestOutputOffsetsAdvanceOnlyAfterDeliveryOrBoundedDrop
--- PASS: TestOutputOffsetsAdvanceOnlyAfterDeliveryOrBoundedDrop (0.00s)
=== RUN   TestProcessOutputAndWaitRecoverTransportWithoutChangingOffsets
--- PASS: TestProcessOutputAndWaitRecoverTransportWithoutChangingOffsets (0.15s)
=== RUN   TestWaitProcessRejectsMismatchedStoppedStateUntilExactCompletion
multikernel process wait validation: guest returned a stopped process with mismatched identity or state
multikernel process wait validation: guest returned a stopped process with mismatched identity or state
multikernel process wait validation: guest returned a stopped process with a different PID
multikernel process wait validation: guest returned an exit status outside the agent contract
multikernel process wait validation: guest returned an exit status outside the agent contract
--- PASS: TestWaitProcessRejectsMismatchedStoppedStateUntilExactCompletion (0.51s)
=== RUN   TestProcessOutputReconnectHasOneOverallDeadline
--- PASS: TestProcessOutputReconnectHasOneOverallDeadline (0.08s)
=== RUN   TestProcessOutputDoesNotReplayAuthenticatedRemoteRejection
--- PASS: TestProcessOutputDoesNotReplayAuthenticatedRemoteRejection (0.00s)
=== RUN   TestProcessOutputRequiresBoundedContiguousOffsetsAndKnownState
=== RUN   TestProcessOutputRequiresBoundedContiguousOffsetsAndKnownState/stderr_regression
=== RUN   TestProcessOutputRequiresBoundedContiguousOffsetsAndKnownState/unknown_state
=== RUN   TestProcessOutputRequiresBoundedContiguousOffsetsAndKnownState/oversized_stdout
=== RUN   TestProcessOutputRequiresBoundedContiguousOffsetsAndKnownState/oversized_stderr
=== RUN   TestProcessOutputRequiresBoundedContiguousOffsetsAndKnownState/stdout_gap
=== RUN   TestProcessOutputRequiresBoundedContiguousOffsetsAndKnownState/offset_overflow
--- PASS: TestProcessOutputRequiresBoundedContiguousOffsetsAndKnownState (0.00s)
    --- PASS: TestProcessOutputRequiresBoundedContiguousOffsetsAndKnownState/stderr_regression (0.00s)
    --- PASS: TestProcessOutputRequiresBoundedContiguousOffsetsAndKnownState/unknown_state (0.00s)
    --- PASS: TestProcessOutputRequiresBoundedContiguousOffsetsAndKnownState/oversized_stdout (0.00s)
    --- PASS: TestProcessOutputRequiresBoundedContiguousOffsetsAndKnownState/oversized_stderr (0.00s)
    --- PASS: TestProcessOutputRequiresBoundedContiguousOffsetsAndKnownState/stdout_gap (0.00s)
    --- PASS: TestProcessOutputRequiresBoundedContiguousOffsetsAndKnownState/offset_overflow (0.00s)
=== RUN   TestOutputOffsetRetriesWhenDurableAcknowledgementFails
multikernel output acknowledgement: no such file or directory
--- PASS: TestOutputOffsetRetriesWhenDurableAcknowledgementFails (0.02s)
=== RUN   TestWaitProcessDoesNotFabricateExitAfterReconnectBudget
multikernel output monitor: context deadline exceeded
--- PASS: TestWaitProcessDoesNotFabricateExitAfterReconnectBudget (0.12s)
=== RUN   TestWaitProcessDoesNotCompleteBeforeExitStateIsDurable
multikernel exit state persistence: no such file or directory
--- PASS: TestWaitProcessDoesNotCompleteBeforeExitStateIsDurable (0.11s)
=== RUN   TestExitEventFlagRollsBackWhenRecoveryAcknowledgementFails
multikernel exit event acknowledgement: no such file or directory
--- PASS: TestExitEventFlagRollsBackWhenRecoveryAcknowledgementFails (0.01s)
=== RUN   TestCloseIORetriesUntilGuestAcknowledges
--- PASS: TestCloseIORetriesUntilGuestAcknowledges (0.00s)
=== RUN   TestCloseIOTerminalAndNonTerminalProcesses
=== RUN   TestCloseIOTerminalAndNonTerminalProcesses/non-terminal
=== RUN   TestCloseIOTerminalAndNonTerminalProcesses/terminal
--- PASS: TestCloseIOTerminalAndNonTerminalProcesses (0.00s)
    --- PASS: TestCloseIOTerminalAndNonTerminalProcesses/non-terminal (0.00s)
    --- PASS: TestCloseIOTerminalAndNonTerminalProcesses/terminal (0.00s)
=== RUN   TestProcessIOTeardownWhileFIFOPeersRemainAttached
--- PASS: TestProcessIOTeardownWhileFIFOPeersRemainAttached (1.02s)
=== RUN   TestCloseIOReconnectsTransportWithinCallerDeadline
--- PASS: TestCloseIOReconnectsTransportWithinCallerDeadline (0.05s)
=== RUN   TestCloseIOPersistsCreatedIntentAndDoesNotMutateStoppedProcess
--- PASS: TestCloseIOPersistsCreatedIntentAndDoesNotMutateStoppedProcess (0.00s)
=== RUN   TestStdinPumpRetriesRequestedCloseAndRecordsAcknowledgement
multikernel close stdin: injected close failure
--- PASS: TestStdinPumpRetriesRequestedCloseAndRecordsAcknowledgement (0.10s)
=== RUN   TestRecoveredNoFIFOPumpRetriesPendingClose
multikernel close stdin: injected close failure
--- PASS: TestRecoveredNoFIFOPumpRetriesPendingClose (0.10s)
=== RUN   TestResizePtyRejectsInvalidRequests
--- PASS: TestResizePtyRejectsInvalidRequests (0.00s)
=== RUN   TestResizePtyRollsBackIntentWhenGuestRejects
--- PASS: TestResizePtyRollsBackIntentWhenGuestRejects (0.00s)
=== RUN   TestKillForwardsOnlyForLiveKnownProcess
--- PASS: TestKillForwardsOnlyForLiveKnownProcess (0.00s)
=== RUN   TestKillPersistsAndDeduplicatesLostSignalReply
--- PASS: TestKillPersistsAndDeduplicatesLostSignalReply (0.06s)
=== RUN   TestGuestProcessDeleteReconnectsAndConfirmsLostReply
--- PASS: TestGuestProcessDeleteReconnectsAndConfirmsLostReply (0.05s)
=== RUN   TestResizePtyRetriesLostReply
--- PASS: TestResizePtyRetriesLostReply (0.05s)
=== RUN   TestResizePtyStoresInitialSizeBeforeStart
--- PASS: TestResizePtyStoresInitialSizeBeforeStart (0.00s)
=== RUN   TestOutputFIFOCanBeReattached
--- PASS: TestOutputFIFOCanBeReattached (1.02s)
=== RUN   TestOutputFIFOKeeperBridgesWorkerDeath
--- PASS: TestOutputFIFOKeeperBridgesWorkerDeath (1.52s)
=== RUN   TestInvalidProcessIOFailsBeforeCreateOrExecMutation
--- PASS: TestInvalidProcessIOFailsBeforeCreateOrExecMutation (0.00s)
=== RUN   TestProcessStdinMustBeFIFO
--- PASS: TestProcessStdinMustBeFIFO (0.00s)
=== RUN   TestStdinFIFOAcceptsLateAndRepeatedWriters
--- PASS: TestStdinFIFOAcceptsLateAndRepeatedWriters (0.05s)
=== RUN   TestCloseIOStopsContinuouslyReadableStdinAfterInflightChunk
--- PASS: TestCloseIOStopsContinuouslyReadableStdinAfterInflightChunk (0.00s)
=== RUN   TestPendingStdinReplaysLostAcknowledgementExactlyOnce
--- PASS: TestPendingStdinReplaysLostAcknowledgementExactlyOnce (0.05s)
=== RUN   TestStdinIntentPersistenceFailurePrecedesGuestMutation
multikernel stdin intent: no such file or directory
--- PASS: TestStdinIntentPersistenceFailurePrecedesGuestMutation (0.00s)
=== RUN   TestStdinAcknowledgementPersistenceFailureRetainsReplayIdentity
--- PASS: TestStdinAcknowledgementPersistenceFailureRetainsReplayIdentity (0.05s)
=== RUN   TestOutputOffsetsAdvanceOnlyAfterDeliveryOrBoundedDrop
--- PASS: TestOutputOffsetsAdvanceOnlyAfterDeliveryOrBoundedDrop (0.00s)
=== RUN   TestProcessOutputAndWaitRecoverTransportWithoutChangingOffsets
--- PASS: TestProcessOutputAndWaitRecoverTransportWithoutChangingOffsets (0.15s)
=== RUN   TestWaitProcessRejectsMismatchedStoppedStateUntilExactCompletion
multikernel process wait validation: guest returned a stopped process with mismatched identity or state
multikernel process wait validation: guest returned a stopped process with mismatched identity or state
multikernel process wait validation: guest returned a stopped process with a different PID
multikernel process wait validation: guest returned an exit status outside the agent contract
multikernel process wait validation: guest returned an exit status outside the agent contract
--- PASS: TestWaitProcessRejectsMismatchedStoppedStateUntilExactCompletion (0.51s)
=== RUN   TestProcessOutputReconnectHasOneOverallDeadline
--- PASS: TestProcessOutputReconnectHasOneOverallDeadline (0.08s)
=== RUN   TestProcessOutputDoesNotReplayAuthenticatedRemoteRejection
--- PASS: TestProcessOutputDoesNotReplayAuthenticatedRemoteRejection (0.00s)
=== RUN   TestProcessOutputRequiresBoundedContiguousOffsetsAndKnownState
=== RUN   TestProcessOutputRequiresBoundedContiguousOffsetsAndKnownState/offset_overflow
=== RUN   TestProcessOutputRequiresBoundedContiguousOffsetsAndKnownState/stderr_regression
=== RUN   TestProcessOutputRequiresBoundedContiguousOffsetsAndKnownState/unknown_state
=== RUN   TestProcessOutputRequiresBoundedContiguousOffsetsAndKnownState/oversized_stdout
=== RUN   TestProcessOutputRequiresBoundedContiguousOffsetsAndKnownState/oversized_stderr
=== RUN   TestProcessOutputRequiresBoundedContiguousOffsetsAndKnownState/stdout_gap
--- PASS: TestProcessOutputRequiresBoundedContiguousOffsetsAndKnownState (0.00s)
    --- PASS: TestProcessOutputRequiresBoundedContiguousOffsetsAndKnownState/offset_overflow (0.00s)
    --- PASS: TestProcessOutputRequiresBoundedContiguousOffsetsAndKnownState/stderr_regression (0.00s)
    --- PASS: TestProcessOutputRequiresBoundedContiguousOffsetsAndKnownState/unknown_state (0.00s)
    --- PASS: TestProcessOutputRequiresBoundedContiguousOffsetsAndKnownState/oversized_stdout (0.00s)
    --- PASS: TestProcessOutputRequiresBoundedContiguousOffsetsAndKnownState/oversized_stderr (0.00s)
    --- PASS: TestProcessOutputRequiresBoundedContiguousOffsetsAndKnownState/stdout_gap (0.00s)
=== RUN   TestOutputOffsetRetriesWhenDurableAcknowledgementFails
multikernel output acknowledgement: no such file or directory
--- PASS: TestOutputOffsetRetriesWhenDurableAcknowledgementFails (0.02s)
=== RUN   TestWaitProcessDoesNotFabricateExitAfterReconnectBudget
multikernel output monitor: context deadline exceeded
--- PASS: TestWaitProcessDoesNotFabricateExitAfterReconnectBudget (0.12s)
=== RUN   TestWaitProcessDoesNotCompleteBeforeExitStateIsDurable
multikernel exit state persistence: no such file or directory
--- PASS: TestWaitProcessDoesNotCompleteBeforeExitStateIsDurable (0.11s)
=== RUN   TestExitEventFlagRollsBackWhenRecoveryAcknowledgementFails
multikernel exit event acknowledgement: no such file or directory
--- PASS: TestExitEventFlagRollsBackWhenRecoveryAcknowledgementFails (0.01s)
=== RUN   TestCloseIORetriesUntilGuestAcknowledges
--- PASS: TestCloseIORetriesUntilGuestAcknowledges (0.00s)
=== RUN   TestCloseIOTerminalAndNonTerminalProcesses
=== RUN   TestCloseIOTerminalAndNonTerminalProcesses/non-terminal
=== RUN   TestCloseIOTerminalAndNonTerminalProcesses/terminal
--- PASS: TestCloseIOTerminalAndNonTerminalProcesses (0.00s)
    --- PASS: TestCloseIOTerminalAndNonTerminalProcesses/non-terminal (0.00s)
    --- PASS: TestCloseIOTerminalAndNonTerminalProcesses/terminal (0.00s)
=== RUN   TestProcessIOTeardownWhileFIFOPeersRemainAttached
--- PASS: TestProcessIOTeardownWhileFIFOPeersRemainAttached (1.02s)
=== RUN   TestCloseIOReconnectsTransportWithinCallerDeadline
--- PASS: TestCloseIOReconnectsTransportWithinCallerDeadline (0.05s)
=== RUN   TestCloseIOPersistsCreatedIntentAndDoesNotMutateStoppedProcess
--- PASS: TestCloseIOPersistsCreatedIntentAndDoesNotMutateStoppedProcess (0.00s)
=== RUN   TestStdinPumpRetriesRequestedCloseAndRecordsAcknowledgement
multikernel close stdin: injected close failure
--- PASS: TestStdinPumpRetriesRequestedCloseAndRecordsAcknowledgement (0.10s)
=== RUN   TestRecoveredNoFIFOPumpRetriesPendingClose
multikernel close stdin: injected close failure
--- PASS: TestRecoveredNoFIFOPumpRetriesPendingClose (0.10s)
=== RUN   TestResizePtyRejectsInvalidRequests
--- PASS: TestResizePtyRejectsInvalidRequests (0.00s)
=== RUN   TestResizePtyRollsBackIntentWhenGuestRejects
--- PASS: TestResizePtyRollsBackIntentWhenGuestRejects (0.00s)
=== RUN   TestKillForwardsOnlyForLiveKnownProcess
--- PASS: TestKillForwardsOnlyForLiveKnownProcess (0.00s)
=== RUN   TestKillPersistsAndDeduplicatesLostSignalReply
--- PASS: TestKillPersistsAndDeduplicatesLostSignalReply (0.06s)
=== RUN   TestGuestProcessDeleteReconnectsAndConfirmsLostReply
--- PASS: TestGuestProcessDeleteReconnectsAndConfirmsLostReply (0.05s)
=== RUN   TestResizePtyRetriesLostReply
--- PASS: TestResizePtyRetriesLostReply (0.05s)
=== RUN   TestResizePtyStoresInitialSizeBeforeStart
--- PASS: TestResizePtyStoresInitialSizeBeforeStart (0.00s)
=== RUN   TestOutputFIFOCanBeReattached
--- PASS: TestOutputFIFOCanBeReattached (1.02s)
=== RUN   TestOutputFIFOKeeperBridgesWorkerDeath
--- PASS: TestOutputFIFOKeeperBridgesWorkerDeath (1.52s)
=== RUN   TestInvalidProcessIOFailsBeforeCreateOrExecMutation
--- PASS: TestInvalidProcessIOFailsBeforeCreateOrExecMutation (0.00s)
=== RUN   TestProcessStdinMustBeFIFO
--- PASS: TestProcessStdinMustBeFIFO (0.00s)
=== RUN   TestStdinFIFOAcceptsLateAndRepeatedWriters
--- PASS: TestStdinFIFOAcceptsLateAndRepeatedWriters (0.06s)
=== RUN   TestCloseIOStopsContinuouslyReadableStdinAfterInflightChunk
--- PASS: TestCloseIOStopsContinuouslyReadableStdinAfterInflightChunk (0.00s)
=== RUN   TestPendingStdinReplaysLostAcknowledgementExactlyOnce
--- PASS: TestPendingStdinReplaysLostAcknowledgementExactlyOnce (0.05s)
=== RUN   TestStdinIntentPersistenceFailurePrecedesGuestMutation
multikernel stdin intent: no such file or directory
--- PASS: TestStdinIntentPersistenceFailurePrecedesGuestMutation (0.00s)
=== RUN   TestStdinAcknowledgementPersistenceFailureRetainsReplayIdentity
--- PASS: TestStdinAcknowledgementPersistenceFailureRetainsReplayIdentity (0.05s)
=== RUN   TestOutputOffsetsAdvanceOnlyAfterDeliveryOrBoundedDrop
--- PASS: TestOutputOffsetsAdvanceOnlyAfterDeliveryOrBoundedDrop (0.00s)
=== RUN   TestProcessOutputAndWaitRecoverTransportWithoutChangingOffsets
--- PASS: TestProcessOutputAndWaitRecoverTransportWithoutChangingOffsets (0.15s)
=== RUN   TestWaitProcessRejectsMismatchedStoppedStateUntilExactCompletion
multikernel process wait validation: guest returned a stopped process with mismatched identity or state
multikernel process wait validation: guest returned a stopped process with mismatched identity or state
multikernel process wait validation: guest returned a stopped process with a different PID
multikernel process wait validation: guest returned an exit status outside the agent contract
multikernel process wait validation: guest returned an exit status outside the agent contract
--- PASS: TestWaitProcessRejectsMismatchedStoppedStateUntilExactCompletion (0.51s)
=== RUN   TestProcessOutputReconnectHasOneOverallDeadline
--- PASS: TestProcessOutputReconnectHasOneOverallDeadline (0.08s)
=== RUN   TestProcessOutputDoesNotReplayAuthenticatedRemoteRejection
--- PASS: TestProcessOutputDoesNotReplayAuthenticatedRemoteRejection (0.00s)
=== RUN   TestProcessOutputRequiresBoundedContiguousOffsetsAndKnownState
=== RUN   TestProcessOutputRequiresBoundedContiguousOffsetsAndKnownState/oversized_stdout
=== RUN   TestProcessOutputRequiresBoundedContiguousOffsetsAndKnownState/oversized_stderr
=== RUN   TestProcessOutputRequiresBoundedContiguousOffsetsAndKnownState/stdout_gap
=== RUN   TestProcessOutputRequiresBoundedContiguousOffsetsAndKnownState/offset_overflow
=== RUN   TestProcessOutputRequiresBoundedContiguousOffsetsAndKnownState/stderr_regression
=== RUN   TestProcessOutputRequiresBoundedContiguousOffsetsAndKnownState/unknown_state
--- PASS: TestProcessOutputRequiresBoundedContiguousOffsetsAndKnownState (0.00s)
    --- PASS: TestProcessOutputRequiresBoundedContiguousOffsetsAndKnownState/oversized_stdout (0.00s)
    --- PASS: TestProcessOutputRequiresBoundedContiguousOffsetsAndKnownState/oversized_stderr (0.00s)
    --- PASS: TestProcessOutputRequiresBoundedContiguousOffsetsAndKnownState/stdout_gap (0.00s)
    --- PASS: TestProcessOutputRequiresBoundedContiguousOffsetsAndKnownState/offset_overflow (0.00s)
    --- PASS: TestProcessOutputRequiresBoundedContiguousOffsetsAndKnownState/stderr_regression (0.00s)
    --- PASS: TestProcessOutputRequiresBoundedContiguousOffsetsAndKnownState/unknown_state (0.00s)
=== RUN   TestOutputOffsetRetriesWhenDurableAcknowledgementFails
multikernel output acknowledgement: no such file or directory
--- PASS: TestOutputOffsetRetriesWhenDurableAcknowledgementFails (0.02s)
=== RUN   TestWaitProcessDoesNotFabricateExitAfterReconnectBudget
multikernel output monitor: context deadline exceeded
--- PASS: TestWaitProcessDoesNotFabricateExitAfterReconnectBudget (0.12s)
=== RUN   TestWaitProcessDoesNotCompleteBeforeExitStateIsDurable
multikernel exit state persistence: no such file or directory
--- PASS: TestWaitProcessDoesNotCompleteBeforeExitStateIsDurable (0.11s)
=== RUN   TestExitEventFlagRollsBackWhenRecoveryAcknowledgementFails
multikernel exit event acknowledgement: no such file or directory
--- PASS: TestExitEventFlagRollsBackWhenRecoveryAcknowledgementFails (0.01s)
=== RUN   TestCloseIORetriesUntilGuestAcknowledges
--- PASS: TestCloseIORetriesUntilGuestAcknowledges (0.00s)
=== RUN   TestCloseIOTerminalAndNonTerminalProcesses
=== RUN   TestCloseIOTerminalAndNonTerminalProcesses/non-terminal
=== RUN   TestCloseIOTerminalAndNonTerminalProcesses/terminal
--- PASS: TestCloseIOTerminalAndNonTerminalProcesses (0.00s)
    --- PASS: TestCloseIOTerminalAndNonTerminalProcesses/non-terminal (0.00s)
    --- PASS: TestCloseIOTerminalAndNonTerminalProcesses/terminal (0.00s)
=== RUN   TestProcessIOTeardownWhileFIFOPeersRemainAttached
--- PASS: TestProcessIOTeardownWhileFIFOPeersRemainAttached (1.02s)
=== RUN   TestCloseIOReconnectsTransportWithinCallerDeadline
--- PASS: TestCloseIOReconnectsTransportWithinCallerDeadline (0.05s)
=== RUN   TestCloseIOPersistsCreatedIntentAndDoesNotMutateStoppedProcess
--- PASS: TestCloseIOPersistsCreatedIntentAndDoesNotMutateStoppedProcess (0.00s)
=== RUN   TestStdinPumpRetriesRequestedCloseAndRecordsAcknowledgement
multikernel close stdin: injected close failure
--- PASS: TestStdinPumpRetriesRequestedCloseAndRecordsAcknowledgement (0.10s)
=== RUN   TestRecoveredNoFIFOPumpRetriesPendingClose
multikernel close stdin: injected close failure
--- PASS: TestRecoveredNoFIFOPumpRetriesPendingClose (0.10s)
=== RUN   TestResizePtyRejectsInvalidRequests
--- PASS: TestResizePtyRejectsInvalidRequests (0.00s)
=== RUN   TestResizePtyRollsBackIntentWhenGuestRejects
--- PASS: TestResizePtyRollsBackIntentWhenGuestRejects (0.00s)
=== RUN   TestKillForwardsOnlyForLiveKnownProcess
--- PASS: TestKillForwardsOnlyForLiveKnownProcess (0.00s)
=== RUN   TestKillPersistsAndDeduplicatesLostSignalReply
--- PASS: TestKillPersistsAndDeduplicatesLostSignalReply (0.06s)
=== RUN   TestGuestProcessDeleteReconnectsAndConfirmsLostReply
--- PASS: TestGuestProcessDeleteReconnectsAndConfirmsLostReply (0.05s)
=== RUN   TestResizePtyRetriesLostReply
--- PASS: TestResizePtyRetriesLostReply (0.05s)
=== RUN   TestResizePtyStoresInitialSizeBeforeStart
--- PASS: TestResizePtyStoresInitialSizeBeforeStart (0.00s)
=== RUN   TestOutputFIFOCanBeReattached
--- PASS: TestOutputFIFOCanBeReattached (1.02s)
=== RUN   TestOutputFIFOKeeperBridgesWorkerDeath
--- PASS: TestOutputFIFOKeeperBridgesWorkerDeath (1.52s)
=== RUN   TestInvalidProcessIOFailsBeforeCreateOrExecMutation
--- PASS: TestInvalidProcessIOFailsBeforeCreateOrExecMutation (0.00s)
=== RUN   TestProcessStdinMustBeFIFO
--- PASS: TestProcessStdinMustBeFIFO (0.00s)
=== RUN   TestStdinFIFOAcceptsLateAndRepeatedWriters
--- PASS: TestStdinFIFOAcceptsLateAndRepeatedWriters (0.04s)
=== RUN   TestCloseIOStopsContinuouslyReadableStdinAfterInflightChunk
--- PASS: TestCloseIOStopsContinuouslyReadableStdinAfterInflightChunk (0.00s)
=== RUN   TestPendingStdinReplaysLostAcknowledgementExactlyOnce
--- PASS: TestPendingStdinReplaysLostAcknowledgementExactlyOnce (0.05s)
=== RUN   TestStdinIntentPersistenceFailurePrecedesGuestMutation
multikernel stdin intent: no such file or directory
--- PASS: TestStdinIntentPersistenceFailurePrecedesGuestMutation (0.00s)
=== RUN   TestStdinAcknowledgementPersistenceFailureRetainsReplayIdentity
--- PASS: TestStdinAcknowledgementPersistenceFailureRetainsReplayIdentity (0.05s)
=== RUN   TestOutputOffsetsAdvanceOnlyAfterDeliveryOrBoundedDrop
--- PASS: TestOutputOffsetsAdvanceOnlyAfterDeliveryOrBoundedDrop (0.00s)
=== RUN   TestProcessOutputAndWaitRecoverTransportWithoutChangingOffsets
--- PASS: TestProcessOutputAndWaitRecoverTransportWithoutChangingOffsets (0.15s)
=== RUN   TestWaitProcessRejectsMismatchedStoppedStateUntilExactCompletion
multikernel process wait validation: guest returned a stopped process with mismatched identity or state
multikernel process wait validation: guest returned a stopped process with mismatched identity or state
multikernel process wait validation: guest returned a stopped process with a different PID
multikernel process wait validation: guest returned an exit status outside the agent contract
multikernel process wait validation: guest returned an exit status outside the agent contract
--- PASS: TestWaitProcessRejectsMismatchedStoppedStateUntilExactCompletion (0.51s)
=== RUN   TestProcessOutputReconnectHasOneOverallDeadline
--- PASS: TestProcessOutputReconnectHasOneOverallDeadline (0.08s)
=== RUN   TestProcessOutputDoesNotReplayAuthenticatedRemoteRejection
--- PASS: TestProcessOutputDoesNotReplayAuthenticatedRemoteRejection (0.00s)
=== RUN   TestProcessOutputRequiresBoundedContiguousOffsetsAndKnownState
=== RUN   TestProcessOutputRequiresBoundedContiguousOffsetsAndKnownState/oversized_stderr
=== RUN   TestProcessOutputRequiresBoundedContiguousOffsetsAndKnownState/stdout_gap
=== RUN   TestProcessOutputRequiresBoundedContiguousOffsetsAndKnownState/offset_overflow
=== RUN   TestProcessOutputRequiresBoundedContiguousOffsetsAndKnownState/stderr_regression
=== RUN   TestProcessOutputRequiresBoundedContiguousOffsetsAndKnownState/unknown_state
=== RUN   TestProcessOutputRequiresBoundedContiguousOffsetsAndKnownState/oversized_stdout
--- PASS: TestProcessOutputRequiresBoundedContiguousOffsetsAndKnownState (0.00s)
    --- PASS: TestProcessOutputRequiresBoundedContiguousOffsetsAndKnownState/oversized_stderr (0.00s)
    --- PASS: TestProcessOutputRequiresBoundedContiguousOffsetsAndKnownState/stdout_gap (0.00s)
    --- PASS: TestProcessOutputRequiresBoundedContiguousOffsetsAndKnownState/offset_overflow (0.00s)
    --- PASS: TestProcessOutputRequiresBoundedContiguousOffsetsAndKnownState/stderr_regression (0.00s)
    --- PASS: TestProcessOutputRequiresBoundedContiguousOffsetsAndKnownState/unknown_state (0.00s)
    --- PASS: TestProcessOutputRequiresBoundedContiguousOffsetsAndKnownState/oversized_stdout (0.00s)
=== RUN   TestOutputOffsetRetriesWhenDurableAcknowledgementFails
multikernel output acknowledgement: no such file or directory
--- PASS: TestOutputOffsetRetriesWhenDurableAcknowledgementFails (0.02s)
=== RUN   TestWaitProcessDoesNotFabricateExitAfterReconnectBudget
multikernel output monitor: context deadline exceeded
--- PASS: TestWaitProcessDoesNotFabricateExitAfterReconnectBudget (0.12s)
=== RUN   TestWaitProcessDoesNotCompleteBeforeExitStateIsDurable
multikernel exit state persistence: no such file or directory
--- PASS: TestWaitProcessDoesNotCompleteBeforeExitStateIsDurable (0.11s)
=== RUN   TestExitEventFlagRollsBackWhenRecoveryAcknowledgementFails
multikernel exit event acknowledgement: no such file or directory
--- PASS: TestExitEventFlagRollsBackWhenRecoveryAcknowledgementFails (0.01s)
=== RUN   TestCloseIORetriesUntilGuestAcknowledges
--- PASS: TestCloseIORetriesUntilGuestAcknowledges (0.00s)
=== RUN   TestCloseIOTerminalAndNonTerminalProcesses
=== RUN   TestCloseIOTerminalAndNonTerminalProcesses/non-terminal
=== RUN   TestCloseIOTerminalAndNonTerminalProcesses/terminal
--- PASS: TestCloseIOTerminalAndNonTerminalProcesses (0.00s)
    --- PASS: TestCloseIOTerminalAndNonTerminalProcesses/non-terminal (0.00s)
    --- PASS: TestCloseIOTerminalAndNonTerminalProcesses/terminal (0.00s)
=== RUN   TestProcessIOTeardownWhileFIFOPeersRemainAttached
--- PASS: TestProcessIOTeardownWhileFIFOPeersRemainAttached (1.02s)
=== RUN   TestCloseIOReconnectsTransportWithinCallerDeadline
--- PASS: TestCloseIOReconnectsTransportWithinCallerDeadline (0.05s)
=== RUN   TestCloseIOPersistsCreatedIntentAndDoesNotMutateStoppedProcess
--- PASS: TestCloseIOPersistsCreatedIntentAndDoesNotMutateStoppedProcess (0.00s)
=== RUN   TestStdinPumpRetriesRequestedCloseAndRecordsAcknowledgement
multikernel close stdin: injected close failure
--- PASS: TestStdinPumpRetriesRequestedCloseAndRecordsAcknowledgement (0.10s)
=== RUN   TestRecoveredNoFIFOPumpRetriesPendingClose
multikernel close stdin: injected close failure
--- PASS: TestRecoveredNoFIFOPumpRetriesPendingClose (0.10s)
=== RUN   TestResizePtyRejectsInvalidRequests
--- PASS: TestResizePtyRejectsInvalidRequests (0.00s)
=== RUN   TestResizePtyRollsBackIntentWhenGuestRejects
--- PASS: TestResizePtyRollsBackIntentWhenGuestRejects (0.00s)
=== RUN   TestKillForwardsOnlyForLiveKnownProcess
--- PASS: TestKillForwardsOnlyForLiveKnownProcess (0.00s)
=== RUN   TestKillPersistsAndDeduplicatesLostSignalReply
--- PASS: TestKillPersistsAndDeduplicatesLostSignalReply (0.06s)
=== RUN   TestGuestProcessDeleteReconnectsAndConfirmsLostReply
--- PASS: TestGuestProcessDeleteReconnectsAndConfirmsLostReply (0.05s)
=== RUN   TestResizePtyRetriesLostReply
--- PASS: TestResizePtyRetriesLostReply (0.05s)
=== RUN   TestResizePtyStoresInitialSizeBeforeStart
--- PASS: TestResizePtyStoresInitialSizeBeforeStart (0.00s)
=== RUN   TestOutputFIFOCanBeReattached
--- PASS: TestOutputFIFOCanBeReattached (1.02s)
=== RUN   TestOutputFIFOKeeperBridgesWorkerDeath
--- PASS: TestOutputFIFOKeeperBridgesWorkerDeath (1.52s)
=== RUN   TestInvalidProcessIOFailsBeforeCreateOrExecMutation
--- PASS: TestInvalidProcessIOFailsBeforeCreateOrExecMutation (0.00s)
=== RUN   TestProcessStdinMustBeFIFO
--- PASS: TestProcessStdinMustBeFIFO (0.00s)
=== RUN   TestStdinFIFOAcceptsLateAndRepeatedWriters
--- PASS: TestStdinFIFOAcceptsLateAndRepeatedWriters (0.05s)
=== RUN   TestCloseIOStopsContinuouslyReadableStdinAfterInflightChunk
--- PASS: TestCloseIOStopsContinuouslyReadableStdinAfterInflightChunk (0.00s)
=== RUN   TestPendingStdinReplaysLostAcknowledgementExactlyOnce
--- PASS: TestPendingStdinReplaysLostAcknowledgementExactlyOnce (0.05s)
=== RUN   TestStdinIntentPersistenceFailurePrecedesGuestMutation
multikernel stdin intent: no such file or directory
--- PASS: TestStdinIntentPersistenceFailurePrecedesGuestMutation (0.00s)
=== RUN   TestStdinAcknowledgementPersistenceFailureRetainsReplayIdentity
--- PASS: TestStdinAcknowledgementPersistenceFailureRetainsReplayIdentity (0.05s)
=== RUN   TestOutputOffsetsAdvanceOnlyAfterDeliveryOrBoundedDrop
--- PASS: TestOutputOffsetsAdvanceOnlyAfterDeliveryOrBoundedDrop (0.00s)
=== RUN   TestProcessOutputAndWaitRecoverTransportWithoutChangingOffsets
--- PASS: TestProcessOutputAndWaitRecoverTransportWithoutChangingOffsets (0.15s)
=== RUN   TestWaitProcessRejectsMismatchedStoppedStateUntilExactCompletion
multikernel process wait validation: guest returned a stopped process with mismatched identity or state
multikernel process wait validation: guest returned a stopped process with mismatched identity or state
multikernel process wait validation: guest returned a stopped process with a different PID
multikernel process wait validation: guest returned an exit status outside the agent contract
multikernel process wait validation: guest returned an exit status outside the agent contract
--- PASS: TestWaitProcessRejectsMismatchedStoppedStateUntilExactCompletion (0.51s)
=== RUN   TestProcessOutputReconnectHasOneOverallDeadline
--- PASS: TestProcessOutputReconnectHasOneOverallDeadline (0.08s)
=== RUN   TestProcessOutputDoesNotReplayAuthenticatedRemoteRejection
--- PASS: TestProcessOutputDoesNotReplayAuthenticatedRemoteRejection (0.00s)
=== RUN   TestProcessOutputRequiresBoundedContiguousOffsetsAndKnownState
=== RUN   TestProcessOutputRequiresBoundedContiguousOffsetsAndKnownState/oversized_stdout
=== RUN   TestProcessOutputRequiresBoundedContiguousOffsetsAndKnownState/oversized_stderr
=== RUN   TestProcessOutputRequiresBoundedContiguousOffsetsAndKnownState/stdout_gap
=== RUN   TestProcessOutputRequiresBoundedContiguousOffsetsAndKnownState/offset_overflow
=== RUN   TestProcessOutputRequiresBoundedContiguousOffsetsAndKnownState/stderr_regression
=== RUN   TestProcessOutputRequiresBoundedContiguousOffsetsAndKnownState/unknown_state
--- PASS: TestProcessOutputRequiresBoundedContiguousOffsetsAndKnownState (0.00s)
    --- PASS: TestProcessOutputRequiresBoundedContiguousOffsetsAndKnownState/oversized_stdout (0.00s)
    --- PASS: TestProcessOutputRequiresBoundedContiguousOffsetsAndKnownState/oversized_stderr (0.00s)
    --- PASS: TestProcessOutputRequiresBoundedContiguousOffsetsAndKnownState/stdout_gap (0.00s)
    --- PASS: TestProcessOutputRequiresBoundedContiguousOffsetsAndKnownState/offset_overflow (0.00s)
    --- PASS: TestProcessOutputRequiresBoundedContiguousOffsetsAndKnownState/stderr_regression (0.00s)
    --- PASS: TestProcessOutputRequiresBoundedContiguousOffsetsAndKnownState/unknown_state (0.00s)
=== RUN   TestOutputOffsetRetriesWhenDurableAcknowledgementFails
multikernel output acknowledgement: no such file or directory
--- PASS: TestOutputOffsetRetriesWhenDurableAcknowledgementFails (0.02s)
=== RUN   TestWaitProcessDoesNotFabricateExitAfterReconnectBudget
multikernel output monitor: context deadline exceeded
--- PASS: TestWaitProcessDoesNotFabricateExitAfterReconnectBudget (0.13s)
=== RUN   TestWaitProcessDoesNotCompleteBeforeExitStateIsDurable
multikernel exit state persistence: no such file or directory
--- PASS: TestWaitProcessDoesNotCompleteBeforeExitStateIsDurable (0.11s)
=== RUN   TestExitEventFlagRollsBackWhenRecoveryAcknowledgementFails
multikernel exit event acknowledgement: no such file or directory
--- PASS: TestExitEventFlagRollsBackWhenRecoveryAcknowledgementFails (0.01s)
=== RUN   TestCloseIORetriesUntilGuestAcknowledges
--- PASS: TestCloseIORetriesUntilGuestAcknowledges (0.00s)
=== RUN   TestCloseIOTerminalAndNonTerminalProcesses
=== RUN   TestCloseIOTerminalAndNonTerminalProcesses/non-terminal
=== RUN   TestCloseIOTerminalAndNonTerminalProcesses/terminal
--- PASS: TestCloseIOTerminalAndNonTerminalProcesses (0.00s)
    --- PASS: TestCloseIOTerminalAndNonTerminalProcesses/non-terminal (0.00s)
    --- PASS: TestCloseIOTerminalAndNonTerminalProcesses/terminal (0.00s)
=== RUN   TestProcessIOTeardownWhileFIFOPeersRemainAttached
--- PASS: TestProcessIOTeardownWhileFIFOPeersRemainAttached (1.02s)
=== RUN   TestCloseIOReconnectsTransportWithinCallerDeadline
--- PASS: TestCloseIOReconnectsTransportWithinCallerDeadline (0.05s)
=== RUN   TestCloseIOPersistsCreatedIntentAndDoesNotMutateStoppedProcess
--- PASS: TestCloseIOPersistsCreatedIntentAndDoesNotMutateStoppedProcess (0.00s)
=== RUN   TestStdinPumpRetriesRequestedCloseAndRecordsAcknowledgement
multikernel close stdin: injected close failure
--- PASS: TestStdinPumpRetriesRequestedCloseAndRecordsAcknowledgement (0.10s)
=== RUN   TestRecoveredNoFIFOPumpRetriesPendingClose
multikernel close stdin: injected close failure
--- PASS: TestRecoveredNoFIFOPumpRetriesPendingClose (0.10s)
=== RUN   TestResizePtyRejectsInvalidRequests
--- PASS: TestResizePtyRejectsInvalidRequests (0.00s)
=== RUN   TestResizePtyRollsBackIntentWhenGuestRejects
--- PASS: TestResizePtyRollsBackIntentWhenGuestRejects (0.00s)
=== RUN   TestKillForwardsOnlyForLiveKnownProcess
--- PASS: TestKillForwardsOnlyForLiveKnownProcess (0.00s)
=== RUN   TestKillPersistsAndDeduplicatesLostSignalReply
--- PASS: TestKillPersistsAndDeduplicatesLostSignalReply (0.06s)
=== RUN   TestGuestProcessDeleteReconnectsAndConfirmsLostReply
--- PASS: TestGuestProcessDeleteReconnectsAndConfirmsLostReply (0.05s)
=== RUN   TestResizePtyRetriesLostReply
--- PASS: TestResizePtyRetriesLostReply (0.05s)
=== RUN   TestResizePtyStoresInitialSizeBeforeStart
--- PASS: TestResizePtyStoresInitialSizeBeforeStart (0.00s)
=== RUN   TestOutputFIFOCanBeReattached
--- PASS: TestOutputFIFOCanBeReattached (1.02s)
=== RUN   TestOutputFIFOKeeperBridgesWorkerDeath
--- PASS: TestOutputFIFOKeeperBridgesWorkerDeath (1.52s)
=== RUN   TestInvalidProcessIOFailsBeforeCreateOrExecMutation
--- PASS: TestInvalidProcessIOFailsBeforeCreateOrExecMutation (0.00s)
=== RUN   TestProcessStdinMustBeFIFO
--- PASS: TestProcessStdinMustBeFIFO (0.00s)
=== RUN   TestStdinFIFOAcceptsLateAndRepeatedWriters
--- PASS: TestStdinFIFOAcceptsLateAndRepeatedWriters (0.05s)
=== RUN   TestCloseIOStopsContinuouslyReadableStdinAfterInflightChunk
--- PASS: TestCloseIOStopsContinuouslyReadableStdinAfterInflightChunk (0.00s)
=== RUN   TestPendingStdinReplaysLostAcknowledgementExactlyOnce
--- PASS: TestPendingStdinReplaysLostAcknowledgementExactlyOnce (0.05s)
=== RUN   TestStdinIntentPersistenceFailurePrecedesGuestMutation
multikernel stdin intent: no such file or directory
--- PASS: TestStdinIntentPersistenceFailurePrecedesGuestMutation (0.00s)
=== RUN   TestStdinAcknowledgementPersistenceFailureRetainsReplayIdentity
--- PASS: TestStdinAcknowledgementPersistenceFailureRetainsReplayIdentity (0.05s)
=== RUN   TestOutputOffsetsAdvanceOnlyAfterDeliveryOrBoundedDrop
--- PASS: TestOutputOffsetsAdvanceOnlyAfterDeliveryOrBoundedDrop (0.00s)
=== RUN   TestProcessOutputAndWaitRecoverTransportWithoutChangingOffsets
--- PASS: TestProcessOutputAndWaitRecoverTransportWithoutChangingOffsets (0.15s)
=== RUN   TestWaitProcessRejectsMismatchedStoppedStateUntilExactCompletion
multikernel process wait validation: guest returned a stopped process with mismatched identity or state
multikernel process wait validation: guest returned a stopped process with mismatched identity or state
multikernel process wait validation: guest returned a stopped process with a different PID
multikernel process wait validation: guest returned an exit status outside the agent contract
multikernel process wait validation: guest returned an exit status outside the agent contract
--- PASS: TestWaitProcessRejectsMismatchedStoppedStateUntilExactCompletion (0.51s)
=== RUN   TestProcessOutputReconnectHasOneOverallDeadline
--- PASS: TestProcessOutputReconnectHasOneOverallDeadline (0.08s)
=== RUN   TestProcessOutputDoesNotReplayAuthenticatedRemoteRejection
--- PASS: TestProcessOutputDoesNotReplayAuthenticatedRemoteRejection (0.00s)
=== RUN   TestProcessOutputRequiresBoundedContiguousOffsetsAndKnownState
=== RUN   TestProcessOutputRequiresBoundedContiguousOffsetsAndKnownState/offset_overflow
=== RUN   TestProcessOutputRequiresBoundedContiguousOffsetsAndKnownState/stderr_regression
=== RUN   TestProcessOutputRequiresBoundedContiguousOffsetsAndKnownState/unknown_state
=== RUN   TestProcessOutputRequiresBoundedContiguousOffsetsAndKnownState/oversized_stdout
=== RUN   TestProcessOutputRequiresBoundedContiguousOffsetsAndKnownState/oversized_stderr
=== RUN   TestProcessOutputRequiresBoundedContiguousOffsetsAndKnownState/stdout_gap
--- PASS: TestProcessOutputRequiresBoundedContiguousOffsetsAndKnownState (0.00s)
    --- PASS: TestProcessOutputRequiresBoundedContiguousOffsetsAndKnownState/offset_overflow (0.00s)
    --- PASS: TestProcessOutputRequiresBoundedContiguousOffsetsAndKnownState/stderr_regression (0.00s)
    --- PASS: TestProcessOutputRequiresBoundedContiguousOffsetsAndKnownState/unknown_state (0.00s)
    --- PASS: TestProcessOutputRequiresBoundedContiguousOffsetsAndKnownState/oversized_stdout (0.00s)
    --- PASS: TestProcessOutputRequiresBoundedContiguousOffsetsAndKnownState/oversized_stderr (0.00s)
    --- PASS: TestProcessOutputRequiresBoundedContiguousOffsetsAndKnownState/stdout_gap (0.00s)
=== RUN   TestOutputOffsetRetriesWhenDurableAcknowledgementFails
multikernel output acknowledgement: no such file or directory
--- PASS: TestOutputOffsetRetriesWhenDurableAcknowledgementFails (0.02s)
=== RUN   TestWaitProcessDoesNotFabricateExitAfterReconnectBudget
multikernel output monitor: context deadline exceeded
--- PASS: TestWaitProcessDoesNotFabricateExitAfterReconnectBudget (0.12s)
=== RUN   TestWaitProcessDoesNotCompleteBeforeExitStateIsDurable
multikernel exit state persistence: no such file or directory
--- PASS: TestWaitProcessDoesNotCompleteBeforeExitStateIsDurable (0.11s)
=== RUN   TestExitEventFlagRollsBackWhenRecoveryAcknowledgementFails
multikernel exit event acknowledgement: no such file or directory
--- PASS: TestExitEventFlagRollsBackWhenRecoveryAcknowledgementFails (0.01s)
=== RUN   TestCloseIORetriesUntilGuestAcknowledges
--- PASS: TestCloseIORetriesUntilGuestAcknowledges (0.00s)
=== RUN   TestCloseIOTerminalAndNonTerminalProcesses
=== RUN   TestCloseIOTerminalAndNonTerminalProcesses/non-terminal
=== RUN   TestCloseIOTerminalAndNonTerminalProcesses/terminal
--- PASS: TestCloseIOTerminalAndNonTerminalProcesses (0.00s)
    --- PASS: TestCloseIOTerminalAndNonTerminalProcesses/non-terminal (0.00s)
    --- PASS: TestCloseIOTerminalAndNonTerminalProcesses/terminal (0.00s)
=== RUN   TestProcessIOTeardownWhileFIFOPeersRemainAttached
--- PASS: TestProcessIOTeardownWhileFIFOPeersRemainAttached (1.02s)
=== RUN   TestCloseIOReconnectsTransportWithinCallerDeadline
--- PASS: TestCloseIOReconnectsTransportWithinCallerDeadline (0.05s)
=== RUN   TestCloseIOPersistsCreatedIntentAndDoesNotMutateStoppedProcess
--- PASS: TestCloseIOPersistsCreatedIntentAndDoesNotMutateStoppedProcess (0.00s)
=== RUN   TestStdinPumpRetriesRequestedCloseAndRecordsAcknowledgement
multikernel close stdin: injected close failure
--- PASS: TestStdinPumpRetriesRequestedCloseAndRecordsAcknowledgement (0.10s)
=== RUN   TestRecoveredNoFIFOPumpRetriesPendingClose
multikernel close stdin: injected close failure
--- PASS: TestRecoveredNoFIFOPumpRetriesPendingClose (0.10s)
=== RUN   TestResizePtyRejectsInvalidRequests
--- PASS: TestResizePtyRejectsInvalidRequests (0.00s)
=== RUN   TestResizePtyRollsBackIntentWhenGuestRejects
--- PASS: TestResizePtyRollsBackIntentWhenGuestRejects (0.00s)
=== RUN   TestKillForwardsOnlyForLiveKnownProcess
--- PASS: TestKillForwardsOnlyForLiveKnownProcess (0.00s)
=== RUN   TestKillPersistsAndDeduplicatesLostSignalReply
--- PASS: TestKillPersistsAndDeduplicatesLostSignalReply (0.06s)
=== RUN   TestGuestProcessDeleteReconnectsAndConfirmsLostReply
--- PASS: TestGuestProcessDeleteReconnectsAndConfirmsLostReply (0.05s)
=== RUN   TestResizePtyRetriesLostReply
--- PASS: TestResizePtyRetriesLostReply (0.05s)
=== RUN   TestResizePtyStoresInitialSizeBeforeStart
--- PASS: TestResizePtyStoresInitialSizeBeforeStart (0.00s)
=== RUN   TestOutputFIFOCanBeReattached
--- PASS: TestOutputFIFOCanBeReattached (1.02s)
=== RUN   TestOutputFIFOKeeperBridgesWorkerDeath
--- PASS: TestOutputFIFOKeeperBridgesWorkerDeath (1.52s)
=== RUN   TestInvalidProcessIOFailsBeforeCreateOrExecMutation
--- PASS: TestInvalidProcessIOFailsBeforeCreateOrExecMutation (0.00s)
=== RUN   TestProcessStdinMustBeFIFO
--- PASS: TestProcessStdinMustBeFIFO (0.00s)
=== RUN   TestStdinFIFOAcceptsLateAndRepeatedWriters
--- PASS: TestStdinFIFOAcceptsLateAndRepeatedWriters (0.06s)
=== RUN   TestCloseIOStopsContinuouslyReadableStdinAfterInflightChunk
--- PASS: TestCloseIOStopsContinuouslyReadableStdinAfterInflightChunk (0.00s)
=== RUN   TestPendingStdinReplaysLostAcknowledgementExactlyOnce
--- PASS: TestPendingStdinReplaysLostAcknowledgementExactlyOnce (0.05s)
=== RUN   TestStdinIntentPersistenceFailurePrecedesGuestMutation
multikernel stdin intent: no such file or directory
--- PASS: TestStdinIntentPersistenceFailurePrecedesGuestMutation (0.00s)
=== RUN   TestStdinAcknowledgementPersistenceFailureRetainsReplayIdentity
--- PASS: TestStdinAcknowledgementPersistenceFailureRetainsReplayIdentity (0.05s)
=== RUN   TestOutputOffsetsAdvanceOnlyAfterDeliveryOrBoundedDrop
--- PASS: TestOutputOffsetsAdvanceOnlyAfterDeliveryOrBoundedDrop (0.00s)
=== RUN   TestProcessOutputAndWaitRecoverTransportWithoutChangingOffsets
--- PASS: TestProcessOutputAndWaitRecoverTransportWithoutChangingOffsets (0.15s)
=== RUN   TestWaitProcessRejectsMismatchedStoppedStateUntilExactCompletion
multikernel process wait validation: guest returned a stopped process with mismatched identity or state
multikernel process wait validation: guest returned a stopped process with mismatched identity or state
multikernel process wait validation: guest returned a stopped process with a different PID
multikernel process wait validation: guest returned an exit status outside the agent contract
multikernel process wait validation: guest returned an exit status outside the agent contract
--- PASS: TestWaitProcessRejectsMismatchedStoppedStateUntilExactCompletion (0.51s)
=== RUN   TestProcessOutputReconnectHasOneOverallDeadline
--- PASS: TestProcessOutputReconnectHasOneOverallDeadline (0.08s)
=== RUN   TestProcessOutputDoesNotReplayAuthenticatedRemoteRejection
--- PASS: TestProcessOutputDoesNotReplayAuthenticatedRemoteRejection (0.00s)
=== RUN   TestProcessOutputRequiresBoundedContiguousOffsetsAndKnownState
=== RUN   TestProcessOutputRequiresBoundedContiguousOffsetsAndKnownState/unknown_state
=== RUN   TestProcessOutputRequiresBoundedContiguousOffsetsAndKnownState/oversized_stdout
=== RUN   TestProcessOutputRequiresBoundedContiguousOffsetsAndKnownState/oversized_stderr
=== RUN   TestProcessOutputRequiresBoundedContiguousOffsetsAndKnownState/stdout_gap
=== RUN   TestProcessOutputRequiresBoundedContiguousOffsetsAndKnownState/offset_overflow
=== RUN   TestProcessOutputRequiresBoundedContiguousOffsetsAndKnownState/stderr_regression
--- PASS: TestProcessOutputRequiresBoundedContiguousOffsetsAndKnownState (0.00s)
    --- PASS: TestProcessOutputRequiresBoundedContiguousOffsetsAndKnownState/unknown_state (0.00s)
    --- PASS: TestProcessOutputRequiresBoundedContiguousOffsetsAndKnownState/oversized_stdout (0.00s)
    --- PASS: TestProcessOutputRequiresBoundedContiguousOffsetsAndKnownState/oversized_stderr (0.00s)
    --- PASS: TestProcessOutputRequiresBoundedContiguousOffsetsAndKnownState/stdout_gap (0.00s)
    --- PASS: TestProcessOutputRequiresBoundedContiguousOffsetsAndKnownState/offset_overflow (0.00s)
    --- PASS: TestProcessOutputRequiresBoundedContiguousOffsetsAndKnownState/stderr_regression (0.00s)
=== RUN   TestOutputOffsetRetriesWhenDurableAcknowledgementFails
multikernel output acknowledgement: no such file or directory
--- PASS: TestOutputOffsetRetriesWhenDurableAcknowledgementFails (0.02s)
=== RUN   TestWaitProcessDoesNotFabricateExitAfterReconnectBudget
multikernel output monitor: context deadline exceeded
--- PASS: TestWaitProcessDoesNotFabricateExitAfterReconnectBudget (0.12s)
=== RUN   TestWaitProcessDoesNotCompleteBeforeExitStateIsDurable
multikernel exit state persistence: no such file or directory
--- PASS: TestWaitProcessDoesNotCompleteBeforeExitStateIsDurable (0.11s)
=== RUN   TestExitEventFlagRollsBackWhenRecoveryAcknowledgementFails
multikernel exit event acknowledgement: no such file or directory
--- PASS: TestExitEventFlagRollsBackWhenRecoveryAcknowledgementFails (0.01s)
=== RUN   TestCloseIORetriesUntilGuestAcknowledges
--- PASS: TestCloseIORetriesUntilGuestAcknowledges (0.00s)
=== RUN   TestCloseIOTerminalAndNonTerminalProcesses
=== RUN   TestCloseIOTerminalAndNonTerminalProcesses/non-terminal
=== RUN   TestCloseIOTerminalAndNonTerminalProcesses/terminal
--- PASS: TestCloseIOTerminalAndNonTerminalProcesses (0.00s)
    --- PASS: TestCloseIOTerminalAndNonTerminalProcesses/non-terminal (0.00s)
    --- PASS: TestCloseIOTerminalAndNonTerminalProcesses/terminal (0.00s)
=== RUN   TestProcessIOTeardownWhileFIFOPeersRemainAttached
--- PASS: TestProcessIOTeardownWhileFIFOPeersRemainAttached (1.02s)
=== RUN   TestCloseIOReconnectsTransportWithinCallerDeadline
--- PASS: TestCloseIOReconnectsTransportWithinCallerDeadline (0.05s)
=== RUN   TestCloseIOPersistsCreatedIntentAndDoesNotMutateStoppedProcess
--- PASS: TestCloseIOPersistsCreatedIntentAndDoesNotMutateStoppedProcess (0.00s)
=== RUN   TestStdinPumpRetriesRequestedCloseAndRecordsAcknowledgement
multikernel close stdin: injected close failure
--- PASS: TestStdinPumpRetriesRequestedCloseAndRecordsAcknowledgement (0.10s)
=== RUN   TestRecoveredNoFIFOPumpRetriesPendingClose
multikernel close stdin: injected close failure
--- PASS: TestRecoveredNoFIFOPumpRetriesPendingClose (0.10s)
=== RUN   TestResizePtyRejectsInvalidRequests
--- PASS: TestResizePtyRejectsInvalidRequests (0.00s)
=== RUN   TestResizePtyRollsBackIntentWhenGuestRejects
--- PASS: TestResizePtyRollsBackIntentWhenGuestRejects (0.00s)
=== RUN   TestKillForwardsOnlyForLiveKnownProcess
--- PASS: TestKillForwardsOnlyForLiveKnownProcess (0.00s)
=== RUN   TestKillPersistsAndDeduplicatesLostSignalReply
--- PASS: TestKillPersistsAndDeduplicatesLostSignalReply (0.06s)
=== RUN   TestGuestProcessDeleteReconnectsAndConfirmsLostReply
--- PASS: TestGuestProcessDeleteReconnectsAndConfirmsLostReply (0.05s)
=== RUN   TestResizePtyRetriesLostReply
--- PASS: TestResizePtyRetriesLostReply (0.05s)
=== RUN   TestResizePtyStoresInitialSizeBeforeStart
--- PASS: TestResizePtyStoresInitialSizeBeforeStart (0.00s)
=== RUN   TestOutputFIFOCanBeReattached
--- PASS: TestOutputFIFOCanBeReattached (1.02s)
=== RUN   TestOutputFIFOKeeperBridgesWorkerDeath
--- PASS: TestOutputFIFOKeeperBridgesWorkerDeath (1.52s)
=== RUN   TestInvalidProcessIOFailsBeforeCreateOrExecMutation
--- PASS: TestInvalidProcessIOFailsBeforeCreateOrExecMutation (0.00s)
=== RUN   TestProcessStdinMustBeFIFO
--- PASS: TestProcessStdinMustBeFIFO (0.00s)
=== RUN   TestStdinFIFOAcceptsLateAndRepeatedWriters
--- PASS: TestStdinFIFOAcceptsLateAndRepeatedWriters (0.05s)
=== RUN   TestCloseIOStopsContinuouslyReadableStdinAfterInflightChunk
--- PASS: TestCloseIOStopsContinuouslyReadableStdinAfterInflightChunk (0.00s)
=== RUN   TestPendingStdinReplaysLostAcknowledgementExactlyOnce
--- PASS: TestPendingStdinReplaysLostAcknowledgementExactlyOnce (0.05s)
=== RUN   TestStdinIntentPersistenceFailurePrecedesGuestMutation
multikernel stdin intent: no such file or directory
--- PASS: TestStdinIntentPersistenceFailurePrecedesGuestMutation (0.00s)
=== RUN   TestStdinAcknowledgementPersistenceFailureRetainsReplayIdentity
--- PASS: TestStdinAcknowledgementPersistenceFailureRetainsReplayIdentity (0.05s)
=== RUN   TestOutputOffsetsAdvanceOnlyAfterDeliveryOrBoundedDrop
--- PASS: TestOutputOffsetsAdvanceOnlyAfterDeliveryOrBoundedDrop (0.00s)
=== RUN   TestProcessOutputAndWaitRecoverTransportWithoutChangingOffsets
--- PASS: TestProcessOutputAndWaitRecoverTransportWithoutChangingOffsets (0.15s)
=== RUN   TestWaitProcessRejectsMismatchedStoppedStateUntilExactCompletion
multikernel process wait validation: guest returned a stopped process with mismatched identity or state
multikernel process wait validation: guest returned a stopped process with mismatched identity or state
multikernel process wait validation: guest returned a stopped process with a different PID
multikernel process wait validation: guest returned an exit status outside the agent contract
multikernel process wait validation: guest returned an exit status outside the agent contract
--- PASS: TestWaitProcessRejectsMismatchedStoppedStateUntilExactCompletion (0.51s)
=== RUN   TestProcessOutputReconnectHasOneOverallDeadline
--- PASS: TestProcessOutputReconnectHasOneOverallDeadline (0.08s)
=== RUN   TestProcessOutputDoesNotReplayAuthenticatedRemoteRejection
--- PASS: TestProcessOutputDoesNotReplayAuthenticatedRemoteRejection (0.00s)
=== RUN   TestProcessOutputRequiresBoundedContiguousOffsetsAndKnownState
=== RUN   TestProcessOutputRequiresBoundedContiguousOffsetsAndKnownState/unknown_state
=== RUN   TestProcessOutputRequiresBoundedContiguousOffsetsAndKnownState/oversized_stdout
=== RUN   TestProcessOutputRequiresBoundedContiguousOffsetsAndKnownState/oversized_stderr
=== RUN   TestProcessOutputRequiresBoundedContiguousOffsetsAndKnownState/stdout_gap
=== RUN   TestProcessOutputRequiresBoundedContiguousOffsetsAndKnownState/offset_overflow
=== RUN   TestProcessOutputRequiresBoundedContiguousOffsetsAndKnownState/stderr_regression
--- PASS: TestProcessOutputRequiresBoundedContiguousOffsetsAndKnownState (0.00s)
    --- PASS: TestProcessOutputRequiresBoundedContiguousOffsetsAndKnownState/unknown_state (0.00s)
    --- PASS: TestProcessOutputRequiresBoundedContiguousOffsetsAndKnownState/oversized_stdout (0.00s)
    --- PASS: TestProcessOutputRequiresBoundedContiguousOffsetsAndKnownState/oversized_stderr (0.00s)
    --- PASS: TestProcessOutputRequiresBoundedContiguousOffsetsAndKnownState/stdout_gap (0.00s)
    --- PASS: TestProcessOutputRequiresBoundedContiguousOffsetsAndKnownState/offset_overflow (0.00s)
    --- PASS: TestProcessOutputRequiresBoundedContiguousOffsetsAndKnownState/stderr_regression (0.00s)
=== RUN   TestOutputOffsetRetriesWhenDurableAcknowledgementFails
multikernel output acknowledgement: no such file or directory
--- PASS: TestOutputOffsetRetriesWhenDurableAcknowledgementFails (0.02s)
=== RUN   TestWaitProcessDoesNotFabricateExitAfterReconnectBudget
multikernel output monitor: context deadline exceeded
--- PASS: TestWaitProcessDoesNotFabricateExitAfterReconnectBudget (0.12s)
=== RUN   TestWaitProcessDoesNotCompleteBeforeExitStateIsDurable
multikernel exit state persistence: no such file or directory
--- PASS: TestWaitProcessDoesNotCompleteBeforeExitStateIsDurable (0.11s)
=== RUN   TestExitEventFlagRollsBackWhenRecoveryAcknowledgementFails
multikernel exit event acknowledgement: no such file or directory
--- PASS: TestExitEventFlagRollsBackWhenRecoveryAcknowledgementFails (0.01s)
=== RUN   TestCloseIORetriesUntilGuestAcknowledges
--- PASS: TestCloseIORetriesUntilGuestAcknowledges (0.00s)
=== RUN   TestCloseIOTerminalAndNonTerminalProcesses
=== RUN   TestCloseIOTerminalAndNonTerminalProcesses/non-terminal
=== RUN   TestCloseIOTerminalAndNonTerminalProcesses/terminal
--- PASS: TestCloseIOTerminalAndNonTerminalProcesses (0.00s)
    --- PASS: TestCloseIOTerminalAndNonTerminalProcesses/non-terminal (0.00s)
    --- PASS: TestCloseIOTerminalAndNonTerminalProcesses/terminal (0.00s)
=== RUN   TestProcessIOTeardownWhileFIFOPeersRemainAttached
--- PASS: TestProcessIOTeardownWhileFIFOPeersRemainAttached (1.02s)
=== RUN   TestCloseIOReconnectsTransportWithinCallerDeadline
--- PASS: TestCloseIOReconnectsTransportWithinCallerDeadline (0.05s)
=== RUN   TestCloseIOPersistsCreatedIntentAndDoesNotMutateStoppedProcess
--- PASS: TestCloseIOPersistsCreatedIntentAndDoesNotMutateStoppedProcess (0.00s)
=== RUN   TestStdinPumpRetriesRequestedCloseAndRecordsAcknowledgement
multikernel close stdin: injected close failure
--- PASS: TestStdinPumpRetriesRequestedCloseAndRecordsAcknowledgement (0.10s)
=== RUN   TestRecoveredNoFIFOPumpRetriesPendingClose
multikernel close stdin: injected close failure
--- PASS: TestRecoveredNoFIFOPumpRetriesPendingClose (0.10s)
=== RUN   TestResizePtyRejectsInvalidRequests
--- PASS: TestResizePtyRejectsInvalidRequests (0.00s)
=== RUN   TestResizePtyRollsBackIntentWhenGuestRejects
--- PASS: TestResizePtyRollsBackIntentWhenGuestRejects (0.00s)
=== RUN   TestKillForwardsOnlyForLiveKnownProcess
--- PASS: TestKillForwardsOnlyForLiveKnownProcess (0.00s)
=== RUN   TestKillPersistsAndDeduplicatesLostSignalReply
--- PASS: TestKillPersistsAndDeduplicatesLostSignalReply (0.06s)
=== RUN   TestGuestProcessDeleteReconnectsAndConfirmsLostReply
--- PASS: TestGuestProcessDeleteReconnectsAndConfirmsLostReply (0.05s)
=== RUN   TestResizePtyRetriesLostReply
--- PASS: TestResizePtyRetriesLostReply (0.05s)
=== RUN   TestResizePtyStoresInitialSizeBeforeStart
--- PASS: TestResizePtyStoresInitialSizeBeforeStart (0.00s)
=== RUN   TestOutputFIFOCanBeReattached
--- PASS: TestOutputFIFOCanBeReattached (1.02s)
=== RUN   TestOutputFIFOKeeperBridgesWorkerDeath
--- PASS: TestOutputFIFOKeeperBridgesWorkerDeath (1.52s)
=== RUN   TestInvalidProcessIOFailsBeforeCreateOrExecMutation
--- PASS: TestInvalidProcessIOFailsBeforeCreateOrExecMutation (0.00s)
=== RUN   TestProcessStdinMustBeFIFO
--- PASS: TestProcessStdinMustBeFIFO (0.00s)
=== RUN   TestStdinFIFOAcceptsLateAndRepeatedWriters
--- PASS: TestStdinFIFOAcceptsLateAndRepeatedWriters (0.04s)
=== RUN   TestCloseIOStopsContinuouslyReadableStdinAfterInflightChunk
--- PASS: TestCloseIOStopsContinuouslyReadableStdinAfterInflightChunk (0.00s)
=== RUN   TestPendingStdinReplaysLostAcknowledgementExactlyOnce
--- PASS: TestPendingStdinReplaysLostAcknowledgementExactlyOnce (0.05s)
=== RUN   TestStdinIntentPersistenceFailurePrecedesGuestMutation
multikernel stdin intent: no such file or directory
--- PASS: TestStdinIntentPersistenceFailurePrecedesGuestMutation (0.00s)
=== RUN   TestStdinAcknowledgementPersistenceFailureRetainsReplayIdentity
--- PASS: TestStdinAcknowledgementPersistenceFailureRetainsReplayIdentity (0.05s)
=== RUN   TestOutputOffsetsAdvanceOnlyAfterDeliveryOrBoundedDrop
--- PASS: TestOutputOffsetsAdvanceOnlyAfterDeliveryOrBoundedDrop (0.00s)
=== RUN   TestProcessOutputAndWaitRecoverTransportWithoutChangingOffsets
--- PASS: TestProcessOutputAndWaitRecoverTransportWithoutChangingOffsets (0.15s)
=== RUN   TestWaitProcessRejectsMismatchedStoppedStateUntilExactCompletion
multikernel process wait validation: guest returned a stopped process with mismatched identity or state
multikernel process wait validation: guest returned a stopped process with mismatched identity or state
multikernel process wait validation: guest returned a stopped process with a different PID
multikernel process wait validation: guest returned an exit status outside the agent contract
multikernel process wait validation: guest returned an exit status outside the agent contract
--- PASS: TestWaitProcessRejectsMismatchedStoppedStateUntilExactCompletion (0.51s)
=== RUN   TestProcessOutputReconnectHasOneOverallDeadline
--- PASS: TestProcessOutputReconnectHasOneOverallDeadline (0.08s)
=== RUN   TestProcessOutputDoesNotReplayAuthenticatedRemoteRejection
--- PASS: TestProcessOutputDoesNotReplayAuthenticatedRemoteRejection (0.00s)
=== RUN   TestProcessOutputRequiresBoundedContiguousOffsetsAndKnownState
=== RUN   TestProcessOutputRequiresBoundedContiguousOffsetsAndKnownState/oversized_stderr
=== RUN   TestProcessOutputRequiresBoundedContiguousOffsetsAndKnownState/stdout_gap
=== RUN   TestProcessOutputRequiresBoundedContiguousOffsetsAndKnownState/offset_overflow
=== RUN   TestProcessOutputRequiresBoundedContiguousOffsetsAndKnownState/stderr_regression
=== RUN   TestProcessOutputRequiresBoundedContiguousOffsetsAndKnownState/unknown_state
=== RUN   TestProcessOutputRequiresBoundedContiguousOffsetsAndKnownState/oversized_stdout
--- PASS: TestProcessOutputRequiresBoundedContiguousOffsetsAndKnownState (0.00s)
    --- PASS: TestProcessOutputRequiresBoundedContiguousOffsetsAndKnownState/oversized_stderr (0.00s)
    --- PASS: TestProcessOutputRequiresBoundedContiguousOffsetsAndKnownState/stdout_gap (0.00s)
    --- PASS: TestProcessOutputRequiresBoundedContiguousOffsetsAndKnownState/offset_overflow (0.00s)
    --- PASS: TestProcessOutputRequiresBoundedContiguousOffsetsAndKnownState/stderr_regression (0.00s)
    --- PASS: TestProcessOutputRequiresBoundedContiguousOffsetsAndKnownState/unknown_state (0.00s)
    --- PASS: TestProcessOutputRequiresBoundedContiguousOffsetsAndKnownState/oversized_stdout (0.00s)
=== RUN   TestOutputOffsetRetriesWhenDurableAcknowledgementFails
multikernel output acknowledgement: no such file or directory
--- PASS: TestOutputOffsetRetriesWhenDurableAcknowledgementFails (0.02s)
=== RUN   TestWaitProcessDoesNotFabricateExitAfterReconnectBudget
multikernel output monitor: context deadline exceeded
--- PASS: TestWaitProcessDoesNotFabricateExitAfterReconnectBudget (0.12s)
=== RUN   TestWaitProcessDoesNotCompleteBeforeExitStateIsDurable
multikernel exit state persistence: no such file or directory
--- PASS: TestWaitProcessDoesNotCompleteBeforeExitStateIsDurable (0.11s)
=== RUN   TestExitEventFlagRollsBackWhenRecoveryAcknowledgementFails
multikernel exit event acknowledgement: no such file or directory
--- PASS: TestExitEventFlagRollsBackWhenRecoveryAcknowledgementFails (0.01s)
=== RUN   TestCloseIORetriesUntilGuestAcknowledges
--- PASS: TestCloseIORetriesUntilGuestAcknowledges (0.00s)
=== RUN   TestCloseIOTerminalAndNonTerminalProcesses
=== RUN   TestCloseIOTerminalAndNonTerminalProcesses/non-terminal
=== RUN   TestCloseIOTerminalAndNonTerminalProcesses/terminal
--- PASS: TestCloseIOTerminalAndNonTerminalProcesses (0.00s)
    --- PASS: TestCloseIOTerminalAndNonTerminalProcesses/non-terminal (0.00s)
    --- PASS: TestCloseIOTerminalAndNonTerminalProcesses/terminal (0.00s)
=== RUN   TestProcessIOTeardownWhileFIFOPeersRemainAttached
--- PASS: TestProcessIOTeardownWhileFIFOPeersRemainAttached (1.02s)
=== RUN   TestCloseIOReconnectsTransportWithinCallerDeadline
--- PASS: TestCloseIOReconnectsTransportWithinCallerDeadline (0.05s)
=== RUN   TestCloseIOPersistsCreatedIntentAndDoesNotMutateStoppedProcess
--- PASS: TestCloseIOPersistsCreatedIntentAndDoesNotMutateStoppedProcess (0.00s)
=== RUN   TestStdinPumpRetriesRequestedCloseAndRecordsAcknowledgement
multikernel close stdin: injected close failure
--- PASS: TestStdinPumpRetriesRequestedCloseAndRecordsAcknowledgement (0.10s)
=== RUN   TestRecoveredNoFIFOPumpRetriesPendingClose
multikernel close stdin: injected close failure
--- PASS: TestRecoveredNoFIFOPumpRetriesPendingClose (0.10s)
=== RUN   TestResizePtyRejectsInvalidRequests
--- PASS: TestResizePtyRejectsInvalidRequests (0.00s)
=== RUN   TestResizePtyRollsBackIntentWhenGuestRejects
--- PASS: TestResizePtyRollsBackIntentWhenGuestRejects (0.00s)
=== RUN   TestKillForwardsOnlyForLiveKnownProcess
--- PASS: TestKillForwardsOnlyForLiveKnownProcess (0.00s)
=== RUN   TestKillPersistsAndDeduplicatesLostSignalReply
--- PASS: TestKillPersistsAndDeduplicatesLostSignalReply (0.06s)
=== RUN   TestGuestProcessDeleteReconnectsAndConfirmsLostReply
--- PASS: TestGuestProcessDeleteReconnectsAndConfirmsLostReply (0.05s)
=== RUN   TestResizePtyRetriesLostReply
--- PASS: TestResizePtyRetriesLostReply (0.05s)
=== RUN   TestResizePtyStoresInitialSizeBeforeStart
--- PASS: TestResizePtyStoresInitialSizeBeforeStart (0.00s)
=== RUN   TestOutputFIFOCanBeReattached
--- PASS: TestOutputFIFOCanBeReattached (1.02s)
=== RUN   TestOutputFIFOKeeperBridgesWorkerDeath
--- PASS: TestOutputFIFOKeeperBridgesWorkerDeath (1.52s)
=== RUN   TestInvalidProcessIOFailsBeforeCreateOrExecMutation
--- PASS: TestInvalidProcessIOFailsBeforeCreateOrExecMutation (0.00s)
=== RUN   TestProcessStdinMustBeFIFO
--- PASS: TestProcessStdinMustBeFIFO (0.00s)
=== RUN   TestStdinFIFOAcceptsLateAndRepeatedWriters
--- PASS: TestStdinFIFOAcceptsLateAndRepeatedWriters (0.07s)
=== RUN   TestCloseIOStopsContinuouslyReadableStdinAfterInflightChunk
--- PASS: TestCloseIOStopsContinuouslyReadableStdinAfterInflightChunk (0.00s)
=== RUN   TestPendingStdinReplaysLostAcknowledgementExactlyOnce
--- PASS: TestPendingStdinReplaysLostAcknowledgementExactlyOnce (0.05s)
=== RUN   TestStdinIntentPersistenceFailurePrecedesGuestMutation
multikernel stdin intent: no such file or directory
--- PASS: TestStdinIntentPersistenceFailurePrecedesGuestMutation (0.00s)
=== RUN   TestStdinAcknowledgementPersistenceFailureRetainsReplayIdentity
--- PASS: TestStdinAcknowledgementPersistenceFailureRetainsReplayIdentity (0.05s)
=== RUN   TestOutputOffsetsAdvanceOnlyAfterDeliveryOrBoundedDrop
--- PASS: TestOutputOffsetsAdvanceOnlyAfterDeliveryOrBoundedDrop (0.00s)
=== RUN   TestProcessOutputAndWaitRecoverTransportWithoutChangingOffsets
--- PASS: TestProcessOutputAndWaitRecoverTransportWithoutChangingOffsets (0.15s)
=== RUN   TestWaitProcessRejectsMismatchedStoppedStateUntilExactCompletion
multikernel process wait validation: guest returned a stopped process with mismatched identity or state
multikernel process wait validation: guest returned a stopped process with mismatched identity or state
multikernel process wait validation: guest returned a stopped process with a different PID
multikernel process wait validation: guest returned an exit status outside the agent contract
multikernel process wait validation: guest returned an exit status outside the agent contract
--- PASS: TestWaitProcessRejectsMismatchedStoppedStateUntilExactCompletion (0.51s)
=== RUN   TestProcessOutputReconnectHasOneOverallDeadline
--- PASS: TestProcessOutputReconnectHasOneOverallDeadline (0.08s)
=== RUN   TestProcessOutputDoesNotReplayAuthenticatedRemoteRejection
--- PASS: TestProcessOutputDoesNotReplayAuthenticatedRemoteRejection (0.00s)
=== RUN   TestProcessOutputRequiresBoundedContiguousOffsetsAndKnownState
=== RUN   TestProcessOutputRequiresBoundedContiguousOffsetsAndKnownState/unknown_state
=== RUN   TestProcessOutputRequiresBoundedContiguousOffsetsAndKnownState/oversized_stdout
=== RUN   TestProcessOutputRequiresBoundedContiguousOffsetsAndKnownState/oversized_stderr
=== RUN   TestProcessOutputRequiresBoundedContiguousOffsetsAndKnownState/stdout_gap
=== RUN   TestProcessOutputRequiresBoundedContiguousOffsetsAndKnownState/offset_overflow
=== RUN   TestProcessOutputRequiresBoundedContiguousOffsetsAndKnownState/stderr_regression
--- PASS: TestProcessOutputRequiresBoundedContiguousOffsetsAndKnownState (0.00s)
    --- PASS: TestProcessOutputRequiresBoundedContiguousOffsetsAndKnownState/unknown_state (0.00s)
    --- PASS: TestProcessOutputRequiresBoundedContiguousOffsetsAndKnownState/oversized_stdout (0.00s)
    --- PASS: TestProcessOutputRequiresBoundedContiguousOffsetsAndKnownState/oversized_stderr (0.00s)
    --- PASS: TestProcessOutputRequiresBoundedContiguousOffsetsAndKnownState/stdout_gap (0.00s)
    --- PASS: TestProcessOutputRequiresBoundedContiguousOffsetsAndKnownState/offset_overflow (0.00s)
    --- PASS: TestProcessOutputRequiresBoundedContiguousOffsetsAndKnownState/stderr_regression (0.00s)
=== RUN   TestOutputOffsetRetriesWhenDurableAcknowledgementFails
multikernel output acknowledgement: no such file or directory
--- PASS: TestOutputOffsetRetriesWhenDurableAcknowledgementFails (0.02s)
=== RUN   TestWaitProcessDoesNotFabricateExitAfterReconnectBudget
multikernel output monitor: context deadline exceeded
--- PASS: TestWaitProcessDoesNotFabricateExitAfterReconnectBudget (0.12s)
=== RUN   TestWaitProcessDoesNotCompleteBeforeExitStateIsDurable
multikernel exit state persistence: no such file or directory
--- PASS: TestWaitProcessDoesNotCompleteBeforeExitStateIsDurable (0.11s)
=== RUN   TestExitEventFlagRollsBackWhenRecoveryAcknowledgementFails
multikernel exit event acknowledgement: no such file or directory
--- PASS: TestExitEventFlagRollsBackWhenRecoveryAcknowledgementFails (0.01s)
=== RUN   TestCloseIORetriesUntilGuestAcknowledges
--- PASS: TestCloseIORetriesUntilGuestAcknowledges (0.00s)
=== RUN   TestCloseIOTerminalAndNonTerminalProcesses
=== RUN   TestCloseIOTerminalAndNonTerminalProcesses/non-terminal
=== RUN   TestCloseIOTerminalAndNonTerminalProcesses/terminal
--- PASS: TestCloseIOTerminalAndNonTerminalProcesses (0.00s)
    --- PASS: TestCloseIOTerminalAndNonTerminalProcesses/non-terminal (0.00s)
    --- PASS: TestCloseIOTerminalAndNonTerminalProcesses/terminal (0.00s)
=== RUN   TestProcessIOTeardownWhileFIFOPeersRemainAttached
--- PASS: TestProcessIOTeardownWhileFIFOPeersRemainAttached (1.02s)
=== RUN   TestCloseIOReconnectsTransportWithinCallerDeadline
--- PASS: TestCloseIOReconnectsTransportWithinCallerDeadline (0.05s)
=== RUN   TestCloseIOPersistsCreatedIntentAndDoesNotMutateStoppedProcess
--- PASS: TestCloseIOPersistsCreatedIntentAndDoesNotMutateStoppedProcess (0.00s)
=== RUN   TestStdinPumpRetriesRequestedCloseAndRecordsAcknowledgement
multikernel close stdin: injected close failure
--- PASS: TestStdinPumpRetriesRequestedCloseAndRecordsAcknowledgement (0.10s)
=== RUN   TestRecoveredNoFIFOPumpRetriesPendingClose
multikernel close stdin: injected close failure
--- PASS: TestRecoveredNoFIFOPumpRetriesPendingClose (0.10s)
=== RUN   TestResizePtyRejectsInvalidRequests
--- PASS: TestResizePtyRejectsInvalidRequests (0.00s)
=== RUN   TestResizePtyRollsBackIntentWhenGuestRejects
--- PASS: TestResizePtyRollsBackIntentWhenGuestRejects (0.00s)
=== RUN   TestKillForwardsOnlyForLiveKnownProcess
--- PASS: TestKillForwardsOnlyForLiveKnownProcess (0.00s)
=== RUN   TestKillPersistsAndDeduplicatesLostSignalReply
--- PASS: TestKillPersistsAndDeduplicatesLostSignalReply (0.06s)
=== RUN   TestGuestProcessDeleteReconnectsAndConfirmsLostReply
--- PASS: TestGuestProcessDeleteReconnectsAndConfirmsLostReply (0.05s)
=== RUN   TestResizePtyRetriesLostReply
--- PASS: TestResizePtyRetriesLostReply (0.05s)
=== RUN   TestResizePtyStoresInitialSizeBeforeStart
--- PASS: TestResizePtyStoresInitialSizeBeforeStart (0.00s)
=== RUN   TestOutputFIFOCanBeReattached
--- PASS: TestOutputFIFOCanBeReattached (1.02s)
=== RUN   TestOutputFIFOKeeperBridgesWorkerDeath
--- PASS: TestOutputFIFOKeeperBridgesWorkerDeath (1.52s)
=== RUN   TestInvalidProcessIOFailsBeforeCreateOrExecMutation
--- PASS: TestInvalidProcessIOFailsBeforeCreateOrExecMutation (0.00s)
=== RUN   TestProcessStdinMustBeFIFO
--- PASS: TestProcessStdinMustBeFIFO (0.00s)
=== RUN   TestStdinFIFOAcceptsLateAndRepeatedWriters
--- PASS: TestStdinFIFOAcceptsLateAndRepeatedWriters (0.05s)
=== RUN   TestCloseIOStopsContinuouslyReadableStdinAfterInflightChunk
--- PASS: TestCloseIOStopsContinuouslyReadableStdinAfterInflightChunk (0.00s)
=== RUN   TestPendingStdinReplaysLostAcknowledgementExactlyOnce
--- PASS: TestPendingStdinReplaysLostAcknowledgementExactlyOnce (0.05s)
=== RUN   TestStdinIntentPersistenceFailurePrecedesGuestMutation
multikernel stdin intent: no such file or directory
--- PASS: TestStdinIntentPersistenceFailurePrecedesGuestMutation (0.00s)
=== RUN   TestStdinAcknowledgementPersistenceFailureRetainsReplayIdentity
--- PASS: TestStdinAcknowledgementPersistenceFailureRetainsReplayIdentity (0.05s)
=== RUN   TestOutputOffsetsAdvanceOnlyAfterDeliveryOrBoundedDrop
--- PASS: TestOutputOffsetsAdvanceOnlyAfterDeliveryOrBoundedDrop (0.00s)
=== RUN   TestProcessOutputAndWaitRecoverTransportWithoutChangingOffsets
--- PASS: TestProcessOutputAndWaitRecoverTransportWithoutChangingOffsets (0.15s)
=== RUN   TestWaitProcessRejectsMismatchedStoppedStateUntilExactCompletion
multikernel process wait validation: guest returned a stopped process with mismatched identity or state
multikernel process wait validation: guest returned a stopped process with mismatched identity or state
multikernel process wait validation: guest returned a stopped process with a different PID
multikernel process wait validation: guest returned an exit status outside the agent contract
multikernel process wait validation: guest returned an exit status outside the agent contract
--- PASS: TestWaitProcessRejectsMismatchedStoppedStateUntilExactCompletion (0.51s)
=== RUN   TestProcessOutputReconnectHasOneOverallDeadline
--- PASS: TestProcessOutputReconnectHasOneOverallDeadline (0.08s)
=== RUN   TestProcessOutputDoesNotReplayAuthenticatedRemoteRejection
--- PASS: TestProcessOutputDoesNotReplayAuthenticatedRemoteRejection (0.00s)
=== RUN   TestProcessOutputRequiresBoundedContiguousOffsetsAndKnownState
=== RUN   TestProcessOutputRequiresBoundedContiguousOffsetsAndKnownState/stderr_regression
=== RUN   TestProcessOutputRequiresBoundedContiguousOffsetsAndKnownState/unknown_state
=== RUN   TestProcessOutputRequiresBoundedContiguousOffsetsAndKnownState/oversized_stdout
=== RUN   TestProcessOutputRequiresBoundedContiguousOffsetsAndKnownState/oversized_stderr
=== RUN   TestProcessOutputRequiresBoundedContiguousOffsetsAndKnownState/stdout_gap
=== RUN   TestProcessOutputRequiresBoundedContiguousOffsetsAndKnownState/offset_overflow
--- PASS: TestProcessOutputRequiresBoundedContiguousOffsetsAndKnownState (0.00s)
    --- PASS: TestProcessOutputRequiresBoundedContiguousOffsetsAndKnownState/stderr_regression (0.00s)
    --- PASS: TestProcessOutputRequiresBoundedContiguousOffsetsAndKnownState/unknown_state (0.00s)
    --- PASS: TestProcessOutputRequiresBoundedContiguousOffsetsAndKnownState/oversized_stdout (0.00s)
    --- PASS: TestProcessOutputRequiresBoundedContiguousOffsetsAndKnownState/oversized_stderr (0.00s)
    --- PASS: TestProcessOutputRequiresBoundedContiguousOffsetsAndKnownState/stdout_gap (0.00s)
    --- PASS: TestProcessOutputRequiresBoundedContiguousOffsetsAndKnownState/offset_overflow (0.00s)
=== RUN   TestOutputOffsetRetriesWhenDurableAcknowledgementFails
multikernel output acknowledgement: no such file or directory
--- PASS: TestOutputOffsetRetriesWhenDurableAcknowledgementFails (0.02s)
=== RUN   TestWaitProcessDoesNotFabricateExitAfterReconnectBudget
multikernel output monitor: context deadline exceeded
--- PASS: TestWaitProcessDoesNotFabricateExitAfterReconnectBudget (0.12s)
=== RUN   TestWaitProcessDoesNotCompleteBeforeExitStateIsDurable
multikernel exit state persistence: no such file or directory
--- PASS: TestWaitProcessDoesNotCompleteBeforeExitStateIsDurable (0.11s)
=== RUN   TestExitEventFlagRollsBackWhenRecoveryAcknowledgementFails
multikernel exit event acknowledgement: no such file or directory
--- PASS: TestExitEventFlagRollsBackWhenRecoveryAcknowledgementFails (0.01s)
=== RUN   TestCloseIORetriesUntilGuestAcknowledges
--- PASS: TestCloseIORetriesUntilGuestAcknowledges (0.00s)
=== RUN   TestCloseIOTerminalAndNonTerminalProcesses
=== RUN   TestCloseIOTerminalAndNonTerminalProcesses/non-terminal
=== RUN   TestCloseIOTerminalAndNonTerminalProcesses/terminal
--- PASS: TestCloseIOTerminalAndNonTerminalProcesses (0.00s)
    --- PASS: TestCloseIOTerminalAndNonTerminalProcesses/non-terminal (0.00s)
    --- PASS: TestCloseIOTerminalAndNonTerminalProcesses/terminal (0.00s)
=== RUN   TestProcessIOTeardownWhileFIFOPeersRemainAttached
--- PASS: TestProcessIOTeardownWhileFIFOPeersRemainAttached (1.02s)
=== RUN   TestCloseIOReconnectsTransportWithinCallerDeadline
--- PASS: TestCloseIOReconnectsTransportWithinCallerDeadline (0.05s)
=== RUN   TestCloseIOPersistsCreatedIntentAndDoesNotMutateStoppedProcess
--- PASS: TestCloseIOPersistsCreatedIntentAndDoesNotMutateStoppedProcess (0.00s)
=== RUN   TestStdinPumpRetriesRequestedCloseAndRecordsAcknowledgement
multikernel close stdin: injected close failure
--- PASS: TestStdinPumpRetriesRequestedCloseAndRecordsAcknowledgement (0.10s)
=== RUN   TestRecoveredNoFIFOPumpRetriesPendingClose
multikernel close stdin: injected close failure
--- PASS: TestRecoveredNoFIFOPumpRetriesPendingClose (0.10s)
=== RUN   TestResizePtyRejectsInvalidRequests
--- PASS: TestResizePtyRejectsInvalidRequests (0.00s)
=== RUN   TestResizePtyRollsBackIntentWhenGuestRejects
--- PASS: TestResizePtyRollsBackIntentWhenGuestRejects (0.00s)
=== RUN   TestKillForwardsOnlyForLiveKnownProcess
--- PASS: TestKillForwardsOnlyForLiveKnownProcess (0.00s)
=== RUN   TestKillPersistsAndDeduplicatesLostSignalReply
--- PASS: TestKillPersistsAndDeduplicatesLostSignalReply (0.06s)
=== RUN   TestGuestProcessDeleteReconnectsAndConfirmsLostReply
--- PASS: TestGuestProcessDeleteReconnectsAndConfirmsLostReply (0.05s)
=== RUN   TestResizePtyRetriesLostReply
--- PASS: TestResizePtyRetriesLostReply (0.05s)
=== RUN   TestResizePtyStoresInitialSizeBeforeStart
--- PASS: TestResizePtyStoresInitialSizeBeforeStart (0.00s)
=== RUN   TestOutputFIFOCanBeReattached
--- PASS: TestOutputFIFOCanBeReattached (1.02s)
=== RUN   TestOutputFIFOKeeperBridgesWorkerDeath
--- PASS: TestOutputFIFOKeeperBridgesWorkerDeath (1.52s)
=== RUN   TestInvalidProcessIOFailsBeforeCreateOrExecMutation
--- PASS: TestInvalidProcessIOFailsBeforeCreateOrExecMutation (0.00s)
=== RUN   TestProcessStdinMustBeFIFO
--- PASS: TestProcessStdinMustBeFIFO (0.00s)
=== RUN   TestStdinFIFOAcceptsLateAndRepeatedWriters
--- PASS: TestStdinFIFOAcceptsLateAndRepeatedWriters (0.04s)
=== RUN   TestCloseIOStopsContinuouslyReadableStdinAfterInflightChunk
--- PASS: TestCloseIOStopsContinuouslyReadableStdinAfterInflightChunk (0.00s)
=== RUN   TestPendingStdinReplaysLostAcknowledgementExactlyOnce
--- PASS: TestPendingStdinReplaysLostAcknowledgementExactlyOnce (0.05s)
=== RUN   TestStdinIntentPersistenceFailurePrecedesGuestMutation
multikernel stdin intent: no such file or directory
--- PASS: TestStdinIntentPersistenceFailurePrecedesGuestMutation (0.00s)
=== RUN   TestStdinAcknowledgementPersistenceFailureRetainsReplayIdentity
--- PASS: TestStdinAcknowledgementPersistenceFailureRetainsReplayIdentity (0.05s)
=== RUN   TestOutputOffsetsAdvanceOnlyAfterDeliveryOrBoundedDrop
--- PASS: TestOutputOffsetsAdvanceOnlyAfterDeliveryOrBoundedDrop (0.00s)
=== RUN   TestProcessOutputAndWaitRecoverTransportWithoutChangingOffsets
--- PASS: TestProcessOutputAndWaitRecoverTransportWithoutChangingOffsets (0.15s)
=== RUN   TestWaitProcessRejectsMismatchedStoppedStateUntilExactCompletion
multikernel process wait validation: guest returned a stopped process with mismatched identity or state
multikernel process wait validation: guest returned a stopped process with mismatched identity or state
multikernel process wait validation: guest returned a stopped process with a different PID
multikernel process wait validation: guest returned an exit status outside the agent contract
multikernel process wait validation: guest returned an exit status outside the agent contract
--- PASS: TestWaitProcessRejectsMismatchedStoppedStateUntilExactCompletion (0.51s)
=== RUN   TestProcessOutputReconnectHasOneOverallDeadline
--- PASS: TestProcessOutputReconnectHasOneOverallDeadline (0.08s)
=== RUN   TestProcessOutputDoesNotReplayAuthenticatedRemoteRejection
--- PASS: TestProcessOutputDoesNotReplayAuthenticatedRemoteRejection (0.00s)
=== RUN   TestProcessOutputRequiresBoundedContiguousOffsetsAndKnownState
=== RUN   TestProcessOutputRequiresBoundedContiguousOffsetsAndKnownState/stderr_regression
=== RUN   TestProcessOutputRequiresBoundedContiguousOffsetsAndKnownState/unknown_state
=== RUN   TestProcessOutputRequiresBoundedContiguousOffsetsAndKnownState/oversized_stdout
=== RUN   TestProcessOutputRequiresBoundedContiguousOffsetsAndKnownState/oversized_stderr
=== RUN   TestProcessOutputRequiresBoundedContiguousOffsetsAndKnownState/stdout_gap
=== RUN   TestProcessOutputRequiresBoundedContiguousOffsetsAndKnownState/offset_overflow
--- PASS: TestProcessOutputRequiresBoundedContiguousOffsetsAndKnownState (0.00s)
    --- PASS: TestProcessOutputRequiresBoundedContiguousOffsetsAndKnownState/stderr_regression (0.00s)
    --- PASS: TestProcessOutputRequiresBoundedContiguousOffsetsAndKnownState/unknown_state (0.00s)
    --- PASS: TestProcessOutputRequiresBoundedContiguousOffsetsAndKnownState/oversized_stdout (0.00s)
    --- PASS: TestProcessOutputRequiresBoundedContiguousOffsetsAndKnownState/oversized_stderr (0.00s)
    --- PASS: TestProcessOutputRequiresBoundedContiguousOffsetsAndKnownState/stdout_gap (0.00s)
    --- PASS: TestProcessOutputRequiresBoundedContiguousOffsetsAndKnownState/offset_overflow (0.00s)
=== RUN   TestOutputOffsetRetriesWhenDurableAcknowledgementFails
multikernel output acknowledgement: no such file or directory
--- PASS: TestOutputOffsetRetriesWhenDurableAcknowledgementFails (0.02s)
=== RUN   TestWaitProcessDoesNotFabricateExitAfterReconnectBudget
multikernel output monitor: context deadline exceeded
--- PASS: TestWaitProcessDoesNotFabricateExitAfterReconnectBudget (0.12s)
=== RUN   TestWaitProcessDoesNotCompleteBeforeExitStateIsDurable
multikernel exit state persistence: no such file or directory
--- PASS: TestWaitProcessDoesNotCompleteBeforeExitStateIsDurable (0.11s)
=== RUN   TestExitEventFlagRollsBackWhenRecoveryAcknowledgementFails
multikernel exit event acknowledgement: no such file or directory
--- PASS: TestExitEventFlagRollsBackWhenRecoveryAcknowledgementFails (0.01s)
=== RUN   TestCloseIORetriesUntilGuestAcknowledges
--- PASS: TestCloseIORetriesUntilGuestAcknowledges (0.00s)
=== RUN   TestCloseIOTerminalAndNonTerminalProcesses
=== RUN   TestCloseIOTerminalAndNonTerminalProcesses/non-terminal
=== RUN   TestCloseIOTerminalAndNonTerminalProcesses/terminal
--- PASS: TestCloseIOTerminalAndNonTerminalProcesses (0.00s)
    --- PASS: TestCloseIOTerminalAndNonTerminalProcesses/non-terminal (0.00s)
    --- PASS: TestCloseIOTerminalAndNonTerminalProcesses/terminal (0.00s)
=== RUN   TestProcessIOTeardownWhileFIFOPeersRemainAttached
--- PASS: TestProcessIOTeardownWhileFIFOPeersRemainAttached (1.02s)
=== RUN   TestCloseIOReconnectsTransportWithinCallerDeadline
--- PASS: TestCloseIOReconnectsTransportWithinCallerDeadline (0.05s)
=== RUN   TestCloseIOPersistsCreatedIntentAndDoesNotMutateStoppedProcess
--- PASS: TestCloseIOPersistsCreatedIntentAndDoesNotMutateStoppedProcess (0.00s)
=== RUN   TestStdinPumpRetriesRequestedCloseAndRecordsAcknowledgement
multikernel close stdin: injected close failure
--- PASS: TestStdinPumpRetriesRequestedCloseAndRecordsAcknowledgement (0.10s)
=== RUN   TestRecoveredNoFIFOPumpRetriesPendingClose
multikernel close stdin: injected close failure
--- PASS: TestRecoveredNoFIFOPumpRetriesPendingClose (0.10s)
=== RUN   TestResizePtyRejectsInvalidRequests
--- PASS: TestResizePtyRejectsInvalidRequests (0.00s)
=== RUN   TestResizePtyRollsBackIntentWhenGuestRejects
--- PASS: TestResizePtyRollsBackIntentWhenGuestRejects (0.00s)
=== RUN   TestKillForwardsOnlyForLiveKnownProcess
--- PASS: TestKillForwardsOnlyForLiveKnownProcess (0.00s)
=== RUN   TestKillPersistsAndDeduplicatesLostSignalReply
--- PASS: TestKillPersistsAndDeduplicatesLostSignalReply (0.06s)
=== RUN   TestGuestProcessDeleteReconnectsAndConfirmsLostReply
--- PASS: TestGuestProcessDeleteReconnectsAndConfirmsLostReply (0.05s)
=== RUN   TestResizePtyRetriesLostReply
--- PASS: TestResizePtyRetriesLostReply (0.05s)
=== RUN   TestResizePtyStoresInitialSizeBeforeStart
--- PASS: TestResizePtyStoresInitialSizeBeforeStart (0.00s)
=== RUN   TestOutputFIFOCanBeReattached
--- PASS: TestOutputFIFOCanBeReattached (1.02s)
=== RUN   TestOutputFIFOKeeperBridgesWorkerDeath
--- PASS: TestOutputFIFOKeeperBridgesWorkerDeath (1.52s)
=== RUN   TestInvalidProcessIOFailsBeforeCreateOrExecMutation
--- PASS: TestInvalidProcessIOFailsBeforeCreateOrExecMutation (0.00s)
=== RUN   TestProcessStdinMustBeFIFO
--- PASS: TestProcessStdinMustBeFIFO (0.00s)
=== RUN   TestStdinFIFOAcceptsLateAndRepeatedWriters
--- PASS: TestStdinFIFOAcceptsLateAndRepeatedWriters (0.04s)
=== RUN   TestCloseIOStopsContinuouslyReadableStdinAfterInflightChunk
--- PASS: TestCloseIOStopsContinuouslyReadableStdinAfterInflightChunk (0.00s)
=== RUN   TestPendingStdinReplaysLostAcknowledgementExactlyOnce
--- PASS: TestPendingStdinReplaysLostAcknowledgementExactlyOnce (0.05s)
=== RUN   TestStdinIntentPersistenceFailurePrecedesGuestMutation
multikernel stdin intent: no such file or directory
--- PASS: TestStdinIntentPersistenceFailurePrecedesGuestMutation (0.00s)
=== RUN   TestStdinAcknowledgementPersistenceFailureRetainsReplayIdentity
--- PASS: TestStdinAcknowledgementPersistenceFailureRetainsReplayIdentity (0.05s)
=== RUN   TestOutputOffsetsAdvanceOnlyAfterDeliveryOrBoundedDrop
--- PASS: TestOutputOffsetsAdvanceOnlyAfterDeliveryOrBoundedDrop (0.00s)
=== RUN   TestProcessOutputAndWaitRecoverTransportWithoutChangingOffsets
--- PASS: TestProcessOutputAndWaitRecoverTransportWithoutChangingOffsets (0.15s)
=== RUN   TestWaitProcessRejectsMismatchedStoppedStateUntilExactCompletion
multikernel process wait validation: guest returned a stopped process with mismatched identity or state
multikernel process wait validation: guest returned a stopped process with mismatched identity or state
multikernel process wait validation: guest returned a stopped process with a different PID
multikernel process wait validation: guest returned an exit status outside the agent contract
multikernel process wait validation: guest returned an exit status outside the agent contract
--- PASS: TestWaitProcessRejectsMismatchedStoppedStateUntilExactCompletion (0.51s)
=== RUN   TestProcessOutputReconnectHasOneOverallDeadline
--- PASS: TestProcessOutputReconnectHasOneOverallDeadline (0.08s)
=== RUN   TestProcessOutputDoesNotReplayAuthenticatedRemoteRejection
--- PASS: TestProcessOutputDoesNotReplayAuthenticatedRemoteRejection (0.00s)
=== RUN   TestProcessOutputRequiresBoundedContiguousOffsetsAndKnownState
=== RUN   TestProcessOutputRequiresBoundedContiguousOffsetsAndKnownState/oversized_stderr
=== RUN   TestProcessOutputRequiresBoundedContiguousOffsetsAndKnownState/stdout_gap
=== RUN   TestProcessOutputRequiresBoundedContiguousOffsetsAndKnownState/offset_overflow
=== RUN   TestProcessOutputRequiresBoundedContiguousOffsetsAndKnownState/stderr_regression
=== RUN   TestProcessOutputRequiresBoundedContiguousOffsetsAndKnownState/unknown_state
=== RUN   TestProcessOutputRequiresBoundedContiguousOffsetsAndKnownState/oversized_stdout
--- PASS: TestProcessOutputRequiresBoundedContiguousOffsetsAndKnownState (0.00s)
    --- PASS: TestProcessOutputRequiresBoundedContiguousOffsetsAndKnownState/oversized_stderr (0.00s)
    --- PASS: TestProcessOutputRequiresBoundedContiguousOffsetsAndKnownState/stdout_gap (0.00s)
    --- PASS: TestProcessOutputRequiresBoundedContiguousOffsetsAndKnownState/offset_overflow (0.00s)
    --- PASS: TestProcessOutputRequiresBoundedContiguousOffsetsAndKnownState/stderr_regression (0.00s)
    --- PASS: TestProcessOutputRequiresBoundedContiguousOffsetsAndKnownState/unknown_state (0.00s)
    --- PASS: TestProcessOutputRequiresBoundedContiguousOffsetsAndKnownState/oversized_stdout (0.00s)
=== RUN   TestOutputOffsetRetriesWhenDurableAcknowledgementFails
multikernel output acknowledgement: no such file or directory
--- PASS: TestOutputOffsetRetriesWhenDurableAcknowledgementFails (0.02s)
=== RUN   TestWaitProcessDoesNotFabricateExitAfterReconnectBudget
multikernel output monitor: context deadline exceeded
--- PASS: TestWaitProcessDoesNotFabricateExitAfterReconnectBudget (0.13s)
=== RUN   TestWaitProcessDoesNotCompleteBeforeExitStateIsDurable
multikernel exit state persistence: no such file or directory
--- PASS: TestWaitProcessDoesNotCompleteBeforeExitStateIsDurable (0.11s)
=== RUN   TestExitEventFlagRollsBackWhenRecoveryAcknowledgementFails
multikernel exit event acknowledgement: no such file or directory
--- PASS: TestExitEventFlagRollsBackWhenRecoveryAcknowledgementFails (0.01s)
=== RUN   TestCloseIORetriesUntilGuestAcknowledges
--- PASS: TestCloseIORetriesUntilGuestAcknowledges (0.00s)
=== RUN   TestCloseIOTerminalAndNonTerminalProcesses
=== RUN   TestCloseIOTerminalAndNonTerminalProcesses/non-terminal
=== RUN   TestCloseIOTerminalAndNonTerminalProcesses/terminal
--- PASS: TestCloseIOTerminalAndNonTerminalProcesses (0.00s)
    --- PASS: TestCloseIOTerminalAndNonTerminalProcesses/non-terminal (0.00s)
    --- PASS: TestCloseIOTerminalAndNonTerminalProcesses/terminal (0.00s)
=== RUN   TestProcessIOTeardownWhileFIFOPeersRemainAttached
--- PASS: TestProcessIOTeardownWhileFIFOPeersRemainAttached (1.02s)
=== RUN   TestCloseIOReconnectsTransportWithinCallerDeadline
--- PASS: TestCloseIOReconnectsTransportWithinCallerDeadline (0.05s)
=== RUN   TestCloseIOPersistsCreatedIntentAndDoesNotMutateStoppedProcess
--- PASS: TestCloseIOPersistsCreatedIntentAndDoesNotMutateStoppedProcess (0.00s)
=== RUN   TestStdinPumpRetriesRequestedCloseAndRecordsAcknowledgement
multikernel close stdin: injected close failure
--- PASS: TestStdinPumpRetriesRequestedCloseAndRecordsAcknowledgement (0.10s)
=== RUN   TestRecoveredNoFIFOPumpRetriesPendingClose
multikernel close stdin: injected close failure
--- PASS: TestRecoveredNoFIFOPumpRetriesPendingClose (0.10s)
=== RUN   TestResizePtyRejectsInvalidRequests
--- PASS: TestResizePtyRejectsInvalidRequests (0.00s)
=== RUN   TestResizePtyRollsBackIntentWhenGuestRejects
--- PASS: TestResizePtyRollsBackIntentWhenGuestRejects (0.00s)
=== RUN   TestKillForwardsOnlyForLiveKnownProcess
--- PASS: TestKillForwardsOnlyForLiveKnownProcess (0.00s)
=== RUN   TestKillPersistsAndDeduplicatesLostSignalReply
--- PASS: TestKillPersistsAndDeduplicatesLostSignalReply (0.06s)
=== RUN   TestGuestProcessDeleteReconnectsAndConfirmsLostReply
--- PASS: TestGuestProcessDeleteReconnectsAndConfirmsLostReply (0.05s)
=== RUN   TestResizePtyRetriesLostReply
--- PASS: TestResizePtyRetriesLostReply (0.05s)
=== RUN   TestResizePtyStoresInitialSizeBeforeStart
--- PASS: TestResizePtyStoresInitialSizeBeforeStart (0.00s)
=== RUN   TestOutputFIFOCanBeReattached
--- PASS: TestOutputFIFOCanBeReattached (1.02s)
=== RUN   TestOutputFIFOKeeperBridgesWorkerDeath
--- PASS: TestOutputFIFOKeeperBridgesWorkerDeath (1.52s)
=== RUN   TestInvalidProcessIOFailsBeforeCreateOrExecMutation
--- PASS: TestInvalidProcessIOFailsBeforeCreateOrExecMutation (0.00s)
=== RUN   TestProcessStdinMustBeFIFO
--- PASS: TestProcessStdinMustBeFIFO (0.00s)
=== RUN   TestStdinFIFOAcceptsLateAndRepeatedWriters
--- PASS: TestStdinFIFOAcceptsLateAndRepeatedWriters (0.06s)
=== RUN   TestCloseIOStopsContinuouslyReadableStdinAfterInflightChunk
--- PASS: TestCloseIOStopsContinuouslyReadableStdinAfterInflightChunk (0.00s)
=== RUN   TestPendingStdinReplaysLostAcknowledgementExactlyOnce
--- PASS: TestPendingStdinReplaysLostAcknowledgementExactlyOnce (0.05s)
=== RUN   TestStdinIntentPersistenceFailurePrecedesGuestMutation
multikernel stdin intent: no such file or directory
--- PASS: TestStdinIntentPersistenceFailurePrecedesGuestMutation (0.00s)
=== RUN   TestStdinAcknowledgementPersistenceFailureRetainsReplayIdentity
--- PASS: TestStdinAcknowledgementPersistenceFailureRetainsReplayIdentity (0.05s)
=== RUN   TestOutputOffsetsAdvanceOnlyAfterDeliveryOrBoundedDrop
--- PASS: TestOutputOffsetsAdvanceOnlyAfterDeliveryOrBoundedDrop (0.00s)
=== RUN   TestProcessOutputAndWaitRecoverTransportWithoutChangingOffsets
--- PASS: TestProcessOutputAndWaitRecoverTransportWithoutChangingOffsets (0.15s)
=== RUN   TestWaitProcessRejectsMismatchedStoppedStateUntilExactCompletion
multikernel process wait validation: guest returned a stopped process with mismatched identity or state
multikernel process wait validation: guest returned a stopped process with mismatched identity or state
multikernel process wait validation: guest returned a stopped process with a different PID
multikernel process wait validation: guest returned an exit status outside the agent contract
multikernel process wait validation: guest returned an exit status outside the agent contract
--- PASS: TestWaitProcessRejectsMismatchedStoppedStateUntilExactCompletion (0.51s)
=== RUN   TestProcessOutputReconnectHasOneOverallDeadline
--- PASS: TestProcessOutputReconnectHasOneOverallDeadline (0.08s)
=== RUN   TestProcessOutputDoesNotReplayAuthenticatedRemoteRejection
--- PASS: TestProcessOutputDoesNotReplayAuthenticatedRemoteRejection (0.00s)
=== RUN   TestProcessOutputRequiresBoundedContiguousOffsetsAndKnownState
=== RUN   TestProcessOutputRequiresBoundedContiguousOffsetsAndKnownState/unknown_state
=== RUN   TestProcessOutputRequiresBoundedContiguousOffsetsAndKnownState/oversized_stdout
=== RUN   TestProcessOutputRequiresBoundedContiguousOffsetsAndKnownState/oversized_stderr
=== RUN   TestProcessOutputRequiresBoundedContiguousOffsetsAndKnownState/stdout_gap
=== RUN   TestProcessOutputRequiresBoundedContiguousOffsetsAndKnownState/offset_overflow
=== RUN   TestProcessOutputRequiresBoundedContiguousOffsetsAndKnownState/stderr_regression
--- PASS: TestProcessOutputRequiresBoundedContiguousOffsetsAndKnownState (0.00s)
    --- PASS: TestProcessOutputRequiresBoundedContiguousOffsetsAndKnownState/unknown_state (0.00s)
    --- PASS: TestProcessOutputRequiresBoundedContiguousOffsetsAndKnownState/oversized_stdout (0.00s)
    --- PASS: TestProcessOutputRequiresBoundedContiguousOffsetsAndKnownState/oversized_stderr (0.00s)
    --- PASS: TestProcessOutputRequiresBoundedContiguousOffsetsAndKnownState/stdout_gap (0.00s)
    --- PASS: TestProcessOutputRequiresBoundedContiguousOffsetsAndKnownState/offset_overflow (0.00s)
    --- PASS: TestProcessOutputRequiresBoundedContiguousOffsetsAndKnownState/stderr_regression (0.00s)
=== RUN   TestOutputOffsetRetriesWhenDurableAcknowledgementFails
multikernel output acknowledgement: no such file or directory
--- PASS: TestOutputOffsetRetriesWhenDurableAcknowledgementFails (0.02s)
=== RUN   TestWaitProcessDoesNotFabricateExitAfterReconnectBudget
multikernel output monitor: context deadline exceeded
--- PASS: TestWaitProcessDoesNotFabricateExitAfterReconnectBudget (0.12s)
=== RUN   TestWaitProcessDoesNotCompleteBeforeExitStateIsDurable
multikernel exit state persistence: no such file or directory
--- PASS: TestWaitProcessDoesNotCompleteBeforeExitStateIsDurable (0.11s)
=== RUN   TestExitEventFlagRollsBackWhenRecoveryAcknowledgementFails
multikernel exit event acknowledgement: no such file or directory
--- PASS: TestExitEventFlagRollsBackWhenRecoveryAcknowledgementFails (0.01s)
=== RUN   TestCloseIORetriesUntilGuestAcknowledges
--- PASS: TestCloseIORetriesUntilGuestAcknowledges (0.00s)
=== RUN   TestCloseIOTerminalAndNonTerminalProcesses
=== RUN   TestCloseIOTerminalAndNonTerminalProcesses/non-terminal
=== RUN   TestCloseIOTerminalAndNonTerminalProcesses/terminal
--- PASS: TestCloseIOTerminalAndNonTerminalProcesses (0.00s)
    --- PASS: TestCloseIOTerminalAndNonTerminalProcesses/non-terminal (0.00s)
    --- PASS: TestCloseIOTerminalAndNonTerminalProcesses/terminal (0.00s)
=== RUN   TestProcessIOTeardownWhileFIFOPeersRemainAttached
--- PASS: TestProcessIOTeardownWhileFIFOPeersRemainAttached (1.02s)
=== RUN   TestCloseIOReconnectsTransportWithinCallerDeadline
--- PASS: TestCloseIOReconnectsTransportWithinCallerDeadline (0.05s)
=== RUN   TestCloseIOPersistsCreatedIntentAndDoesNotMutateStoppedProcess
--- PASS: TestCloseIOPersistsCreatedIntentAndDoesNotMutateStoppedProcess (0.00s)
=== RUN   TestStdinPumpRetriesRequestedCloseAndRecordsAcknowledgement
multikernel close stdin: injected close failure
--- PASS: TestStdinPumpRetriesRequestedCloseAndRecordsAcknowledgement (0.10s)
=== RUN   TestRecoveredNoFIFOPumpRetriesPendingClose
multikernel close stdin: injected close failure
--- PASS: TestRecoveredNoFIFOPumpRetriesPendingClose (0.10s)
=== RUN   TestResizePtyRejectsInvalidRequests
--- PASS: TestResizePtyRejectsInvalidRequests (0.00s)
=== RUN   TestResizePtyRollsBackIntentWhenGuestRejects
--- PASS: TestResizePtyRollsBackIntentWhenGuestRejects (0.00s)
=== RUN   TestKillForwardsOnlyForLiveKnownProcess
--- PASS: TestKillForwardsOnlyForLiveKnownProcess (0.00s)
=== RUN   TestKillPersistsAndDeduplicatesLostSignalReply
--- PASS: TestKillPersistsAndDeduplicatesLostSignalReply (0.06s)
=== RUN   TestGuestProcessDeleteReconnectsAndConfirmsLostReply
--- PASS: TestGuestProcessDeleteReconnectsAndConfirmsLostReply (0.05s)
=== RUN   TestResizePtyRetriesLostReply
--- PASS: TestResizePtyRetriesLostReply (0.05s)
=== RUN   TestResizePtyStoresInitialSizeBeforeStart
--- PASS: TestResizePtyStoresInitialSizeBeforeStart (0.00s)
=== RUN   TestOutputFIFOCanBeReattached
--- PASS: TestOutputFIFOCanBeReattached (1.02s)
=== RUN   TestOutputFIFOKeeperBridgesWorkerDeath
--- PASS: TestOutputFIFOKeeperBridgesWorkerDeath (1.52s)
=== RUN   TestInvalidProcessIOFailsBeforeCreateOrExecMutation
--- PASS: TestInvalidProcessIOFailsBeforeCreateOrExecMutation (0.00s)
=== RUN   TestProcessStdinMustBeFIFO
--- PASS: TestProcessStdinMustBeFIFO (0.00s)
=== RUN   TestStdinFIFOAcceptsLateAndRepeatedWriters
--- PASS: TestStdinFIFOAcceptsLateAndRepeatedWriters (0.06s)
=== RUN   TestCloseIOStopsContinuouslyReadableStdinAfterInflightChunk
--- PASS: TestCloseIOStopsContinuouslyReadableStdinAfterInflightChunk (0.00s)
=== RUN   TestPendingStdinReplaysLostAcknowledgementExactlyOnce
--- PASS: TestPendingStdinReplaysLostAcknowledgementExactlyOnce (0.05s)
=== RUN   TestStdinIntentPersistenceFailurePrecedesGuestMutation
multikernel stdin intent: no such file or directory
--- PASS: TestStdinIntentPersistenceFailurePrecedesGuestMutation (0.00s)
=== RUN   TestStdinAcknowledgementPersistenceFailureRetainsReplayIdentity
--- PASS: TestStdinAcknowledgementPersistenceFailureRetainsReplayIdentity (0.05s)
=== RUN   TestOutputOffsetsAdvanceOnlyAfterDeliveryOrBoundedDrop
--- PASS: TestOutputOffsetsAdvanceOnlyAfterDeliveryOrBoundedDrop (0.00s)
=== RUN   TestProcessOutputAndWaitRecoverTransportWithoutChangingOffsets
--- PASS: TestProcessOutputAndWaitRecoverTransportWithoutChangingOffsets (0.15s)
=== RUN   TestWaitProcessRejectsMismatchedStoppedStateUntilExactCompletion
multikernel process wait validation: guest returned a stopped process with mismatched identity or state
multikernel process wait validation: guest returned a stopped process with mismatched identity or state
multikernel process wait validation: guest returned a stopped process with a different PID
multikernel process wait validation: guest returned an exit status outside the agent contract
multikernel process wait validation: guest returned an exit status outside the agent contract
--- PASS: TestWaitProcessRejectsMismatchedStoppedStateUntilExactCompletion (0.51s)
=== RUN   TestProcessOutputReconnectHasOneOverallDeadline
--- PASS: TestProcessOutputReconnectHasOneOverallDeadline (0.08s)
=== RUN   TestProcessOutputDoesNotReplayAuthenticatedRemoteRejection
--- PASS: TestProcessOutputDoesNotReplayAuthenticatedRemoteRejection (0.00s)
=== RUN   TestProcessOutputRequiresBoundedContiguousOffsetsAndKnownState
=== RUN   TestProcessOutputRequiresBoundedContiguousOffsetsAndKnownState/oversized_stderr
=== RUN   TestProcessOutputRequiresBoundedContiguousOffsetsAndKnownState/stdout_gap
=== RUN   TestProcessOutputRequiresBoundedContiguousOffsetsAndKnownState/offset_overflow
=== RUN   TestProcessOutputRequiresBoundedContiguousOffsetsAndKnownState/stderr_regression
=== RUN   TestProcessOutputRequiresBoundedContiguousOffsetsAndKnownState/unknown_state
=== RUN   TestProcessOutputRequiresBoundedContiguousOffsetsAndKnownState/oversized_stdout
--- PASS: TestProcessOutputRequiresBoundedContiguousOffsetsAndKnownState (0.00s)
    --- PASS: TestProcessOutputRequiresBoundedContiguousOffsetsAndKnownState/oversized_stderr (0.00s)
    --- PASS: TestProcessOutputRequiresBoundedContiguousOffsetsAndKnownState/stdout_gap (0.00s)
    --- PASS: TestProcessOutputRequiresBoundedContiguousOffsetsAndKnownState/offset_overflow (0.00s)
    --- PASS: TestProcessOutputRequiresBoundedContiguousOffsetsAndKnownState/stderr_regression (0.00s)
    --- PASS: TestProcessOutputRequiresBoundedContiguousOffsetsAndKnownState/unknown_state (0.00s)
    --- PASS: TestProcessOutputRequiresBoundedContiguousOffsetsAndKnownState/oversized_stdout (0.00s)
=== RUN   TestOutputOffsetRetriesWhenDurableAcknowledgementFails
multikernel output acknowledgement: no such file or directory
--- PASS: TestOutputOffsetRetriesWhenDurableAcknowledgementFails (0.02s)
=== RUN   TestWaitProcessDoesNotFabricateExitAfterReconnectBudget
multikernel output monitor: context deadline exceeded
--- PASS: TestWaitProcessDoesNotFabricateExitAfterReconnectBudget (0.12s)
=== RUN   TestWaitProcessDoesNotCompleteBeforeExitStateIsDurable
multikernel exit state persistence: no such file or directory
--- PASS: TestWaitProcessDoesNotCompleteBeforeExitStateIsDurable (0.11s)
=== RUN   TestExitEventFlagRollsBackWhenRecoveryAcknowledgementFails
multikernel exit event acknowledgement: no such file or directory
--- PASS: TestExitEventFlagRollsBackWhenRecoveryAcknowledgementFails (0.01s)
=== RUN   TestCloseIORetriesUntilGuestAcknowledges
--- PASS: TestCloseIORetriesUntilGuestAcknowledges (0.00s)
=== RUN   TestCloseIOTerminalAndNonTerminalProcesses
=== RUN   TestCloseIOTerminalAndNonTerminalProcesses/non-terminal
=== RUN   TestCloseIOTerminalAndNonTerminalProcesses/terminal
--- PASS: TestCloseIOTerminalAndNonTerminalProcesses (0.00s)
    --- PASS: TestCloseIOTerminalAndNonTerminalProcesses/non-terminal (0.00s)
    --- PASS: TestCloseIOTerminalAndNonTerminalProcesses/terminal (0.00s)
=== RUN   TestProcessIOTeardownWhileFIFOPeersRemainAttached
--- PASS: TestProcessIOTeardownWhileFIFOPeersRemainAttached (1.02s)
=== RUN   TestCloseIOReconnectsTransportWithinCallerDeadline
--- PASS: TestCloseIOReconnectsTransportWithinCallerDeadline (0.05s)
=== RUN   TestCloseIOPersistsCreatedIntentAndDoesNotMutateStoppedProcess
--- PASS: TestCloseIOPersistsCreatedIntentAndDoesNotMutateStoppedProcess (0.00s)
=== RUN   TestStdinPumpRetriesRequestedCloseAndRecordsAcknowledgement
multikernel close stdin: injected close failure
--- PASS: TestStdinPumpRetriesRequestedCloseAndRecordsAcknowledgement (0.10s)
=== RUN   TestRecoveredNoFIFOPumpRetriesPendingClose
multikernel close stdin: injected close failure
--- PASS: TestRecoveredNoFIFOPumpRetriesPendingClose (0.10s)
=== RUN   TestResizePtyRejectsInvalidRequests
--- PASS: TestResizePtyRejectsInvalidRequests (0.00s)
=== RUN   TestResizePtyRollsBackIntentWhenGuestRejects
--- PASS: TestResizePtyRollsBackIntentWhenGuestRejects (0.00s)
=== RUN   TestKillForwardsOnlyForLiveKnownProcess
--- PASS: TestKillForwardsOnlyForLiveKnownProcess (0.00s)
=== RUN   TestKillPersistsAndDeduplicatesLostSignalReply
--- PASS: TestKillPersistsAndDeduplicatesLostSignalReply (0.06s)
=== RUN   TestGuestProcessDeleteReconnectsAndConfirmsLostReply
--- PASS: TestGuestProcessDeleteReconnectsAndConfirmsLostReply (0.05s)
=== RUN   TestResizePtyRetriesLostReply
--- PASS: TestResizePtyRetriesLostReply (0.05s)
=== RUN   TestResizePtyStoresInitialSizeBeforeStart
--- PASS: TestResizePtyStoresInitialSizeBeforeStart (0.00s)
=== RUN   TestOutputFIFOCanBeReattached
--- PASS: TestOutputFIFOCanBeReattached (1.02s)
=== RUN   TestOutputFIFOKeeperBridgesWorkerDeath
--- PASS: TestOutputFIFOKeeperBridgesWorkerDeath (1.52s)
=== RUN   TestInvalidProcessIOFailsBeforeCreateOrExecMutation
--- PASS: TestInvalidProcessIOFailsBeforeCreateOrExecMutation (0.00s)
=== RUN   TestProcessStdinMustBeFIFO
--- PASS: TestProcessStdinMustBeFIFO (0.00s)
=== RUN   TestStdinFIFOAcceptsLateAndRepeatedWriters
--- PASS: TestStdinFIFOAcceptsLateAndRepeatedWriters (0.04s)
=== RUN   TestCloseIOStopsContinuouslyReadableStdinAfterInflightChunk
--- PASS: TestCloseIOStopsContinuouslyReadableStdinAfterInflightChunk (0.00s)
=== RUN   TestPendingStdinReplaysLostAcknowledgementExactlyOnce
--- PASS: TestPendingStdinReplaysLostAcknowledgementExactlyOnce (0.05s)
=== RUN   TestStdinIntentPersistenceFailurePrecedesGuestMutation
multikernel stdin intent: no such file or directory
--- PASS: TestStdinIntentPersistenceFailurePrecedesGuestMutation (0.00s)
=== RUN   TestStdinAcknowledgementPersistenceFailureRetainsReplayIdentity
--- PASS: TestStdinAcknowledgementPersistenceFailureRetainsReplayIdentity (0.05s)
=== RUN   TestOutputOffsetsAdvanceOnlyAfterDeliveryOrBoundedDrop
--- PASS: TestOutputOffsetsAdvanceOnlyAfterDeliveryOrBoundedDrop (0.00s)
=== RUN   TestProcessOutputAndWaitRecoverTransportWithoutChangingOffsets
--- PASS: TestProcessOutputAndWaitRecoverTransportWithoutChangingOffsets (0.15s)
=== RUN   TestWaitProcessRejectsMismatchedStoppedStateUntilExactCompletion
multikernel process wait validation: guest returned a stopped process with mismatched identity or state
multikernel process wait validation: guest returned a stopped process with mismatched identity or state
multikernel process wait validation: guest returned a stopped process with a different PID
multikernel process wait validation: guest returned an exit status outside the agent contract
multikernel process wait validation: guest returned an exit status outside the agent contract
--- PASS: TestWaitProcessRejectsMismatchedStoppedStateUntilExactCompletion (0.51s)
=== RUN   TestProcessOutputReconnectHasOneOverallDeadline
--- PASS: TestProcessOutputReconnectHasOneOverallDeadline (0.08s)
=== RUN   TestProcessOutputDoesNotReplayAuthenticatedRemoteRejection
--- PASS: TestProcessOutputDoesNotReplayAuthenticatedRemoteRejection (0.00s)
=== RUN   TestProcessOutputRequiresBoundedContiguousOffsetsAndKnownState
=== RUN   TestProcessOutputRequiresBoundedContiguousOffsetsAndKnownState/stdout_gap
=== RUN   TestProcessOutputRequiresBoundedContiguousOffsetsAndKnownState/offset_overflow
=== RUN   TestProcessOutputRequiresBoundedContiguousOffsetsAndKnownState/stderr_regression
=== RUN   TestProcessOutputRequiresBoundedContiguousOffsetsAndKnownState/unknown_state
=== RUN   TestProcessOutputRequiresBoundedContiguousOffsetsAndKnownState/oversized_stdout
=== RUN   TestProcessOutputRequiresBoundedContiguousOffsetsAndKnownState/oversized_stderr
--- PASS: TestProcessOutputRequiresBoundedContiguousOffsetsAndKnownState (0.00s)
    --- PASS: TestProcessOutputRequiresBoundedContiguousOffsetsAndKnownState/stdout_gap (0.00s)
    --- PASS: TestProcessOutputRequiresBoundedContiguousOffsetsAndKnownState/offset_overflow (0.00s)
    --- PASS: TestProcessOutputRequiresBoundedContiguousOffsetsAndKnownState/stderr_regression (0.00s)
    --- PASS: TestProcessOutputRequiresBoundedContiguousOffsetsAndKnownState/unknown_state (0.00s)
    --- PASS: TestProcessOutputRequiresBoundedContiguousOffsetsAndKnownState/oversized_stdout (0.00s)
    --- PASS: TestProcessOutputRequiresBoundedContiguousOffsetsAndKnownState/oversized_stderr (0.00s)
=== RUN   TestOutputOffsetRetriesWhenDurableAcknowledgementFails
multikernel output acknowledgement: no such file or directory
--- PASS: TestOutputOffsetRetriesWhenDurableAcknowledgementFails (0.02s)
=== RUN   TestWaitProcessDoesNotFabricateExitAfterReconnectBudget
multikernel output monitor: context deadline exceeded
--- PASS: TestWaitProcessDoesNotFabricateExitAfterReconnectBudget (0.12s)
=== RUN   TestWaitProcessDoesNotCompleteBeforeExitStateIsDurable
multikernel exit state persistence: no such file or directory
--- PASS: TestWaitProcessDoesNotCompleteBeforeExitStateIsDurable (0.11s)
=== RUN   TestExitEventFlagRollsBackWhenRecoveryAcknowledgementFails
multikernel exit event acknowledgement: no such file or directory
--- PASS: TestExitEventFlagRollsBackWhenRecoveryAcknowledgementFails (0.01s)
=== RUN   TestCloseIORetriesUntilGuestAcknowledges
--- PASS: TestCloseIORetriesUntilGuestAcknowledges (0.00s)
=== RUN   TestCloseIOTerminalAndNonTerminalProcesses
=== RUN   TestCloseIOTerminalAndNonTerminalProcesses/non-terminal
=== RUN   TestCloseIOTerminalAndNonTerminalProcesses/terminal
--- PASS: TestCloseIOTerminalAndNonTerminalProcesses (0.00s)
    --- PASS: TestCloseIOTerminalAndNonTerminalProcesses/non-terminal (0.00s)
    --- PASS: TestCloseIOTerminalAndNonTerminalProcesses/terminal (0.00s)
=== RUN   TestProcessIOTeardownWhileFIFOPeersRemainAttached
--- PASS: TestProcessIOTeardownWhileFIFOPeersRemainAttached (1.02s)
=== RUN   TestCloseIOReconnectsTransportWithinCallerDeadline
--- PASS: TestCloseIOReconnectsTransportWithinCallerDeadline (0.05s)
=== RUN   TestCloseIOPersistsCreatedIntentAndDoesNotMutateStoppedProcess
--- PASS: TestCloseIOPersistsCreatedIntentAndDoesNotMutateStoppedProcess (0.00s)
=== RUN   TestStdinPumpRetriesRequestedCloseAndRecordsAcknowledgement
multikernel close stdin: injected close failure
--- PASS: TestStdinPumpRetriesRequestedCloseAndRecordsAcknowledgement (0.10s)
=== RUN   TestRecoveredNoFIFOPumpRetriesPendingClose
multikernel close stdin: injected close failure
--- PASS: TestRecoveredNoFIFOPumpRetriesPendingClose (0.10s)
=== RUN   TestResizePtyRejectsInvalidRequests
--- PASS: TestResizePtyRejectsInvalidRequests (0.00s)
=== RUN   TestResizePtyRollsBackIntentWhenGuestRejects
--- PASS: TestResizePtyRollsBackIntentWhenGuestRejects (0.00s)
=== RUN   TestKillForwardsOnlyForLiveKnownProcess
--- PASS: TestKillForwardsOnlyForLiveKnownProcess (0.00s)
=== RUN   TestKillPersistsAndDeduplicatesLostSignalReply
--- PASS: TestKillPersistsAndDeduplicatesLostSignalReply (0.06s)
=== RUN   TestGuestProcessDeleteReconnectsAndConfirmsLostReply
--- PASS: TestGuestProcessDeleteReconnectsAndConfirmsLostReply (0.05s)
=== RUN   TestResizePtyRetriesLostReply
--- PASS: TestResizePtyRetriesLostReply (0.05s)
=== RUN   TestResizePtyStoresInitialSizeBeforeStart
--- PASS: TestResizePtyStoresInitialSizeBeforeStart (0.00s)
=== RUN   TestOutputFIFOCanBeReattached
--- PASS: TestOutputFIFOCanBeReattached (1.02s)
=== RUN   TestOutputFIFOKeeperBridgesWorkerDeath
--- PASS: TestOutputFIFOKeeperBridgesWorkerDeath (1.52s)
=== RUN   TestInvalidProcessIOFailsBeforeCreateOrExecMutation
--- PASS: TestInvalidProcessIOFailsBeforeCreateOrExecMutation (0.00s)
=== RUN   TestProcessStdinMustBeFIFO
--- PASS: TestProcessStdinMustBeFIFO (0.00s)
=== RUN   TestStdinFIFOAcceptsLateAndRepeatedWriters
--- PASS: TestStdinFIFOAcceptsLateAndRepeatedWriters (0.04s)
=== RUN   TestCloseIOStopsContinuouslyReadableStdinAfterInflightChunk
--- PASS: TestCloseIOStopsContinuouslyReadableStdinAfterInflightChunk (0.00s)
=== RUN   TestPendingStdinReplaysLostAcknowledgementExactlyOnce
--- PASS: TestPendingStdinReplaysLostAcknowledgementExactlyOnce (0.05s)
=== RUN   TestStdinIntentPersistenceFailurePrecedesGuestMutation
multikernel stdin intent: no such file or directory
--- PASS: TestStdinIntentPersistenceFailurePrecedesGuestMutation (0.00s)
=== RUN   TestStdinAcknowledgementPersistenceFailureRetainsReplayIdentity
--- PASS: TestStdinAcknowledgementPersistenceFailureRetainsReplayIdentity (0.05s)
=== RUN   TestOutputOffsetsAdvanceOnlyAfterDeliveryOrBoundedDrop
--- PASS: TestOutputOffsetsAdvanceOnlyAfterDeliveryOrBoundedDrop (0.00s)
=== RUN   TestProcessOutputAndWaitRecoverTransportWithoutChangingOffsets
--- PASS: TestProcessOutputAndWaitRecoverTransportWithoutChangingOffsets (0.15s)
=== RUN   TestWaitProcessRejectsMismatchedStoppedStateUntilExactCompletion
multikernel process wait validation: guest returned a stopped process with mismatched identity or state
multikernel process wait validation: guest returned a stopped process with mismatched identity or state
multikernel process wait validation: guest returned a stopped process with a different PID
multikernel process wait validation: guest returned an exit status outside the agent contract
multikernel process wait validation: guest returned an exit status outside the agent contract
--- PASS: TestWaitProcessRejectsMismatchedStoppedStateUntilExactCompletion (0.51s)
=== RUN   TestProcessOutputReconnectHasOneOverallDeadline
--- PASS: TestProcessOutputReconnectHasOneOverallDeadline (0.08s)
=== RUN   TestProcessOutputDoesNotReplayAuthenticatedRemoteRejection
--- PASS: TestProcessOutputDoesNotReplayAuthenticatedRemoteRejection (0.00s)
=== RUN   TestProcessOutputRequiresBoundedContiguousOffsetsAndKnownState
=== RUN   TestProcessOutputRequiresBoundedContiguousOffsetsAndKnownState/stderr_regression
=== RUN   TestProcessOutputRequiresBoundedContiguousOffsetsAndKnownState/unknown_state
=== RUN   TestProcessOutputRequiresBoundedContiguousOffsetsAndKnownState/oversized_stdout
=== RUN   TestProcessOutputRequiresBoundedContiguousOffsetsAndKnownState/oversized_stderr
=== RUN   TestProcessOutputRequiresBoundedContiguousOffsetsAndKnownState/stdout_gap
=== RUN   TestProcessOutputRequiresBoundedContiguousOffsetsAndKnownState/offset_overflow
--- PASS: TestProcessOutputRequiresBoundedContiguousOffsetsAndKnownState (0.00s)
    --- PASS: TestProcessOutputRequiresBoundedContiguousOffsetsAndKnownState/stderr_regression (0.00s)
    --- PASS: TestProcessOutputRequiresBoundedContiguousOffsetsAndKnownState/unknown_state (0.00s)
    --- PASS: TestProcessOutputRequiresBoundedContiguousOffsetsAndKnownState/oversized_stdout (0.00s)
    --- PASS: TestProcessOutputRequiresBoundedContiguousOffsetsAndKnownState/oversized_stderr (0.00s)
    --- PASS: TestProcessOutputRequiresBoundedContiguousOffsetsAndKnownState/stdout_gap (0.00s)
    --- PASS: TestProcessOutputRequiresBoundedContiguousOffsetsAndKnownState/offset_overflow (0.00s)
=== RUN   TestOutputOffsetRetriesWhenDurableAcknowledgementFails
multikernel output acknowledgement: no such file or directory
--- PASS: TestOutputOffsetRetriesWhenDurableAcknowledgementFails (0.02s)
=== RUN   TestWaitProcessDoesNotFabricateExitAfterReconnectBudget
multikernel output monitor: context deadline exceeded
--- PASS: TestWaitProcessDoesNotFabricateExitAfterReconnectBudget (0.12s)
=== RUN   TestWaitProcessDoesNotCompleteBeforeExitStateIsDurable
multikernel exit state persistence: no such file or directory
--- PASS: TestWaitProcessDoesNotCompleteBeforeExitStateIsDurable (0.11s)
=== RUN   TestExitEventFlagRollsBackWhenRecoveryAcknowledgementFails
multikernel exit event acknowledgement: no such file or directory
--- PASS: TestExitEventFlagRollsBackWhenRecoveryAcknowledgementFails (0.01s)
=== RUN   TestCloseIORetriesUntilGuestAcknowledges
--- PASS: TestCloseIORetriesUntilGuestAcknowledges (0.00s)
=== RUN   TestCloseIOTerminalAndNonTerminalProcesses
=== RUN   TestCloseIOTerminalAndNonTerminalProcesses/non-terminal
=== RUN   TestCloseIOTerminalAndNonTerminalProcesses/terminal
--- PASS: TestCloseIOTerminalAndNonTerminalProcesses (0.00s)
    --- PASS: TestCloseIOTerminalAndNonTerminalProcesses/non-terminal (0.00s)
    --- PASS: TestCloseIOTerminalAndNonTerminalProcesses/terminal (0.00s)
=== RUN   TestProcessIOTeardownWhileFIFOPeersRemainAttached
--- PASS: TestProcessIOTeardownWhileFIFOPeersRemainAttached (1.02s)
=== RUN   TestCloseIOReconnectsTransportWithinCallerDeadline
--- PASS: TestCloseIOReconnectsTransportWithinCallerDeadline (0.05s)
=== RUN   TestCloseIOPersistsCreatedIntentAndDoesNotMutateStoppedProcess
--- PASS: TestCloseIOPersistsCreatedIntentAndDoesNotMutateStoppedProcess (0.00s)
=== RUN   TestStdinPumpRetriesRequestedCloseAndRecordsAcknowledgement
multikernel close stdin: injected close failure
--- PASS: TestStdinPumpRetriesRequestedCloseAndRecordsAcknowledgement (0.10s)
=== RUN   TestRecoveredNoFIFOPumpRetriesPendingClose
multikernel close stdin: injected close failure
--- PASS: TestRecoveredNoFIFOPumpRetriesPendingClose (0.10s)
=== RUN   TestResizePtyRejectsInvalidRequests
--- PASS: TestResizePtyRejectsInvalidRequests (0.00s)
=== RUN   TestResizePtyRollsBackIntentWhenGuestRejects
--- PASS: TestResizePtyRollsBackIntentWhenGuestRejects (0.00s)
=== RUN   TestKillForwardsOnlyForLiveKnownProcess
--- PASS: TestKillForwardsOnlyForLiveKnownProcess (0.00s)
=== RUN   TestKillPersistsAndDeduplicatesLostSignalReply
--- PASS: TestKillPersistsAndDeduplicatesLostSignalReply (0.06s)
=== RUN   TestGuestProcessDeleteReconnectsAndConfirmsLostReply
--- PASS: TestGuestProcessDeleteReconnectsAndConfirmsLostReply (0.05s)
=== RUN   TestResizePtyRetriesLostReply
--- PASS: TestResizePtyRetriesLostReply (0.05s)
PASS
ok  	github.com/hairizuan/multikernel-linux-expt/runtime/cmd/containerd-shim-multikernel-v2	103.939s
+scripts/test-runtime-task-v2-exhaustive-vm.sh:35: grep -Fq -- '--- SKIP:' /var/tmp/tv2.ZsUOJA/process_io.log
+scripts/test-runtime-task-v2-exhaustive-vm.sh:36: grep -Fq 'WARNING: DATA RACE' /var/tmp/tv2.ZsUOJA/process_io.log
+scripts/test-runtime-task-v2-exhaustive-vm.sh:37: grep -Fq PASS /var/tmp/tv2.ZsUOJA/process_io.log
OBSERVATION_BEGIN key=process_io-result
selected=33 iterations=20 skips=0 races=0 status=pass
OBSERVATION_END key=process_io-result
+scripts/test-runtime-task-v2-exhaustive-vm.sh:38: groups=2
+scripts/test-runtime-task-v2-exhaustive-vm.sh:39: total=53
+scripts/test-runtime-task-v2-exhaustive-vm.sh:40: observe process_io-result 'selected=33 iterations=20 skips=0 races=0 status=pass'
+scripts/test-runtime-task-v2-exhaustive-vm.sh:21: local key=process_io-result
+scripts/test-runtime-task-v2-exhaustive-vm.sh:21: shift
+scripts/test-runtime-task-v2-exhaustive-vm.sh:21: printf 'OBSERVATION_BEGIN key=%s\n%s\nOBSERVATION_END key=%s\n' process_io-result 'selected=33 iterations=20 skips=0 races=0 status=pass' process_io-result
+scripts/test-runtime-task-v2-exhaustive-vm.sh:109: run_group control_read TestTaskEntryLockWaitHonorsCancellation TestWaitPostExitLockHonorsCancellation TestShutdownWaitsForEmptyOwnershipAndSealsService TestShutdownClosesHeldBundleIdentity TestShutdownRetainsOwnershipUntilDurableEventsFlush TestInitTaskAPIsExposeHostNamespaceHolderAndRetainGuestIdentity TestPauseResumeSignalsGuestAndPublishesTransitions TestPauseRollsBackAlreadySignaledProcessOnPartialFailure TestPauseResumeReturnRecoveryRollbackFailure TestPauseResumeRepublishPriorStateAfterTransitionPersistenceFailure TestStatsReturnsGuestProcessGroupMetrics TestStatsRejectsAggregateOverflow TestStatsRetriesLostGuestReply TestUpdateAndCheckpointAreExcludedWithoutMutation
+scripts/test-runtime-task-v2-exhaustive-vm.sh:24: local name=control_read
+scripts/test-runtime-task-v2-exhaustive-vm.sh:25: shift
+scripts/test-runtime-task-v2-exhaustive-vm.sh:26: tests=('TestTaskEntryLockWaitHonorsCancellation' 'TestWaitPostExitLockHonorsCancellation' 'TestShutdownWaitsForEmptyOwnershipAndSealsService' 'TestShutdownClosesHeldBundleIdentity' 'TestShutdownRetainsOwnershipUntilDurableEventsFlush' 'TestInitTaskAPIsExposeHostNamespaceHolderAndRetainGuestIdentity' 'TestPauseResumeSignalsGuestAndPublishesTransitions' 'TestPauseRollsBackAlreadySignaledProcessOnPartialFailure' 'TestPauseResumeReturnRecoveryRollbackFailure' 'TestPauseResumeRepublishPriorStateAfterTransitionPersistenceFailure' 'TestStatsReturnsGuestProcessGroupMetrics' 'TestStatsRejectsAggregateOverflow' 'TestStatsRetriesLostGuestReply' 'TestUpdateAndCheckpointAreExcludedWithoutMutation')
+scripts/test-runtime-task-v2-exhaustive-vm.sh:26: local tests regex listed output test_name
++scripts/test-runtime-task-v2-exhaustive-vm.sh:27: IFS='|'
++scripts/test-runtime-task-v2-exhaustive-vm.sh:27: printf '^(%s)$' 'TestTaskEntryLockWaitHonorsCancellation|TestWaitPostExitLockHonorsCancellation|TestShutdownWaitsForEmptyOwnershipAndSealsService|TestShutdownClosesHeldBundleIdentity|TestShutdownRetainsOwnershipUntilDurableEventsFlush|TestInitTaskAPIsExposeHostNamespaceHolderAndRetainGuestIdentity|TestPauseResumeSignalsGuestAndPublishesTransitions|TestPauseRollsBackAlreadySignaledProcessOnPartialFailure|TestPauseResumeReturnRecoveryRollbackFailure|TestPauseResumeRepublishPriorStateAfterTransitionPersistenceFailure|TestStatsReturnsGuestProcessGroupMetrics|TestStatsRejectsAggregateOverflow|TestStatsRetriesLostGuestReply|TestUpdateAndCheckpointAreExcludedWithoutMutation'
+scripts/test-runtime-task-v2-exhaustive-vm.sh:27: regex='^(TestTaskEntryLockWaitHonorsCancellation|TestWaitPostExitLockHonorsCancellation|TestShutdownWaitsForEmptyOwnershipAndSealsService|TestShutdownClosesHeldBundleIdentity|TestShutdownRetainsOwnershipUntilDurableEventsFlush|TestInitTaskAPIsExposeHostNamespaceHolderAndRetainGuestIdentity|TestPauseResumeSignalsGuestAndPublishesTransitions|TestPauseRollsBackAlreadySignaledProcessOnPartialFailure|TestPauseResumeReturnRecoveryRollbackFailure|TestPauseResumeRepublishPriorStateAfterTransitionPersistenceFailure|TestStatsReturnsGuestProcessGroupMetrics|TestStatsRejectsAggregateOverflow|TestStatsRetriesLostGuestReply|TestUpdateAndCheckpointAreExcludedWithoutMutation)$'
++scripts/test-runtime-task-v2-exhaustive-vm.sh:28: go test ./cmd/containerd-shim-multikernel-v2 -list '^(TestTaskEntryLockWaitHonorsCancellation|TestWaitPostExitLockHonorsCancellation|TestShutdownWaitsForEmptyOwnershipAndSealsService|TestShutdownClosesHeldBundleIdentity|TestShutdownRetainsOwnershipUntilDurableEventsFlush|TestInitTaskAPIsExposeHostNamespaceHolderAndRetainGuestIdentity|TestPauseResumeSignalsGuestAndPublishesTransitions|TestPauseRollsBackAlreadySignaledProcessOnPartialFailure|TestPauseResumeReturnRecoveryRollbackFailure|TestPauseResumeRepublishPriorStateAfterTransitionPersistenceFailure|TestStatsReturnsGuestProcessGroupMetrics|TestStatsRejectsAggregateOverflow|TestStatsRetriesLostGuestReply|TestUpdateAndCheckpointAreExcludedWithoutMutation)$'
++scripts/test-runtime-task-v2-exhaustive-vm.sh:28: awk '/^Test/ {print}'
+scripts/test-runtime-task-v2-exhaustive-vm.sh:28: listed=$'TestTaskEntryLockWaitHonorsCancellation\nTestWaitPostExitLockHonorsCancellation\nTestShutdownWaitsForEmptyOwnershipAndSealsService\nTestShutdownClosesHeldBundleIdentity\nTestShutdownRetainsOwnershipUntilDurableEventsFlush\nTestInitTaskAPIsExposeHostNamespaceHolderAndRetainGuestIdentity\nTestPauseResumeSignalsGuestAndPublishesTransitions\nTestPauseRollsBackAlreadySignaledProcessOnPartialFailure\nTestPauseResumeReturnRecoveryRollbackFailure\nTestPauseResumeRepublishPriorStateAfterTransitionPersistenceFailure\nTestStatsReturnsGuestProcessGroupMetrics\nTestStatsRejectsAggregateOverflow\nTestStatsRetriesLostGuestReply\nTestUpdateAndCheckpointAreExcludedWithoutMutation'
+scripts/test-runtime-task-v2-exhaustive-vm.sh:29: for test_name in "${tests[@]}"
+scripts/test-runtime-task-v2-exhaustive-vm.sh:29: grep -Fxq TestTaskEntryLockWaitHonorsCancellation
+scripts/test-runtime-task-v2-exhaustive-vm.sh:29: for test_name in "${tests[@]}"
+scripts/test-runtime-task-v2-exhaustive-vm.sh:29: grep -Fxq TestWaitPostExitLockHonorsCancellation
+scripts/test-runtime-task-v2-exhaustive-vm.sh:29: for test_name in "${tests[@]}"
+scripts/test-runtime-task-v2-exhaustive-vm.sh:29: grep -Fxq TestShutdownWaitsForEmptyOwnershipAndSealsService
+scripts/test-runtime-task-v2-exhaustive-vm.sh:29: for test_name in "${tests[@]}"
+scripts/test-runtime-task-v2-exhaustive-vm.sh:29: grep -Fxq TestShutdownClosesHeldBundleIdentity
+scripts/test-runtime-task-v2-exhaustive-vm.sh:29: for test_name in "${tests[@]}"
+scripts/test-runtime-task-v2-exhaustive-vm.sh:29: grep -Fxq TestShutdownRetainsOwnershipUntilDurableEventsFlush
+scripts/test-runtime-task-v2-exhaustive-vm.sh:29: for test_name in "${tests[@]}"
+scripts/test-runtime-task-v2-exhaustive-vm.sh:29: grep -Fxq TestInitTaskAPIsExposeHostNamespaceHolderAndRetainGuestIdentity
+scripts/test-runtime-task-v2-exhaustive-vm.sh:29: for test_name in "${tests[@]}"
+scripts/test-runtime-task-v2-exhaustive-vm.sh:29: grep -Fxq TestPauseResumeSignalsGuestAndPublishesTransitions
+scripts/test-runtime-task-v2-exhaustive-vm.sh:29: for test_name in "${tests[@]}"
+scripts/test-runtime-task-v2-exhaustive-vm.sh:29: grep -Fxq TestPauseRollsBackAlreadySignaledProcessOnPartialFailure
+scripts/test-runtime-task-v2-exhaustive-vm.sh:29: for test_name in "${tests[@]}"
+scripts/test-runtime-task-v2-exhaustive-vm.sh:29: grep -Fxq TestPauseResumeReturnRecoveryRollbackFailure
OBSERVATION_BEGIN key=control_read-selected-tests
package=./cmd/containerd-shim-multikernel-v2 iterations=20 count=14
TestTaskEntryLockWaitHonorsCancellation
TestWaitPostExitLockHonorsCancellation
TestShutdownWaitsForEmptyOwnershipAndSealsService
TestShutdownClosesHeldBundleIdentity
TestShutdownRetainsOwnershipUntilDurableEventsFlush
TestInitTaskAPIsExposeHostNamespaceHolderAndRetainGuestIdentity
TestPauseResumeSignalsGuestAndPublishesTransitions
TestPauseRollsBackAlreadySignaledProcessOnPartialFailure
TestPauseResumeReturnRecoveryRollbackFailure
TestPauseResumeRepublishPriorStateAfterTransitionPersistenceFailure
TestStatsReturnsGuestProcessGroupMetrics
TestStatsRejectsAggregateOverflow
TestStatsRetriesLostGuestReply
TestUpdateAndCheckpointAreExcludedWithoutMutation
OBSERVATION_END key=control_read-selected-tests
+scripts/test-runtime-task-v2-exhaustive-vm.sh:29: for test_name in "${tests[@]}"
+scripts/test-runtime-task-v2-exhaustive-vm.sh:29: grep -Fxq TestPauseResumeRepublishPriorStateAfterTransitionPersistenceFailure
+scripts/test-runtime-task-v2-exhaustive-vm.sh:29: for test_name in "${tests[@]}"
+scripts/test-runtime-task-v2-exhaustive-vm.sh:29: grep -Fxq TestStatsReturnsGuestProcessGroupMetrics
+scripts/test-runtime-task-v2-exhaustive-vm.sh:29: for test_name in "${tests[@]}"
+scripts/test-runtime-task-v2-exhaustive-vm.sh:29: grep -Fxq TestStatsRejectsAggregateOverflow
+scripts/test-runtime-task-v2-exhaustive-vm.sh:29: for test_name in "${tests[@]}"
+scripts/test-runtime-task-v2-exhaustive-vm.sh:29: grep -Fxq TestStatsRetriesLostGuestReply
+scripts/test-runtime-task-v2-exhaustive-vm.sh:29: for test_name in "${tests[@]}"
+scripts/test-runtime-task-v2-exhaustive-vm.sh:29: grep -Fxq TestUpdateAndCheckpointAreExcludedWithoutMutation
++scripts/test-runtime-task-v2-exhaustive-vm.sh:30: grep -c '^Test'
+scripts/test-runtime-task-v2-exhaustive-vm.sh:30: [[ 14 -eq 14 ]]
+scripts/test-runtime-task-v2-exhaustive-vm.sh:31: observe control_read-selected-tests $'package=./cmd/containerd-shim-multikernel-v2 iterations=20 count=14\nTestTaskEntryLockWaitHonorsCancellation\nTestWaitPostExitLockHonorsCancellation\nTestShutdownWaitsForEmptyOwnershipAndSealsService\nTestShutdownClosesHeldBundleIdentity\nTestShutdownRetainsOwnershipUntilDurableEventsFlush\nTestInitTaskAPIsExposeHostNamespaceHolderAndRetainGuestIdentity\nTestPauseResumeSignalsGuestAndPublishesTransitions\nTestPauseRollsBackAlreadySignaledProcessOnPartialFailure\nTestPauseResumeReturnRecoveryRollbackFailure\nTestPauseResumeRepublishPriorStateAfterTransitionPersistenceFailure\nTestStatsReturnsGuestProcessGroupMetrics\nTestStatsRejectsAggregateOverflow\nTestStatsRetriesLostGuestReply\nTestUpdateAndCheckpointAreExcludedWithoutMutation'
+scripts/test-runtime-task-v2-exhaustive-vm.sh:21: local key=control_read-selected-tests
+scripts/test-runtime-task-v2-exhaustive-vm.sh:21: shift
+scripts/test-runtime-task-v2-exhaustive-vm.sh:21: printf 'OBSERVATION_BEGIN key=%s\n%s\nOBSERVATION_END key=%s\n' control_read-selected-tests $'package=./cmd/containerd-shim-multikernel-v2 iterations=20 count=14\nTestTaskEntryLockWaitHonorsCancellation\nTestWaitPostExitLockHonorsCancellation\nTestShutdownWaitsForEmptyOwnershipAndSealsService\nTestShutdownClosesHeldBundleIdentity\nTestShutdownRetainsOwnershipUntilDurableEventsFlush\nTestInitTaskAPIsExposeHostNamespaceHolderAndRetainGuestIdentity\nTestPauseResumeSignalsGuestAndPublishesTransitions\nTestPauseRollsBackAlreadySignaledProcessOnPartialFailure\nTestPauseResumeReturnRecoveryRollbackFailure\nTestPauseResumeRepublishPriorStateAfterTransitionPersistenceFailure\nTestStatsReturnsGuestProcessGroupMetrics\nTestStatsRejectsAggregateOverflow\nTestStatsRetriesLostGuestReply\nTestUpdateAndCheckpointAreExcludedWithoutMutation' control_read-selected-tests
+scripts/test-runtime-task-v2-exhaustive-vm.sh:33: output=/var/tmp/tv2.ZsUOJA/control_read.log
+scripts/test-runtime-task-v2-exhaustive-vm.sh:34: go test -race -count=20 -run '^(TestTaskEntryLockWaitHonorsCancellation|TestWaitPostExitLockHonorsCancellation|TestShutdownWaitsForEmptyOwnershipAndSealsService|TestShutdownClosesHeldBundleIdentity|TestShutdownRetainsOwnershipUntilDurableEventsFlush|TestInitTaskAPIsExposeHostNamespaceHolderAndRetainGuestIdentity|TestPauseResumeSignalsGuestAndPublishesTransitions|TestPauseRollsBackAlreadySignaledProcessOnPartialFailure|TestPauseResumeReturnRecoveryRollbackFailure|TestPauseResumeRepublishPriorStateAfterTransitionPersistenceFailure|TestStatsReturnsGuestProcessGroupMetrics|TestStatsRejectsAggregateOverflow|TestStatsRetriesLostGuestReply|TestUpdateAndCheckpointAreExcludedWithoutMutation)$' -v ./cmd/containerd-shim-multikernel-v2
+scripts/test-runtime-task-v2-exhaustive-vm.sh:34: tee /var/tmp/tv2.ZsUOJA/control_read.log
=== RUN   TestTaskEntryLockWaitHonorsCancellation
=== RUN   TestTaskEntryLockWaitHonorsCancellation/state
=== RUN   TestTaskEntryLockWaitHonorsCancellation/close-io
--- PASS: TestTaskEntryLockWaitHonorsCancellation (0.02s)
    --- PASS: TestTaskEntryLockWaitHonorsCancellation/state (0.01s)
    --- PASS: TestTaskEntryLockWaitHonorsCancellation/close-io (0.01s)
=== RUN   TestWaitPostExitLockHonorsCancellation
--- PASS: TestWaitPostExitLockHonorsCancellation (0.02s)
=== RUN   TestShutdownWaitsForEmptyOwnershipAndSealsService
--- PASS: TestShutdownWaitsForEmptyOwnershipAndSealsService (0.00s)
=== RUN   TestShutdownClosesHeldBundleIdentity
--- PASS: TestShutdownClosesHeldBundleIdentity (0.00s)
=== RUN   TestShutdownRetainsOwnershipUntilDurableEventsFlush
multikernel event publication deferred: injected publication failure
--- PASS: TestShutdownRetainsOwnershipUntilDurableEventsFlush (0.01s)
=== RUN   TestInitTaskAPIsExposeHostNamespaceHolderAndRetainGuestIdentity
--- PASS: TestInitTaskAPIsExposeHostNamespaceHolderAndRetainGuestIdentity (0.00s)
=== RUN   TestPauseResumeSignalsGuestAndPublishesTransitions
--- PASS: TestPauseResumeSignalsGuestAndPublishesTransitions (0.01s)
=== RUN   TestPauseRollsBackAlreadySignaledProcessOnPartialFailure
--- PASS: TestPauseRollsBackAlreadySignaledProcessOnPartialFailure (0.00s)
=== RUN   TestPauseResumeReturnRecoveryRollbackFailure
=== RUN   TestPauseResumeReturnRecoveryRollbackFailure/pause
=== RUN   TestPauseResumeReturnRecoveryRollbackFailure/resume
--- PASS: TestPauseResumeReturnRecoveryRollbackFailure (0.01s)
    --- PASS: TestPauseResumeReturnRecoveryRollbackFailure/pause (0.00s)
    --- PASS: TestPauseResumeReturnRecoveryRollbackFailure/resume (0.00s)
=== RUN   TestPauseResumeRepublishPriorStateAfterTransitionPersistenceFailure
=== RUN   TestPauseResumeRepublishPriorStateAfterTransitionPersistenceFailure/pause
=== RUN   TestPauseResumeRepublishPriorStateAfterTransitionPersistenceFailure/resume
--- PASS: TestPauseResumeRepublishPriorStateAfterTransitionPersistenceFailure (0.01s)
    --- PASS: TestPauseResumeRepublishPriorStateAfterTransitionPersistenceFailure/pause (0.00s)
    --- PASS: TestPauseResumeRepublishPriorStateAfterTransitionPersistenceFailure/resume (0.00s)
=== RUN   TestStatsReturnsGuestProcessGroupMetrics
--- PASS: TestStatsReturnsGuestProcessGroupMetrics (0.00s)
=== RUN   TestStatsRejectsAggregateOverflow
--- PASS: TestStatsRejectsAggregateOverflow (0.00s)
=== RUN   TestStatsRetriesLostGuestReply
--- PASS: TestStatsRetriesLostGuestReply (0.05s)
=== RUN   TestUpdateAndCheckpointAreExcludedWithoutMutation
--- PASS: TestUpdateAndCheckpointAreExcludedWithoutMutation (0.00s)
=== RUN   TestTaskEntryLockWaitHonorsCancellation
=== RUN   TestTaskEntryLockWaitHonorsCancellation/state
=== RUN   TestTaskEntryLockWaitHonorsCancellation/close-io
--- PASS: TestTaskEntryLockWaitHonorsCancellation (0.02s)
    --- PASS: TestTaskEntryLockWaitHonorsCancellation/state (0.01s)
    --- PASS: TestTaskEntryLockWaitHonorsCancellation/close-io (0.01s)
=== RUN   TestWaitPostExitLockHonorsCancellation
--- PASS: TestWaitPostExitLockHonorsCancellation (0.02s)
=== RUN   TestShutdownWaitsForEmptyOwnershipAndSealsService
--- PASS: TestShutdownWaitsForEmptyOwnershipAndSealsService (0.00s)
=== RUN   TestShutdownClosesHeldBundleIdentity
--- PASS: TestShutdownClosesHeldBundleIdentity (0.00s)
=== RUN   TestShutdownRetainsOwnershipUntilDurableEventsFlush
multikernel event publication deferred: injected publication failure
--- PASS: TestShutdownRetainsOwnershipUntilDurableEventsFlush (0.00s)
=== RUN   TestInitTaskAPIsExposeHostNamespaceHolderAndRetainGuestIdentity
--- PASS: TestInitTaskAPIsExposeHostNamespaceHolderAndRetainGuestIdentity (0.00s)
=== RUN   TestPauseResumeSignalsGuestAndPublishesTransitions
--- PASS: TestPauseResumeSignalsGuestAndPublishesTransitions (0.01s)
=== RUN   TestPauseRollsBackAlreadySignaledProcessOnPartialFailure
--- PASS: TestPauseRollsBackAlreadySignaledProcessOnPartialFailure (0.00s)
=== RUN   TestPauseResumeReturnRecoveryRollbackFailure
=== RUN   TestPauseResumeReturnRecoveryRollbackFailure/resume
=== RUN   TestPauseResumeReturnRecoveryRollbackFailure/pause
--- PASS: TestPauseResumeReturnRecoveryRollbackFailure (0.01s)
    --- PASS: TestPauseResumeReturnRecoveryRollbackFailure/resume (0.00s)
    --- PASS: TestPauseResumeReturnRecoveryRollbackFailure/pause (0.00s)
=== RUN   TestPauseResumeRepublishPriorStateAfterTransitionPersistenceFailure
=== RUN   TestPauseResumeRepublishPriorStateAfterTransitionPersistenceFailure/pause
=== RUN   TestPauseResumeRepublishPriorStateAfterTransitionPersistenceFailure/resume
--- PASS: TestPauseResumeRepublishPriorStateAfterTransitionPersistenceFailure (0.01s)
    --- PASS: TestPauseResumeRepublishPriorStateAfterTransitionPersistenceFailure/pause (0.00s)
    --- PASS: TestPauseResumeRepublishPriorStateAfterTransitionPersistenceFailure/resume (0.00s)
=== RUN   TestStatsReturnsGuestProcessGroupMetrics
--- PASS: TestStatsReturnsGuestProcessGroupMetrics (0.00s)
=== RUN   TestStatsRejectsAggregateOverflow
--- PASS: TestStatsRejectsAggregateOverflow (0.00s)
=== RUN   TestStatsRetriesLostGuestReply
--- PASS: TestStatsRetriesLostGuestReply (0.05s)
=== RUN   TestUpdateAndCheckpointAreExcludedWithoutMutation
--- PASS: TestUpdateAndCheckpointAreExcludedWithoutMutation (0.00s)
=== RUN   TestTaskEntryLockWaitHonorsCancellation
=== RUN   TestTaskEntryLockWaitHonorsCancellation/state
=== RUN   TestTaskEntryLockWaitHonorsCancellation/close-io
--- PASS: TestTaskEntryLockWaitHonorsCancellation (0.02s)
    --- PASS: TestTaskEntryLockWaitHonorsCancellation/state (0.01s)
    --- PASS: TestTaskEntryLockWaitHonorsCancellation/close-io (0.01s)
=== RUN   TestWaitPostExitLockHonorsCancellation
--- PASS: TestWaitPostExitLockHonorsCancellation (0.02s)
=== RUN   TestShutdownWaitsForEmptyOwnershipAndSealsService
--- PASS: TestShutdownWaitsForEmptyOwnershipAndSealsService (0.00s)
=== RUN   TestShutdownClosesHeldBundleIdentity
--- PASS: TestShutdownClosesHeldBundleIdentity (0.00s)
=== RUN   TestShutdownRetainsOwnershipUntilDurableEventsFlush
multikernel event publication deferred: injected publication failure
--- PASS: TestShutdownRetainsOwnershipUntilDurableEventsFlush (0.00s)
=== RUN   TestInitTaskAPIsExposeHostNamespaceHolderAndRetainGuestIdentity
--- PASS: TestInitTaskAPIsExposeHostNamespaceHolderAndRetainGuestIdentity (0.00s)
=== RUN   TestPauseResumeSignalsGuestAndPublishesTransitions
--- PASS: TestPauseResumeSignalsGuestAndPublishesTransitions (0.01s)
=== RUN   TestPauseRollsBackAlreadySignaledProcessOnPartialFailure
--- PASS: TestPauseRollsBackAlreadySignaledProcessOnPartialFailure (0.00s)
=== RUN   TestPauseResumeReturnRecoveryRollbackFailure
=== RUN   TestPauseResumeReturnRecoveryRollbackFailure/pause
=== RUN   TestPauseResumeReturnRecoveryRollbackFailure/resume
--- PASS: TestPauseResumeReturnRecoveryRollbackFailure (0.01s)
    --- PASS: TestPauseResumeReturnRecoveryRollbackFailure/pause (0.00s)
    --- PASS: TestPauseResumeReturnRecoveryRollbackFailure/resume (0.00s)
=== RUN   TestPauseResumeRepublishPriorStateAfterTransitionPersistenceFailure
=== RUN   TestPauseResumeRepublishPriorStateAfterTransitionPersistenceFailure/pause
=== RUN   TestPauseResumeRepublishPriorStateAfterTransitionPersistenceFailure/resume
--- PASS: TestPauseResumeRepublishPriorStateAfterTransitionPersistenceFailure (0.01s)
    --- PASS: TestPauseResumeRepublishPriorStateAfterTransitionPersistenceFailure/pause (0.00s)
    --- PASS: TestPauseResumeRepublishPriorStateAfterTransitionPersistenceFailure/resume (0.00s)
=== RUN   TestStatsReturnsGuestProcessGroupMetrics
--- PASS: TestStatsReturnsGuestProcessGroupMetrics (0.00s)
=== RUN   TestStatsRejectsAggregateOverflow
--- PASS: TestStatsRejectsAggregateOverflow (0.00s)
=== RUN   TestStatsRetriesLostGuestReply
--- PASS: TestStatsRetriesLostGuestReply (0.05s)
=== RUN   TestUpdateAndCheckpointAreExcludedWithoutMutation
--- PASS: TestUpdateAndCheckpointAreExcludedWithoutMutation (0.00s)
=== RUN   TestTaskEntryLockWaitHonorsCancellation
=== RUN   TestTaskEntryLockWaitHonorsCancellation/state
=== RUN   TestTaskEntryLockWaitHonorsCancellation/close-io
--- PASS: TestTaskEntryLockWaitHonorsCancellation (0.02s)
    --- PASS: TestTaskEntryLockWaitHonorsCancellation/state (0.01s)
    --- PASS: TestTaskEntryLockWaitHonorsCancellation/close-io (0.01s)
=== RUN   TestWaitPostExitLockHonorsCancellation
--- PASS: TestWaitPostExitLockHonorsCancellation (0.02s)
=== RUN   TestShutdownWaitsForEmptyOwnershipAndSealsService
--- PASS: TestShutdownWaitsForEmptyOwnershipAndSealsService (0.00s)
=== RUN   TestShutdownClosesHeldBundleIdentity
--- PASS: TestShutdownClosesHeldBundleIdentity (0.00s)
=== RUN   TestShutdownRetainsOwnershipUntilDurableEventsFlush
multikernel event publication deferred: injected publication failure
--- PASS: TestShutdownRetainsOwnershipUntilDurableEventsFlush (0.00s)
=== RUN   TestInitTaskAPIsExposeHostNamespaceHolderAndRetainGuestIdentity
--- PASS: TestInitTaskAPIsExposeHostNamespaceHolderAndRetainGuestIdentity (0.00s)
=== RUN   TestPauseResumeSignalsGuestAndPublishesTransitions
--- PASS: TestPauseResumeSignalsGuestAndPublishesTransitions (0.01s)
=== RUN   TestPauseRollsBackAlreadySignaledProcessOnPartialFailure
--- PASS: TestPauseRollsBackAlreadySignaledProcessOnPartialFailure (0.00s)
=== RUN   TestPauseResumeReturnRecoveryRollbackFailure
=== RUN   TestPauseResumeReturnRecoveryRollbackFailure/pause
=== RUN   TestPauseResumeReturnRecoveryRollbackFailure/resume
--- PASS: TestPauseResumeReturnRecoveryRollbackFailure (0.01s)
    --- PASS: TestPauseResumeReturnRecoveryRollbackFailure/pause (0.00s)
    --- PASS: TestPauseResumeReturnRecoveryRollbackFailure/resume (0.00s)
=== RUN   TestPauseResumeRepublishPriorStateAfterTransitionPersistenceFailure
=== RUN   TestPauseResumeRepublishPriorStateAfterTransitionPersistenceFailure/pause
=== RUN   TestPauseResumeRepublishPriorStateAfterTransitionPersistenceFailure/resume
--- PASS: TestPauseResumeRepublishPriorStateAfterTransitionPersistenceFailure (0.01s)
    --- PASS: TestPauseResumeRepublishPriorStateAfterTransitionPersistenceFailure/pause (0.00s)
    --- PASS: TestPauseResumeRepublishPriorStateAfterTransitionPersistenceFailure/resume (0.00s)
=== RUN   TestStatsReturnsGuestProcessGroupMetrics
--- PASS: TestStatsReturnsGuestProcessGroupMetrics (0.00s)
=== RUN   TestStatsRejectsAggregateOverflow
--- PASS: TestStatsRejectsAggregateOverflow (0.00s)
=== RUN   TestStatsRetriesLostGuestReply
--- PASS: TestStatsRetriesLostGuestReply (0.05s)
=== RUN   TestUpdateAndCheckpointAreExcludedWithoutMutation
--- PASS: TestUpdateAndCheckpointAreExcludedWithoutMutation (0.00s)
=== RUN   TestTaskEntryLockWaitHonorsCancellation
=== RUN   TestTaskEntryLockWaitHonorsCancellation/state
=== RUN   TestTaskEntryLockWaitHonorsCancellation/close-io
--- PASS: TestTaskEntryLockWaitHonorsCancellation (0.02s)
    --- PASS: TestTaskEntryLockWaitHonorsCancellation/state (0.01s)
    --- PASS: TestTaskEntryLockWaitHonorsCancellation/close-io (0.01s)
=== RUN   TestWaitPostExitLockHonorsCancellation
--- PASS: TestWaitPostExitLockHonorsCancellation (0.02s)
=== RUN   TestShutdownWaitsForEmptyOwnershipAndSealsService
--- PASS: TestShutdownWaitsForEmptyOwnershipAndSealsService (0.00s)
=== RUN   TestShutdownClosesHeldBundleIdentity
--- PASS: TestShutdownClosesHeldBundleIdentity (0.00s)
=== RUN   TestShutdownRetainsOwnershipUntilDurableEventsFlush
multikernel event publication deferred: injected publication failure
--- PASS: TestShutdownRetainsOwnershipUntilDurableEventsFlush (0.00s)
=== RUN   TestInitTaskAPIsExposeHostNamespaceHolderAndRetainGuestIdentity
--- PASS: TestInitTaskAPIsExposeHostNamespaceHolderAndRetainGuestIdentity (0.00s)
=== RUN   TestPauseResumeSignalsGuestAndPublishesTransitions
--- PASS: TestPauseResumeSignalsGuestAndPublishesTransitions (0.01s)
=== RUN   TestPauseRollsBackAlreadySignaledProcessOnPartialFailure
--- PASS: TestPauseRollsBackAlreadySignaledProcessOnPartialFailure (0.00s)
=== RUN   TestPauseResumeReturnRecoveryRollbackFailure
=== RUN   TestPauseResumeReturnRecoveryRollbackFailure/pause
=== RUN   TestPauseResumeReturnRecoveryRollbackFailure/resume
--- PASS: TestPauseResumeReturnRecoveryRollbackFailure (0.01s)
    --- PASS: TestPauseResumeReturnRecoveryRollbackFailure/pause (0.00s)
    --- PASS: TestPauseResumeReturnRecoveryRollbackFailure/resume (0.00s)
=== RUN   TestPauseResumeRepublishPriorStateAfterTransitionPersistenceFailure
=== RUN   TestPauseResumeRepublishPriorStateAfterTransitionPersistenceFailure/pause
=== RUN   TestPauseResumeRepublishPriorStateAfterTransitionPersistenceFailure/resume
--- PASS: TestPauseResumeRepublishPriorStateAfterTransitionPersistenceFailure (0.01s)
    --- PASS: TestPauseResumeRepublishPriorStateAfterTransitionPersistenceFailure/pause (0.01s)
    --- PASS: TestPauseResumeRepublishPriorStateAfterTransitionPersistenceFailure/resume (0.00s)
=== RUN   TestStatsReturnsGuestProcessGroupMetrics
--- PASS: TestStatsReturnsGuestProcessGroupMetrics (0.00s)
=== RUN   TestStatsRejectsAggregateOverflow
--- PASS: TestStatsRejectsAggregateOverflow (0.00s)
=== RUN   TestStatsRetriesLostGuestReply
--- PASS: TestStatsRetriesLostGuestReply (0.05s)
=== RUN   TestUpdateAndCheckpointAreExcludedWithoutMutation
--- PASS: TestUpdateAndCheckpointAreExcludedWithoutMutation (0.00s)
=== RUN   TestTaskEntryLockWaitHonorsCancellation
=== RUN   TestTaskEntryLockWaitHonorsCancellation/state
=== RUN   TestTaskEntryLockWaitHonorsCancellation/close-io
--- PASS: TestTaskEntryLockWaitHonorsCancellation (0.02s)
    --- PASS: TestTaskEntryLockWaitHonorsCancellation/state (0.01s)
    --- PASS: TestTaskEntryLockWaitHonorsCancellation/close-io (0.01s)
=== RUN   TestWaitPostExitLockHonorsCancellation
--- PASS: TestWaitPostExitLockHonorsCancellation (0.02s)
=== RUN   TestShutdownWaitsForEmptyOwnershipAndSealsService
--- PASS: TestShutdownWaitsForEmptyOwnershipAndSealsService (0.00s)
=== RUN   TestShutdownClosesHeldBundleIdentity
--- PASS: TestShutdownClosesHeldBundleIdentity (0.00s)
=== RUN   TestShutdownRetainsOwnershipUntilDurableEventsFlush
multikernel event publication deferred: injected publication failure
--- PASS: TestShutdownRetainsOwnershipUntilDurableEventsFlush (0.00s)
=== RUN   TestInitTaskAPIsExposeHostNamespaceHolderAndRetainGuestIdentity
--- PASS: TestInitTaskAPIsExposeHostNamespaceHolderAndRetainGuestIdentity (0.00s)
=== RUN   TestPauseResumeSignalsGuestAndPublishesTransitions
--- PASS: TestPauseResumeSignalsGuestAndPublishesTransitions (0.01s)
=== RUN   TestPauseRollsBackAlreadySignaledProcessOnPartialFailure
--- PASS: TestPauseRollsBackAlreadySignaledProcessOnPartialFailure (0.00s)
=== RUN   TestPauseResumeReturnRecoveryRollbackFailure
=== RUN   TestPauseResumeReturnRecoveryRollbackFailure/pause
=== RUN   TestPauseResumeReturnRecoveryRollbackFailure/resume
--- PASS: TestPauseResumeReturnRecoveryRollbackFailure (0.01s)
    --- PASS: TestPauseResumeReturnRecoveryRollbackFailure/pause (0.00s)
    --- PASS: TestPauseResumeReturnRecoveryRollbackFailure/resume (0.00s)
=== RUN   TestPauseResumeRepublishPriorStateAfterTransitionPersistenceFailure
=== RUN   TestPauseResumeRepublishPriorStateAfterTransitionPersistenceFailure/pause
=== RUN   TestPauseResumeRepublishPriorStateAfterTransitionPersistenceFailure/resume
--- PASS: TestPauseResumeRepublishPriorStateAfterTransitionPersistenceFailure (0.01s)
    --- PASS: TestPauseResumeRepublishPriorStateAfterTransitionPersistenceFailure/pause (0.00s)
    --- PASS: TestPauseResumeRepublishPriorStateAfterTransitionPersistenceFailure/resume (0.00s)
=== RUN   TestStatsReturnsGuestProcessGroupMetrics
--- PASS: TestStatsReturnsGuestProcessGroupMetrics (0.00s)
=== RUN   TestStatsRejectsAggregateOverflow
--- PASS: TestStatsRejectsAggregateOverflow (0.00s)
=== RUN   TestStatsRetriesLostGuestReply
--- PASS: TestStatsRetriesLostGuestReply (0.05s)
=== RUN   TestUpdateAndCheckpointAreExcludedWithoutMutation
--- PASS: TestUpdateAndCheckpointAreExcludedWithoutMutation (0.00s)
=== RUN   TestTaskEntryLockWaitHonorsCancellation
=== RUN   TestTaskEntryLockWaitHonorsCancellation/state
=== RUN   TestTaskEntryLockWaitHonorsCancellation/close-io
--- PASS: TestTaskEntryLockWaitHonorsCancellation (0.02s)
    --- PASS: TestTaskEntryLockWaitHonorsCancellation/state (0.01s)
    --- PASS: TestTaskEntryLockWaitHonorsCancellation/close-io (0.01s)
=== RUN   TestWaitPostExitLockHonorsCancellation
--- PASS: TestWaitPostExitLockHonorsCancellation (0.02s)
=== RUN   TestShutdownWaitsForEmptyOwnershipAndSealsService
--- PASS: TestShutdownWaitsForEmptyOwnershipAndSealsService (0.00s)
=== RUN   TestShutdownClosesHeldBundleIdentity
--- PASS: TestShutdownClosesHeldBundleIdentity (0.00s)
=== RUN   TestShutdownRetainsOwnershipUntilDurableEventsFlush
multikernel event publication deferred: injected publication failure
--- PASS: TestShutdownRetainsOwnershipUntilDurableEventsFlush (0.00s)
=== RUN   TestInitTaskAPIsExposeHostNamespaceHolderAndRetainGuestIdentity
--- PASS: TestInitTaskAPIsExposeHostNamespaceHolderAndRetainGuestIdentity (0.00s)
=== RUN   TestPauseResumeSignalsGuestAndPublishesTransitions
--- PASS: TestPauseResumeSignalsGuestAndPublishesTransitions (0.01s)
=== RUN   TestPauseRollsBackAlreadySignaledProcessOnPartialFailure
--- PASS: TestPauseRollsBackAlreadySignaledProcessOnPartialFailure (0.00s)
=== RUN   TestPauseResumeReturnRecoveryRollbackFailure
=== RUN   TestPauseResumeReturnRecoveryRollbackFailure/pause
=== RUN   TestPauseResumeReturnRecoveryRollbackFailure/resume
--- PASS: TestPauseResumeReturnRecoveryRollbackFailure (0.01s)
    --- PASS: TestPauseResumeReturnRecoveryRollbackFailure/pause (0.00s)
    --- PASS: TestPauseResumeReturnRecoveryRollbackFailure/resume (0.00s)
=== RUN   TestPauseResumeRepublishPriorStateAfterTransitionPersistenceFailure
=== RUN   TestPauseResumeRepublishPriorStateAfterTransitionPersistenceFailure/pause
=== RUN   TestPauseResumeRepublishPriorStateAfterTransitionPersistenceFailure/resume
--- PASS: TestPauseResumeRepublishPriorStateAfterTransitionPersistenceFailure (0.01s)
    --- PASS: TestPauseResumeRepublishPriorStateAfterTransitionPersistenceFailure/pause (0.00s)
    --- PASS: TestPauseResumeRepublishPriorStateAfterTransitionPersistenceFailure/resume (0.00s)
=== RUN   TestStatsReturnsGuestProcessGroupMetrics
--- PASS: TestStatsReturnsGuestProcessGroupMetrics (0.00s)
=== RUN   TestStatsRejectsAggregateOverflow
--- PASS: TestStatsRejectsAggregateOverflow (0.00s)
=== RUN   TestStatsRetriesLostGuestReply
--- PASS: TestStatsRetriesLostGuestReply (0.05s)
=== RUN   TestUpdateAndCheckpointAreExcludedWithoutMutation
--- PASS: TestUpdateAndCheckpointAreExcludedWithoutMutation (0.00s)
=== RUN   TestTaskEntryLockWaitHonorsCancellation
=== RUN   TestTaskEntryLockWaitHonorsCancellation/state
=== RUN   TestTaskEntryLockWaitHonorsCancellation/close-io
--- PASS: TestTaskEntryLockWaitHonorsCancellation (0.02s)
    --- PASS: TestTaskEntryLockWaitHonorsCancellation/state (0.01s)
    --- PASS: TestTaskEntryLockWaitHonorsCancellation/close-io (0.01s)
=== RUN   TestWaitPostExitLockHonorsCancellation
--- PASS: TestWaitPostExitLockHonorsCancellation (0.02s)
=== RUN   TestShutdownWaitsForEmptyOwnershipAndSealsService
--- PASS: TestShutdownWaitsForEmptyOwnershipAndSealsService (0.00s)
=== RUN   TestShutdownClosesHeldBundleIdentity
--- PASS: TestShutdownClosesHeldBundleIdentity (0.00s)
=== RUN   TestShutdownRetainsOwnershipUntilDurableEventsFlush
multikernel event publication deferred: injected publication failure
--- PASS: TestShutdownRetainsOwnershipUntilDurableEventsFlush (0.00s)
=== RUN   TestInitTaskAPIsExposeHostNamespaceHolderAndRetainGuestIdentity
--- PASS: TestInitTaskAPIsExposeHostNamespaceHolderAndRetainGuestIdentity (0.00s)
=== RUN   TestPauseResumeSignalsGuestAndPublishesTransitions
--- PASS: TestPauseResumeSignalsGuestAndPublishesTransitions (0.01s)
=== RUN   TestPauseRollsBackAlreadySignaledProcessOnPartialFailure
--- PASS: TestPauseRollsBackAlreadySignaledProcessOnPartialFailure (0.00s)
=== RUN   TestPauseResumeReturnRecoveryRollbackFailure
=== RUN   TestPauseResumeReturnRecoveryRollbackFailure/pause
=== RUN   TestPauseResumeReturnRecoveryRollbackFailure/resume
--- PASS: TestPauseResumeReturnRecoveryRollbackFailure (0.01s)
    --- PASS: TestPauseResumeReturnRecoveryRollbackFailure/pause (0.00s)
    --- PASS: TestPauseResumeReturnRecoveryRollbackFailure/resume (0.00s)
=== RUN   TestPauseResumeRepublishPriorStateAfterTransitionPersistenceFailure
=== RUN   TestPauseResumeRepublishPriorStateAfterTransitionPersistenceFailure/pause
=== RUN   TestPauseResumeRepublishPriorStateAfterTransitionPersistenceFailure/resume
--- PASS: TestPauseResumeRepublishPriorStateAfterTransitionPersistenceFailure (0.01s)
    --- PASS: TestPauseResumeRepublishPriorStateAfterTransitionPersistenceFailure/pause (0.00s)
    --- PASS: TestPauseResumeRepublishPriorStateAfterTransitionPersistenceFailure/resume (0.00s)
=== RUN   TestStatsReturnsGuestProcessGroupMetrics
--- PASS: TestStatsReturnsGuestProcessGroupMetrics (0.00s)
=== RUN   TestStatsRejectsAggregateOverflow
--- PASS: TestStatsRejectsAggregateOverflow (0.00s)
=== RUN   TestStatsRetriesLostGuestReply
--- PASS: TestStatsRetriesLostGuestReply (0.05s)
=== RUN   TestUpdateAndCheckpointAreExcludedWithoutMutation
--- PASS: TestUpdateAndCheckpointAreExcludedWithoutMutation (0.00s)
=== RUN   TestTaskEntryLockWaitHonorsCancellation
=== RUN   TestTaskEntryLockWaitHonorsCancellation/state
=== RUN   TestTaskEntryLockWaitHonorsCancellation/close-io
--- PASS: TestTaskEntryLockWaitHonorsCancellation (0.02s)
    --- PASS: TestTaskEntryLockWaitHonorsCancellation/state (0.01s)
    --- PASS: TestTaskEntryLockWaitHonorsCancellation/close-io (0.01s)
=== RUN   TestWaitPostExitLockHonorsCancellation
--- PASS: TestWaitPostExitLockHonorsCancellation (0.02s)
=== RUN   TestShutdownWaitsForEmptyOwnershipAndSealsService
--- PASS: TestShutdownWaitsForEmptyOwnershipAndSealsService (0.00s)
=== RUN   TestShutdownClosesHeldBundleIdentity
--- PASS: TestShutdownClosesHeldBundleIdentity (0.00s)
=== RUN   TestShutdownRetainsOwnershipUntilDurableEventsFlush
multikernel event publication deferred: injected publication failure
--- PASS: TestShutdownRetainsOwnershipUntilDurableEventsFlush (0.00s)
=== RUN   TestInitTaskAPIsExposeHostNamespaceHolderAndRetainGuestIdentity
--- PASS: TestInitTaskAPIsExposeHostNamespaceHolderAndRetainGuestIdentity (0.00s)
=== RUN   TestPauseResumeSignalsGuestAndPublishesTransitions
--- PASS: TestPauseResumeSignalsGuestAndPublishesTransitions (0.01s)
=== RUN   TestPauseRollsBackAlreadySignaledProcessOnPartialFailure
--- PASS: TestPauseRollsBackAlreadySignaledProcessOnPartialFailure (0.00s)
=== RUN   TestPauseResumeReturnRecoveryRollbackFailure
=== RUN   TestPauseResumeReturnRecoveryRollbackFailure/pause
=== RUN   TestPauseResumeReturnRecoveryRollbackFailure/resume
--- PASS: TestPauseResumeReturnRecoveryRollbackFailure (0.01s)
    --- PASS: TestPauseResumeReturnRecoveryRollbackFailure/pause (0.00s)
    --- PASS: TestPauseResumeReturnRecoveryRollbackFailure/resume (0.00s)
=== RUN   TestPauseResumeRepublishPriorStateAfterTransitionPersistenceFailure
=== RUN   TestPauseResumeRepublishPriorStateAfterTransitionPersistenceFailure/pause
=== RUN   TestPauseResumeRepublishPriorStateAfterTransitionPersistenceFailure/resume
--- PASS: TestPauseResumeRepublishPriorStateAfterTransitionPersistenceFailure (0.01s)
    --- PASS: TestPauseResumeRepublishPriorStateAfterTransitionPersistenceFailure/pause (0.00s)
    --- PASS: TestPauseResumeRepublishPriorStateAfterTransitionPersistenceFailure/resume (0.00s)
=== RUN   TestStatsReturnsGuestProcessGroupMetrics
--- PASS: TestStatsReturnsGuestProcessGroupMetrics (0.00s)
=== RUN   TestStatsRejectsAggregateOverflow
--- PASS: TestStatsRejectsAggregateOverflow (0.00s)
=== RUN   TestStatsRetriesLostGuestReply
--- PASS: TestStatsRetriesLostGuestReply (0.05s)
=== RUN   TestUpdateAndCheckpointAreExcludedWithoutMutation
--- PASS: TestUpdateAndCheckpointAreExcludedWithoutMutation (0.00s)
=== RUN   TestTaskEntryLockWaitHonorsCancellation
=== RUN   TestTaskEntryLockWaitHonorsCancellation/state
=== RUN   TestTaskEntryLockWaitHonorsCancellation/close-io
--- PASS: TestTaskEntryLockWaitHonorsCancellation (0.02s)
    --- PASS: TestTaskEntryLockWaitHonorsCancellation/state (0.01s)
    --- PASS: TestTaskEntryLockWaitHonorsCancellation/close-io (0.01s)
=== RUN   TestWaitPostExitLockHonorsCancellation
--- PASS: TestWaitPostExitLockHonorsCancellation (0.02s)
=== RUN   TestShutdownWaitsForEmptyOwnershipAndSealsService
--- PASS: TestShutdownWaitsForEmptyOwnershipAndSealsService (0.00s)
=== RUN   TestShutdownClosesHeldBundleIdentity
--- PASS: TestShutdownClosesHeldBundleIdentity (0.00s)
=== RUN   TestShutdownRetainsOwnershipUntilDurableEventsFlush
multikernel event publication deferred: injected publication failure
--- PASS: TestShutdownRetainsOwnershipUntilDurableEventsFlush (0.00s)
=== RUN   TestInitTaskAPIsExposeHostNamespaceHolderAndRetainGuestIdentity
--- PASS: TestInitTaskAPIsExposeHostNamespaceHolderAndRetainGuestIdentity (0.00s)
=== RUN   TestPauseResumeSignalsGuestAndPublishesTransitions
--- PASS: TestPauseResumeSignalsGuestAndPublishesTransitions (0.01s)
=== RUN   TestPauseRollsBackAlreadySignaledProcessOnPartialFailure
--- PASS: TestPauseRollsBackAlreadySignaledProcessOnPartialFailure (0.00s)
=== RUN   TestPauseResumeReturnRecoveryRollbackFailure
=== RUN   TestPauseResumeReturnRecoveryRollbackFailure/pause
=== RUN   TestPauseResumeReturnRecoveryRollbackFailure/resume
--- PASS: TestPauseResumeReturnRecoveryRollbackFailure (0.01s)
    --- PASS: TestPauseResumeReturnRecoveryRollbackFailure/pause (0.00s)
    --- PASS: TestPauseResumeReturnRecoveryRollbackFailure/resume (0.00s)
=== RUN   TestPauseResumeRepublishPriorStateAfterTransitionPersistenceFailure
=== RUN   TestPauseResumeRepublishPriorStateAfterTransitionPersistenceFailure/pause
=== RUN   TestPauseResumeRepublishPriorStateAfterTransitionPersistenceFailure/resume
--- PASS: TestPauseResumeRepublishPriorStateAfterTransitionPersistenceFailure (0.01s)
    --- PASS: TestPauseResumeRepublishPriorStateAfterTransitionPersistenceFailure/pause (0.00s)
    --- PASS: TestPauseResumeRepublishPriorStateAfterTransitionPersistenceFailure/resume (0.00s)
=== RUN   TestStatsReturnsGuestProcessGroupMetrics
--- PASS: TestStatsReturnsGuestProcessGroupMetrics (0.00s)
=== RUN   TestStatsRejectsAggregateOverflow
--- PASS: TestStatsRejectsAggregateOverflow (0.00s)
=== RUN   TestStatsRetriesLostGuestReply
--- PASS: TestStatsRetriesLostGuestReply (0.05s)
=== RUN   TestUpdateAndCheckpointAreExcludedWithoutMutation
--- PASS: TestUpdateAndCheckpointAreExcludedWithoutMutation (0.00s)
=== RUN   TestTaskEntryLockWaitHonorsCancellation
=== RUN   TestTaskEntryLockWaitHonorsCancellation/state
=== RUN   TestTaskEntryLockWaitHonorsCancellation/close-io
--- PASS: TestTaskEntryLockWaitHonorsCancellation (0.02s)
    --- PASS: TestTaskEntryLockWaitHonorsCancellation/state (0.01s)
    --- PASS: TestTaskEntryLockWaitHonorsCancellation/close-io (0.01s)
=== RUN   TestWaitPostExitLockHonorsCancellation
--- PASS: TestWaitPostExitLockHonorsCancellation (0.02s)
=== RUN   TestShutdownWaitsForEmptyOwnershipAndSealsService
--- PASS: TestShutdownWaitsForEmptyOwnershipAndSealsService (0.00s)
=== RUN   TestShutdownClosesHeldBundleIdentity
--- PASS: TestShutdownClosesHeldBundleIdentity (0.00s)
=== RUN   TestShutdownRetainsOwnershipUntilDurableEventsFlush
multikernel event publication deferred: injected publication failure
--- PASS: TestShutdownRetainsOwnershipUntilDurableEventsFlush (0.00s)
=== RUN   TestInitTaskAPIsExposeHostNamespaceHolderAndRetainGuestIdentity
--- PASS: TestInitTaskAPIsExposeHostNamespaceHolderAndRetainGuestIdentity (0.00s)
=== RUN   TestPauseResumeSignalsGuestAndPublishesTransitions
--- PASS: TestPauseResumeSignalsGuestAndPublishesTransitions (0.01s)
=== RUN   TestPauseRollsBackAlreadySignaledProcessOnPartialFailure
--- PASS: TestPauseRollsBackAlreadySignaledProcessOnPartialFailure (0.00s)
=== RUN   TestPauseResumeReturnRecoveryRollbackFailure
=== RUN   TestPauseResumeReturnRecoveryRollbackFailure/pause
=== RUN   TestPauseResumeReturnRecoveryRollbackFailure/resume
--- PASS: TestPauseResumeReturnRecoveryRollbackFailure (0.01s)
    --- PASS: TestPauseResumeReturnRecoveryRollbackFailure/pause (0.00s)
    --- PASS: TestPauseResumeReturnRecoveryRollbackFailure/resume (0.00s)
=== RUN   TestPauseResumeRepublishPriorStateAfterTransitionPersistenceFailure
=== RUN   TestPauseResumeRepublishPriorStateAfterTransitionPersistenceFailure/pause
=== RUN   TestPauseResumeRepublishPriorStateAfterTransitionPersistenceFailure/resume
--- PASS: TestPauseResumeRepublishPriorStateAfterTransitionPersistenceFailure (0.01s)
    --- PASS: TestPauseResumeRepublishPriorStateAfterTransitionPersistenceFailure/pause (0.00s)
    --- PASS: TestPauseResumeRepublishPriorStateAfterTransitionPersistenceFailure/resume (0.00s)
=== RUN   TestStatsReturnsGuestProcessGroupMetrics
--- PASS: TestStatsReturnsGuestProcessGroupMetrics (0.00s)
=== RUN   TestStatsRejectsAggregateOverflow
--- PASS: TestStatsRejectsAggregateOverflow (0.00s)
=== RUN   TestStatsRetriesLostGuestReply
--- PASS: TestStatsRetriesLostGuestReply (0.05s)
=== RUN   TestUpdateAndCheckpointAreExcludedWithoutMutation
--- PASS: TestUpdateAndCheckpointAreExcludedWithoutMutation (0.00s)
=== RUN   TestTaskEntryLockWaitHonorsCancellation
=== RUN   TestTaskEntryLockWaitHonorsCancellation/close-io
=== RUN   TestTaskEntryLockWaitHonorsCancellation/state
--- PASS: TestTaskEntryLockWaitHonorsCancellation (0.02s)
    --- PASS: TestTaskEntryLockWaitHonorsCancellation/close-io (0.01s)
    --- PASS: TestTaskEntryLockWaitHonorsCancellation/state (0.01s)
=== RUN   TestWaitPostExitLockHonorsCancellation
--- PASS: TestWaitPostExitLockHonorsCancellation (0.02s)
=== RUN   TestShutdownWaitsForEmptyOwnershipAndSealsService
--- PASS: TestShutdownWaitsForEmptyOwnershipAndSealsService (0.00s)
=== RUN   TestShutdownClosesHeldBundleIdentity
--- PASS: TestShutdownClosesHeldBundleIdentity (0.00s)
=== RUN   TestShutdownRetainsOwnershipUntilDurableEventsFlush
multikernel event publication deferred: injected publication failure
--- PASS: TestShutdownRetainsOwnershipUntilDurableEventsFlush (0.00s)
=== RUN   TestInitTaskAPIsExposeHostNamespaceHolderAndRetainGuestIdentity
--- PASS: TestInitTaskAPIsExposeHostNamespaceHolderAndRetainGuestIdentity (0.00s)
=== RUN   TestPauseResumeSignalsGuestAndPublishesTransitions
--- PASS: TestPauseResumeSignalsGuestAndPublishesTransitions (0.01s)
=== RUN   TestPauseRollsBackAlreadySignaledProcessOnPartialFailure
--- PASS: TestPauseRollsBackAlreadySignaledProcessOnPartialFailure (0.00s)
=== RUN   TestPauseResumeReturnRecoveryRollbackFailure
=== RUN   TestPauseResumeReturnRecoveryRollbackFailure/pause
=== RUN   TestPauseResumeReturnRecoveryRollbackFailure/resume
--- PASS: TestPauseResumeReturnRecoveryRollbackFailure (0.01s)
    --- PASS: TestPauseResumeReturnRecoveryRollbackFailure/pause (0.00s)
    --- PASS: TestPauseResumeReturnRecoveryRollbackFailure/resume (0.00s)
=== RUN   TestPauseResumeRepublishPriorStateAfterTransitionPersistenceFailure
=== RUN   TestPauseResumeRepublishPriorStateAfterTransitionPersistenceFailure/pause
=== RUN   TestPauseResumeRepublishPriorStateAfterTransitionPersistenceFailure/resume
--- PASS: TestPauseResumeRepublishPriorStateAfterTransitionPersistenceFailure (0.01s)
    --- PASS: TestPauseResumeRepublishPriorStateAfterTransitionPersistenceFailure/pause (0.00s)
    --- PASS: TestPauseResumeRepublishPriorStateAfterTransitionPersistenceFailure/resume (0.00s)
=== RUN   TestStatsReturnsGuestProcessGroupMetrics
--- PASS: TestStatsReturnsGuestProcessGroupMetrics (0.00s)
=== RUN   TestStatsRejectsAggregateOverflow
--- PASS: TestStatsRejectsAggregateOverflow (0.00s)
=== RUN   TestStatsRetriesLostGuestReply
--- PASS: TestStatsRetriesLostGuestReply (0.05s)
=== RUN   TestUpdateAndCheckpointAreExcludedWithoutMutation
--- PASS: TestUpdateAndCheckpointAreExcludedWithoutMutation (0.00s)
=== RUN   TestTaskEntryLockWaitHonorsCancellation
=== RUN   TestTaskEntryLockWaitHonorsCancellation/state
=== RUN   TestTaskEntryLockWaitHonorsCancellation/close-io
--- PASS: TestTaskEntryLockWaitHonorsCancellation (0.02s)
    --- PASS: TestTaskEntryLockWaitHonorsCancellation/state (0.01s)
    --- PASS: TestTaskEntryLockWaitHonorsCancellation/close-io (0.01s)
=== RUN   TestWaitPostExitLockHonorsCancellation
--- PASS: TestWaitPostExitLockHonorsCancellation (0.02s)
=== RUN   TestShutdownWaitsForEmptyOwnershipAndSealsService
--- PASS: TestShutdownWaitsForEmptyOwnershipAndSealsService (0.00s)
=== RUN   TestShutdownClosesHeldBundleIdentity
--- PASS: TestShutdownClosesHeldBundleIdentity (0.00s)
=== RUN   TestShutdownRetainsOwnershipUntilDurableEventsFlush
multikernel event publication deferred: injected publication failure
--- PASS: TestShutdownRetainsOwnershipUntilDurableEventsFlush (0.00s)
=== RUN   TestInitTaskAPIsExposeHostNamespaceHolderAndRetainGuestIdentity
--- PASS: TestInitTaskAPIsExposeHostNamespaceHolderAndRetainGuestIdentity (0.00s)
=== RUN   TestPauseResumeSignalsGuestAndPublishesTransitions
--- PASS: TestPauseResumeSignalsGuestAndPublishesTransitions (0.01s)
=== RUN   TestPauseRollsBackAlreadySignaledProcessOnPartialFailure
--- PASS: TestPauseRollsBackAlreadySignaledProcessOnPartialFailure (0.00s)
=== RUN   TestPauseResumeReturnRecoveryRollbackFailure
=== RUN   TestPauseResumeReturnRecoveryRollbackFailure/pause
=== RUN   TestPauseResumeReturnRecoveryRollbackFailure/resume
--- PASS: TestPauseResumeReturnRecoveryRollbackFailure (0.01s)
    --- PASS: TestPauseResumeReturnRecoveryRollbackFailure/pause (0.00s)
    --- PASS: TestPauseResumeReturnRecoveryRollbackFailure/resume (0.00s)
=== RUN   TestPauseResumeRepublishPriorStateAfterTransitionPersistenceFailure
=== RUN   TestPauseResumeRepublishPriorStateAfterTransitionPersistenceFailure/pause
=== RUN   TestPauseResumeRepublishPriorStateAfterTransitionPersistenceFailure/resume
--- PASS: TestPauseResumeRepublishPriorStateAfterTransitionPersistenceFailure (0.01s)
    --- PASS: TestPauseResumeRepublishPriorStateAfterTransitionPersistenceFailure/pause (0.00s)
    --- PASS: TestPauseResumeRepublishPriorStateAfterTransitionPersistenceFailure/resume (0.00s)
=== RUN   TestStatsReturnsGuestProcessGroupMetrics
--- PASS: TestStatsReturnsGuestProcessGroupMetrics (0.00s)
=== RUN   TestStatsRejectsAggregateOverflow
--- PASS: TestStatsRejectsAggregateOverflow (0.00s)
=== RUN   TestStatsRetriesLostGuestReply
--- PASS: TestStatsRetriesLostGuestReply (0.05s)
=== RUN   TestUpdateAndCheckpointAreExcludedWithoutMutation
--- PASS: TestUpdateAndCheckpointAreExcludedWithoutMutation (0.00s)
=== RUN   TestTaskEntryLockWaitHonorsCancellation
=== RUN   TestTaskEntryLockWaitHonorsCancellation/state
=== RUN   TestTaskEntryLockWaitHonorsCancellation/close-io
--- PASS: TestTaskEntryLockWaitHonorsCancellation (0.02s)
    --- PASS: TestTaskEntryLockWaitHonorsCancellation/state (0.01s)
    --- PASS: TestTaskEntryLockWaitHonorsCancellation/close-io (0.01s)
=== RUN   TestWaitPostExitLockHonorsCancellation
--- PASS: TestWaitPostExitLockHonorsCancellation (0.02s)
=== RUN   TestShutdownWaitsForEmptyOwnershipAndSealsService
--- PASS: TestShutdownWaitsForEmptyOwnershipAndSealsService (0.00s)
=== RUN   TestShutdownClosesHeldBundleIdentity
--- PASS: TestShutdownClosesHeldBundleIdentity (0.00s)
=== RUN   TestShutdownRetainsOwnershipUntilDurableEventsFlush
multikernel event publication deferred: injected publication failure
--- PASS: TestShutdownRetainsOwnershipUntilDurableEventsFlush (0.00s)
=== RUN   TestInitTaskAPIsExposeHostNamespaceHolderAndRetainGuestIdentity
--- PASS: TestInitTaskAPIsExposeHostNamespaceHolderAndRetainGuestIdentity (0.00s)
=== RUN   TestPauseResumeSignalsGuestAndPublishesTransitions
--- PASS: TestPauseResumeSignalsGuestAndPublishesTransitions (0.01s)
=== RUN   TestPauseRollsBackAlreadySignaledProcessOnPartialFailure
--- PASS: TestPauseRollsBackAlreadySignaledProcessOnPartialFailure (0.00s)
=== RUN   TestPauseResumeReturnRecoveryRollbackFailure
=== RUN   TestPauseResumeReturnRecoveryRollbackFailure/pause
=== RUN   TestPauseResumeReturnRecoveryRollbackFailure/resume
--- PASS: TestPauseResumeReturnRecoveryRollbackFailure (0.01s)
    --- PASS: TestPauseResumeReturnRecoveryRollbackFailure/pause (0.00s)
    --- PASS: TestPauseResumeReturnRecoveryRollbackFailure/resume (0.00s)
=== RUN   TestPauseResumeRepublishPriorStateAfterTransitionPersistenceFailure
=== RUN   TestPauseResumeRepublishPriorStateAfterTransitionPersistenceFailure/pause
=== RUN   TestPauseResumeRepublishPriorStateAfterTransitionPersistenceFailure/resume
--- PASS: TestPauseResumeRepublishPriorStateAfterTransitionPersistenceFailure (0.01s)
    --- PASS: TestPauseResumeRepublishPriorStateAfterTransitionPersistenceFailure/pause (0.00s)
    --- PASS: TestPauseResumeRepublishPriorStateAfterTransitionPersistenceFailure/resume (0.00s)
=== RUN   TestStatsReturnsGuestProcessGroupMetrics
--- PASS: TestStatsReturnsGuestProcessGroupMetrics (0.00s)
=== RUN   TestStatsRejectsAggregateOverflow
--- PASS: TestStatsRejectsAggregateOverflow (0.00s)
=== RUN   TestStatsRetriesLostGuestReply
--- PASS: TestStatsRetriesLostGuestReply (0.05s)
=== RUN   TestUpdateAndCheckpointAreExcludedWithoutMutation
--- PASS: TestUpdateAndCheckpointAreExcludedWithoutMutation (0.00s)
=== RUN   TestTaskEntryLockWaitHonorsCancellation
=== RUN   TestTaskEntryLockWaitHonorsCancellation/state
=== RUN   TestTaskEntryLockWaitHonorsCancellation/close-io
--- PASS: TestTaskEntryLockWaitHonorsCancellation (0.02s)
    --- PASS: TestTaskEntryLockWaitHonorsCancellation/state (0.01s)
    --- PASS: TestTaskEntryLockWaitHonorsCancellation/close-io (0.01s)
=== RUN   TestWaitPostExitLockHonorsCancellation
--- PASS: TestWaitPostExitLockHonorsCancellation (0.02s)
=== RUN   TestShutdownWaitsForEmptyOwnershipAndSealsService
--- PASS: TestShutdownWaitsForEmptyOwnershipAndSealsService (0.00s)
=== RUN   TestShutdownClosesHeldBundleIdentity
--- PASS: TestShutdownClosesHeldBundleIdentity (0.00s)
=== RUN   TestShutdownRetainsOwnershipUntilDurableEventsFlush
multikernel event publication deferred: injected publication failure
--- PASS: TestShutdownRetainsOwnershipUntilDurableEventsFlush (0.00s)
=== RUN   TestInitTaskAPIsExposeHostNamespaceHolderAndRetainGuestIdentity
--- PASS: TestInitTaskAPIsExposeHostNamespaceHolderAndRetainGuestIdentity (0.00s)
=== RUN   TestPauseResumeSignalsGuestAndPublishesTransitions
--- PASS: TestPauseResumeSignalsGuestAndPublishesTransitions (0.01s)
=== RUN   TestPauseRollsBackAlreadySignaledProcessOnPartialFailure
--- PASS: TestPauseRollsBackAlreadySignaledProcessOnPartialFailure (0.00s)
=== RUN   TestPauseResumeReturnRecoveryRollbackFailure
=== RUN   TestPauseResumeReturnRecoveryRollbackFailure/pause
=== RUN   TestPauseResumeReturnRecoveryRollbackFailure/resume
--- PASS: TestPauseResumeReturnRecoveryRollbackFailure (0.01s)
    --- PASS: TestPauseResumeReturnRecoveryRollbackFailure/pause (0.00s)
    --- PASS: TestPauseResumeReturnRecoveryRollbackFailure/resume (0.00s)
=== RUN   TestPauseResumeRepublishPriorStateAfterTransitionPersistenceFailure
=== RUN   TestPauseResumeRepublishPriorStateAfterTransitionPersistenceFailure/pause
=== RUN   TestPauseResumeRepublishPriorStateAfterTransitionPersistenceFailure/resume
--- PASS: TestPauseResumeRepublishPriorStateAfterTransitionPersistenceFailure (0.01s)
    --- PASS: TestPauseResumeRepublishPriorStateAfterTransitionPersistenceFailure/pause (0.00s)
    --- PASS: TestPauseResumeRepublishPriorStateAfterTransitionPersistenceFailure/resume (0.00s)
=== RUN   TestStatsReturnsGuestProcessGroupMetrics
--- PASS: TestStatsReturnsGuestProcessGroupMetrics (0.00s)
=== RUN   TestStatsRejectsAggregateOverflow
--- PASS: TestStatsRejectsAggregateOverflow (0.00s)
=== RUN   TestStatsRetriesLostGuestReply
--- PASS: TestStatsRetriesLostGuestReply (0.05s)
=== RUN   TestUpdateAndCheckpointAreExcludedWithoutMutation
--- PASS: TestUpdateAndCheckpointAreExcludedWithoutMutation (0.00s)
=== RUN   TestTaskEntryLockWaitHonorsCancellation
=== RUN   TestTaskEntryLockWaitHonorsCancellation/state
=== RUN   TestTaskEntryLockWaitHonorsCancellation/close-io
--- PASS: TestTaskEntryLockWaitHonorsCancellation (0.02s)
    --- PASS: TestTaskEntryLockWaitHonorsCancellation/state (0.01s)
    --- PASS: TestTaskEntryLockWaitHonorsCancellation/close-io (0.01s)
=== RUN   TestWaitPostExitLockHonorsCancellation
--- PASS: TestWaitPostExitLockHonorsCancellation (0.02s)
=== RUN   TestShutdownWaitsForEmptyOwnershipAndSealsService
--- PASS: TestShutdownWaitsForEmptyOwnershipAndSealsService (0.00s)
=== RUN   TestShutdownClosesHeldBundleIdentity
--- PASS: TestShutdownClosesHeldBundleIdentity (0.00s)
=== RUN   TestShutdownRetainsOwnershipUntilDurableEventsFlush
multikernel event publication deferred: injected publication failure
--- PASS: TestShutdownRetainsOwnershipUntilDurableEventsFlush (0.00s)
=== RUN   TestInitTaskAPIsExposeHostNamespaceHolderAndRetainGuestIdentity
--- PASS: TestInitTaskAPIsExposeHostNamespaceHolderAndRetainGuestIdentity (0.00s)
=== RUN   TestPauseResumeSignalsGuestAndPublishesTransitions
--- PASS: TestPauseResumeSignalsGuestAndPublishesTransitions (0.01s)
=== RUN   TestPauseRollsBackAlreadySignaledProcessOnPartialFailure
--- PASS: TestPauseRollsBackAlreadySignaledProcessOnPartialFailure (0.00s)
=== RUN   TestPauseResumeReturnRecoveryRollbackFailure
=== RUN   TestPauseResumeReturnRecoveryRollbackFailure/pause
=== RUN   TestPauseResumeReturnRecoveryRollbackFailure/resume
--- PASS: TestPauseResumeReturnRecoveryRollbackFailure (0.01s)
    --- PASS: TestPauseResumeReturnRecoveryRollbackFailure/pause (0.00s)
    --- PASS: TestPauseResumeReturnRecoveryRollbackFailure/resume (0.00s)
=== RUN   TestPauseResumeRepublishPriorStateAfterTransitionPersistenceFailure
=== RUN   TestPauseResumeRepublishPriorStateAfterTransitionPersistenceFailure/pause
=== RUN   TestPauseResumeRepublishPriorStateAfterTransitionPersistenceFailure/resume
--- PASS: TestPauseResumeRepublishPriorStateAfterTransitionPersistenceFailure (0.01s)
    --- PASS: TestPauseResumeRepublishPriorStateAfterTransitionPersistenceFailure/pause (0.00s)
    --- PASS: TestPauseResumeRepublishPriorStateAfterTransitionPersistenceFailure/resume (0.00s)
=== RUN   TestStatsReturnsGuestProcessGroupMetrics
--- PASS: TestStatsReturnsGuestProcessGroupMetrics (0.00s)
=== RUN   TestStatsRejectsAggregateOverflow
--- PASS: TestStatsRejectsAggregateOverflow (0.00s)
=== RUN   TestStatsRetriesLostGuestReply
--- PASS: TestStatsRetriesLostGuestReply (0.05s)
=== RUN   TestUpdateAndCheckpointAreExcludedWithoutMutation
--- PASS: TestUpdateAndCheckpointAreExcludedWithoutMutation (0.00s)
=== RUN   TestTaskEntryLockWaitHonorsCancellation
=== RUN   TestTaskEntryLockWaitHonorsCancellation/close-io
=== RUN   TestTaskEntryLockWaitHonorsCancellation/state
--- PASS: TestTaskEntryLockWaitHonorsCancellation (0.02s)
    --- PASS: TestTaskEntryLockWaitHonorsCancellation/close-io (0.01s)
    --- PASS: TestTaskEntryLockWaitHonorsCancellation/state (0.01s)
=== RUN   TestWaitPostExitLockHonorsCancellation
--- PASS: TestWaitPostExitLockHonorsCancellation (0.02s)
=== RUN   TestShutdownWaitsForEmptyOwnershipAndSealsService
--- PASS: TestShutdownWaitsForEmptyOwnershipAndSealsService (0.00s)
=== RUN   TestShutdownClosesHeldBundleIdentity
--- PASS: TestShutdownClosesHeldBundleIdentity (0.00s)
=== RUN   TestShutdownRetainsOwnershipUntilDurableEventsFlush
multikernel event publication deferred: injected publication failure
--- PASS: TestShutdownRetainsOwnershipUntilDurableEventsFlush (0.00s)
=== RUN   TestInitTaskAPIsExposeHostNamespaceHolderAndRetainGuestIdentity
--- PASS: TestInitTaskAPIsExposeHostNamespaceHolderAndRetainGuestIdentity (0.00s)
=== RUN   TestPauseResumeSignalsGuestAndPublishesTransitions
--- PASS: TestPauseResumeSignalsGuestAndPublishesTransitions (0.01s)
=== RUN   TestPauseRollsBackAlreadySignaledProcessOnPartialFailure
--- PASS: TestPauseRollsBackAlreadySignaledProcessOnPartialFailure (0.00s)
=== RUN   TestPauseResumeReturnRecoveryRollbackFailure
=== RUN   TestPauseResumeReturnRecoveryRollbackFailure/pause
=== RUN   TestPauseResumeReturnRecoveryRollbackFailure/resume
--- PASS: TestPauseResumeReturnRecoveryRollbackFailure (0.01s)
    --- PASS: TestPauseResumeReturnRecoveryRollbackFailure/pause (0.00s)
    --- PASS: TestPauseResumeReturnRecoveryRollbackFailure/resume (0.00s)
=== RUN   TestPauseResumeRepublishPriorStateAfterTransitionPersistenceFailure
=== RUN   TestPauseResumeRepublishPriorStateAfterTransitionPersistenceFailure/pause
=== RUN   TestPauseResumeRepublishPriorStateAfterTransitionPersistenceFailure/resume
--- PASS: TestPauseResumeRepublishPriorStateAfterTransitionPersistenceFailure (0.01s)
    --- PASS: TestPauseResumeRepublishPriorStateAfterTransitionPersistenceFailure/pause (0.00s)
    --- PASS: TestPauseResumeRepublishPriorStateAfterTransitionPersistenceFailure/resume (0.00s)
=== RUN   TestStatsReturnsGuestProcessGroupMetrics
--- PASS: TestStatsReturnsGuestProcessGroupMetrics (0.00s)
=== RUN   TestStatsRejectsAggregateOverflow
--- PASS: TestStatsRejectsAggregateOverflow (0.00s)
=== RUN   TestStatsRetriesLostGuestReply
--- PASS: TestStatsRetriesLostGuestReply (0.05s)
=== RUN   TestUpdateAndCheckpointAreExcludedWithoutMutation
--- PASS: TestUpdateAndCheckpointAreExcludedWithoutMutation (0.00s)
=== RUN   TestTaskEntryLockWaitHonorsCancellation
=== RUN   TestTaskEntryLockWaitHonorsCancellation/state
=== RUN   TestTaskEntryLockWaitHonorsCancellation/close-io
--- PASS: TestTaskEntryLockWaitHonorsCancellation (0.02s)
    --- PASS: TestTaskEntryLockWaitHonorsCancellation/state (0.01s)
    --- PASS: TestTaskEntryLockWaitHonorsCancellation/close-io (0.01s)
=== RUN   TestWaitPostExitLockHonorsCancellation
--- PASS: TestWaitPostExitLockHonorsCancellation (0.02s)
=== RUN   TestShutdownWaitsForEmptyOwnershipAndSealsService
--- PASS: TestShutdownWaitsForEmptyOwnershipAndSealsService (0.00s)
=== RUN   TestShutdownClosesHeldBundleIdentity
--- PASS: TestShutdownClosesHeldBundleIdentity (0.00s)
=== RUN   TestShutdownRetainsOwnershipUntilDurableEventsFlush
multikernel event publication deferred: injected publication failure
--- PASS: TestShutdownRetainsOwnershipUntilDurableEventsFlush (0.00s)
=== RUN   TestInitTaskAPIsExposeHostNamespaceHolderAndRetainGuestIdentity
--- PASS: TestInitTaskAPIsExposeHostNamespaceHolderAndRetainGuestIdentity (0.00s)
=== RUN   TestPauseResumeSignalsGuestAndPublishesTransitions
--- PASS: TestPauseResumeSignalsGuestAndPublishesTransitions (0.01s)
=== RUN   TestPauseRollsBackAlreadySignaledProcessOnPartialFailure
--- PASS: TestPauseRollsBackAlreadySignaledProcessOnPartialFailure (0.00s)
=== RUN   TestPauseResumeReturnRecoveryRollbackFailure
=== RUN   TestPauseResumeReturnRecoveryRollbackFailure/pause
=== RUN   TestPauseResumeReturnRecoveryRollbackFailure/resume
--- PASS: TestPauseResumeReturnRecoveryRollbackFailure (0.01s)
    --- PASS: TestPauseResumeReturnRecoveryRollbackFailure/pause (0.00s)
    --- PASS: TestPauseResumeReturnRecoveryRollbackFailure/resume (0.00s)
=== RUN   TestPauseResumeRepublishPriorStateAfterTransitionPersistenceFailure
=== RUN   TestPauseResumeRepublishPriorStateAfterTransitionPersistenceFailure/pause
=== RUN   TestPauseResumeRepublishPriorStateAfterTransitionPersistenceFailure/resume
--- PASS: TestPauseResumeRepublishPriorStateAfterTransitionPersistenceFailure (0.01s)
    --- PASS: TestPauseResumeRepublishPriorStateAfterTransitionPersistenceFailure/pause (0.00s)
    --- PASS: TestPauseResumeRepublishPriorStateAfterTransitionPersistenceFailure/resume (0.00s)
=== RUN   TestStatsReturnsGuestProcessGroupMetrics
--- PASS: TestStatsReturnsGuestProcessGroupMetrics (0.00s)
=== RUN   TestStatsRejectsAggregateOverflow
--- PASS: TestStatsRejectsAggregateOverflow (0.00s)
=== RUN   TestStatsRetriesLostGuestReply
--- PASS: TestStatsRetriesLostGuestReply (0.05s)
=== RUN   TestUpdateAndCheckpointAreExcludedWithoutMutation
--- PASS: TestUpdateAndCheckpointAreExcludedWithoutMutation (0.00s)
=== RUN   TestTaskEntryLockWaitHonorsCancellation
=== RUN   TestTaskEntryLockWaitHonorsCancellation/state
=== RUN   TestTaskEntryLockWaitHonorsCancellation/close-io
--- PASS: TestTaskEntryLockWaitHonorsCancellation (0.02s)
    --- PASS: TestTaskEntryLockWaitHonorsCancellation/state (0.01s)
    --- PASS: TestTaskEntryLockWaitHonorsCancellation/close-io (0.01s)
=== RUN   TestWaitPostExitLockHonorsCancellation
--- PASS: TestWaitPostExitLockHonorsCancellation (0.02s)
=== RUN   TestShutdownWaitsForEmptyOwnershipAndSealsService
--- PASS: TestShutdownWaitsForEmptyOwnershipAndSealsService (0.00s)
=== RUN   TestShutdownClosesHeldBundleIdentity
--- PASS: TestShutdownClosesHeldBundleIdentity (0.00s)
=== RUN   TestShutdownRetainsOwnershipUntilDurableEventsFlush
multikernel event publication deferred: injected publication failure
--- PASS: TestShutdownRetainsOwnershipUntilDurableEventsFlush (0.00s)
=== RUN   TestInitTaskAPIsExposeHostNamespaceHolderAndRetainGuestIdentity
--- PASS: TestInitTaskAPIsExposeHostNamespaceHolderAndRetainGuestIdentity (0.00s)
=== RUN   TestPauseResumeSignalsGuestAndPublishesTransitions
--- PASS: TestPauseResumeSignalsGuestAndPublishesTransitions (0.01s)
=== RUN   TestPauseRollsBackAlreadySignaledProcessOnPartialFailure
--- PASS: TestPauseRollsBackAlreadySignaledProcessOnPartialFailure (0.00s)
=== RUN   TestPauseResumeReturnRecoveryRollbackFailure
=== RUN   TestPauseResumeReturnRecoveryRollbackFailure/pause
=== RUN   TestPauseResumeReturnRecoveryRollbackFailure/resume
--- PASS: TestPauseResumeReturnRecoveryRollbackFailure (0.01s)
    --- PASS: TestPauseResumeReturnRecoveryRollbackFailure/pause (0.00s)
    --- PASS: TestPauseResumeReturnRecoveryRollbackFailure/resume (0.00s)
=== RUN   TestPauseResumeRepublishPriorStateAfterTransitionPersistenceFailure
=== RUN   TestPauseResumeRepublishPriorStateAfterTransitionPersistenceFailure/pause
=== RUN   TestPauseResumeRepublishPriorStateAfterTransitionPersistenceFailure/resume
--- PASS: TestPauseResumeRepublishPriorStateAfterTransitionPersistenceFailure (0.01s)
    --- PASS: TestPauseResumeRepublishPriorStateAfterTransitionPersistenceFailure/pause (0.00s)
    --- PASS: TestPauseResumeRepublishPriorStateAfterTransitionPersistenceFailure/resume (0.00s)
=== RUN   TestStatsReturnsGuestProcessGroupMetrics
--- PASS: TestStatsReturnsGuestProcessGroupMetrics (0.00s)
=== RUN   TestStatsRejectsAggregateOverflow
--- PASS: TestStatsRejectsAggregateOverflow (0.00s)
=== RUN   TestStatsRetriesLostGuestReply
--- PASS: TestStatsRetriesLostGuestReply (0.05s)
=== RUN   TestUpdateAndCheckpointAreExcludedWithoutMutation
--- PASS: TestUpdateAndCheckpointAreExcludedWithoutMutation (0.00s)
=== RUN   TestTaskEntryLockWaitHonorsCancellation
=== RUN   TestTaskEntryLockWaitHonorsCancellation/state
=== RUN   TestTaskEntryLockWaitHonorsCancellation/close-io
--- PASS: TestTaskEntryLockWaitHonorsCancellation (0.02s)
    --- PASS: TestTaskEntryLockWaitHonorsCancellation/state (0.01s)
    --- PASS: TestTaskEntryLockWaitHonorsCancellation/close-io (0.01s)
=== RUN   TestWaitPostExitLockHonorsCancellation
--- PASS: TestWaitPostExitLockHonorsCancellation (0.02s)
=== RUN   TestShutdownWaitsForEmptyOwnershipAndSealsService
--- PASS: TestShutdownWaitsForEmptyOwnershipAndSealsService (0.00s)
=== RUN   TestShutdownClosesHeldBundleIdentity
--- PASS: TestShutdownClosesHeldBundleIdentity (0.00s)
=== RUN   TestShutdownRetainsOwnershipUntilDurableEventsFlush
multikernel event publication deferred: injected publication failure
--- PASS: TestShutdownRetainsOwnershipUntilDurableEventsFlush (0.00s)
=== RUN   TestInitTaskAPIsExposeHostNamespaceHolderAndRetainGuestIdentity
--- PASS: TestInitTaskAPIsExposeHostNamespaceHolderAndRetainGuestIdentity (0.00s)
=== RUN   TestPauseResumeSignalsGuestAndPublishesTransitions
--- PASS: TestPauseResumeSignalsGuestAndPublishesTransitions (0.01s)
=== RUN   TestPauseRollsBackAlreadySignaledProcessOnPartialFailure
--- PASS: TestPauseRollsBackAlreadySignaledProcessOnPartialFailure (0.00s)
=== RUN   TestPauseResumeReturnRecoveryRollbackFailure
=== RUN   TestPauseResumeReturnRecoveryRollbackFailure/pause
=== RUN   TestPauseResumeReturnRecoveryRollbackFailure/resume
--- PASS: TestPauseResumeReturnRecoveryRollbackFailure (0.01s)
    --- PASS: TestPauseResumeReturnRecoveryRollbackFailure/pause (0.00s)
    --- PASS: TestPauseResumeReturnRecoveryRollbackFailure/resume (0.00s)
=== RUN   TestPauseResumeRepublishPriorStateAfterTransitionPersistenceFailure
=== RUN   TestPauseResumeRepublishPriorStateAfterTransitionPersistenceFailure/pause
=== RUN   TestPauseResumeRepublishPriorStateAfterTransitionPersistenceFailure/resume
--- PASS: TestPauseResumeRepublishPriorStateAfterTransitionPersistenceFailure (0.01s)
    --- PASS: TestPauseResumeRepublishPriorStateAfterTransitionPersistenceFailure/pause (0.00s)
    --- PASS: TestPauseResumeRepublishPriorStateAfterTransitionPersistenceFailure/resume (0.00s)
=== RUN   TestStatsReturnsGuestProcessGroupMetrics
--- PASS: TestStatsReturnsGuestProcessGroupMetrics (0.00s)
=== RUN   TestStatsRejectsAggregateOverflow
--- PASS: TestStatsRejectsAggregateOverflow (0.00s)
=== RUN   TestStatsRetriesLostGuestReply
--- PASS: TestStatsRetriesLostGuestReply (0.05s)
=== RUN   TestUpdateAndCheckpointAreExcludedWithoutMutation
--- PASS: TestUpdateAndCheckpointAreExcludedWithoutMutation (0.00s)
PASS
ok  	github.com/hairizuan/multikernel-linux-expt/runtime/cmd/containerd-shim-multikernel-v2	3.507s
+scripts/test-runtime-task-v2-exhaustive-vm.sh:35: grep -Fq -- '--- SKIP:' /var/tmp/tv2.ZsUOJA/control_read.log
+scripts/test-runtime-task-v2-exhaustive-vm.sh:36: grep -Fq 'WARNING: DATA RACE' /var/tmp/tv2.ZsUOJA/control_read.log
+scripts/test-runtime-task-v2-exhaustive-vm.sh:37: grep -Fq PASS /var/tmp/tv2.ZsUOJA/control_read.log
+scripts/test-runtime-task-v2-exhaustive-vm.sh:38: groups=3
+scripts/test-runtime-task-v2-exhaustive-vm.sh:39: total=67
+scripts/test-runtime-task-v2-exhaustive-vm.sh:40: observe control_read-result 'selected=14 iterations=20 skips=0 races=0 status=pass'
+scripts/test-runtime-task-v2-exhaustive-vm.sh:21: local key=control_read-result
+scripts/test-runtime-task-v2-exhaustive-vm.sh:21: shift
OBSERVATION_BEGIN key=control_read-result
selected=14 iterations=20 skips=0 races=0 status=pass
OBSERVATION_END key=control_read-result
+scripts/test-runtime-task-v2-exhaustive-vm.sh:21: printf 'OBSERVATION_BEGIN key=%s\n%s\nOBSERVATION_END key=%s\n' control_read-result 'selected=14 iterations=20 skips=0 races=0 status=pass' control_read-result
+scripts/test-runtime-task-v2-exhaustive-vm.sh:125: run_group delete_event_recovery TestEventJournalPreservesOrderAndReplaysAfterFailure TestEventJournalCompleteLifecycleOrderAndPersistenceFailureMatrix TestEventJournalRetriesWithoutAnotherLifecycleRequest TestEventJournalPersistenceFailurePrecedesPublication TestEventJournalAckFailureRetainsPublishedEventForReplay TestDeleteRepairsMissingExitEventBeforeDeleteEvent TestDeleteTreatsAuthenticatedGuestAbsenceAsIdempotentSuccess TestInitDeleteContinuesHostCleanupAfterGuestNetworkFailure TestInitDeleteAcceptsAlreadyReapedRelayAndAbsentSandboxOnRetry TestGuestShutdownRetriesQuiesceAndAcceptsLostTerminalReply TestGuestNetworkCloseRetriesLostReply TestGuestNetworkConfigurationRetriesLostReply TestGuestShutdownRejectsUnprovenOrAuthenticatedFailure TestDeleteRetainsRetryOwnershipAcrossGuestAndEventFailures TestRecoveryStatePersistsGenerationProcessesAndOffsetsAtomically TestRecoverExistingReconstructsExactSandboxProcessAndNetworkGeneration TestFallbackCleanupPropagatesStopFailureBeforeDelete TestFallbackCleanupPropagatesRootfsFailureAfterSandboxDelete TestFallbackCleanupRequiresHeldAndDaemonBundleIdentity TestFallbackCleanupRemovesAuthenticatedSocketWithoutRecovery
+scripts/test-runtime-task-v2-exhaustive-vm.sh:24: local name=delete_event_recovery
+scripts/test-runtime-task-v2-exhaustive-vm.sh:25: shift
+scripts/test-runtime-task-v2-exhaustive-vm.sh:26: tests=('TestEventJournalPreservesOrderAndReplaysAfterFailure' 'TestEventJournalCompleteLifecycleOrderAndPersistenceFailureMatrix' 'TestEventJournalRetriesWithoutAnotherLifecycleRequest' 'TestEventJournalPersistenceFailurePrecedesPublication' 'TestEventJournalAckFailureRetainsPublishedEventForReplay' 'TestDeleteRepairsMissingExitEventBeforeDeleteEvent' 'TestDeleteTreatsAuthenticatedGuestAbsenceAsIdempotentSuccess' 'TestInitDeleteContinuesHostCleanupAfterGuestNetworkFailure' 'TestInitDeleteAcceptsAlreadyReapedRelayAndAbsentSandboxOnRetry' 'TestGuestShutdownRetriesQuiesceAndAcceptsLostTerminalReply' 'TestGuestNetworkCloseRetriesLostReply' 'TestGuestNetworkConfigurationRetriesLostReply' 'TestGuestShutdownRejectsUnprovenOrAuthenticatedFailure' 'TestDeleteRetainsRetryOwnershipAcrossGuestAndEventFailures' 'TestRecoveryStatePersistsGenerationProcessesAndOffsetsAtomically' 'TestRecoverExistingReconstructsExactSandboxProcessAndNetworkGeneration' 'TestFallbackCleanupPropagatesStopFailureBeforeDelete' 'TestFallbackCleanupPropagatesRootfsFailureAfterSandboxDelete' 'TestFallbackCleanupRequiresHeldAndDaemonBundleIdentity' 'TestFallbackCleanupRemovesAuthenticatedSocketWithoutRecovery')
+scripts/test-runtime-task-v2-exhaustive-vm.sh:26: local tests regex listed output test_name
++scripts/test-runtime-task-v2-exhaustive-vm.sh:27: IFS='|'
++scripts/test-runtime-task-v2-exhaustive-vm.sh:27: printf '^(%s)$' 'TestEventJournalPreservesOrderAndReplaysAfterFailure|TestEventJournalCompleteLifecycleOrderAndPersistenceFailureMatrix|TestEventJournalRetriesWithoutAnotherLifecycleRequest|TestEventJournalPersistenceFailurePrecedesPublication|TestEventJournalAckFailureRetainsPublishedEventForReplay|TestDeleteRepairsMissingExitEventBeforeDeleteEvent|TestDeleteTreatsAuthenticatedGuestAbsenceAsIdempotentSuccess|TestInitDeleteContinuesHostCleanupAfterGuestNetworkFailure|TestInitDeleteAcceptsAlreadyReapedRelayAndAbsentSandboxOnRetry|TestGuestShutdownRetriesQuiesceAndAcceptsLostTerminalReply|TestGuestNetworkCloseRetriesLostReply|TestGuestNetworkConfigurationRetriesLostReply|TestGuestShutdownRejectsUnprovenOrAuthenticatedFailure|TestDeleteRetainsRetryOwnershipAcrossGuestAndEventFailures|TestRecoveryStatePersistsGenerationProcessesAndOffsetsAtomically|TestRecoverExistingReconstructsExactSandboxProcessAndNetworkGeneration|TestFallbackCleanupPropagatesStopFailureBeforeDelete|TestFallbackCleanupPropagatesRootfsFailureAfterSandboxDelete|TestFallbackCleanupRequiresHeldAndDaemonBundleIdentity|TestFallbackCleanupRemovesAuthenticatedSocketWithoutRecovery'
+scripts/test-runtime-task-v2-exhaustive-vm.sh:27: regex='^(TestEventJournalPreservesOrderAndReplaysAfterFailure|TestEventJournalCompleteLifecycleOrderAndPersistenceFailureMatrix|TestEventJournalRetriesWithoutAnotherLifecycleRequest|TestEventJournalPersistenceFailurePrecedesPublication|TestEventJournalAckFailureRetainsPublishedEventForReplay|TestDeleteRepairsMissingExitEventBeforeDeleteEvent|TestDeleteTreatsAuthenticatedGuestAbsenceAsIdempotentSuccess|TestInitDeleteContinuesHostCleanupAfterGuestNetworkFailure|TestInitDeleteAcceptsAlreadyReapedRelayAndAbsentSandboxOnRetry|TestGuestShutdownRetriesQuiesceAndAcceptsLostTerminalReply|TestGuestNetworkCloseRetriesLostReply|TestGuestNetworkConfigurationRetriesLostReply|TestGuestShutdownRejectsUnprovenOrAuthenticatedFailure|TestDeleteRetainsRetryOwnershipAcrossGuestAndEventFailures|TestRecoveryStatePersistsGenerationProcessesAndOffsetsAtomically|TestRecoverExistingReconstructsExactSandboxProcessAndNetworkGeneration|TestFallbackCleanupPropagatesStopFailureBeforeDelete|TestFallbackCleanupPropagatesRootfsFailureAfterSandboxDelete|TestFallbackCleanupRequiresHeldAndDaemonBundleIdentity|TestFallbackCleanupRemovesAuthenticatedSocketWithoutRecovery)$'
++scripts/test-runtime-task-v2-exhaustive-vm.sh:28: go test ./cmd/containerd-shim-multikernel-v2 -list '^(TestEventJournalPreservesOrderAndReplaysAfterFailure|TestEventJournalCompleteLifecycleOrderAndPersistenceFailureMatrix|TestEventJournalRetriesWithoutAnotherLifecycleRequest|TestEventJournalPersistenceFailurePrecedesPublication|TestEventJournalAckFailureRetainsPublishedEventForReplay|TestDeleteRepairsMissingExitEventBeforeDeleteEvent|TestDeleteTreatsAuthenticatedGuestAbsenceAsIdempotentSuccess|TestInitDeleteContinuesHostCleanupAfterGuestNetworkFailure|TestInitDeleteAcceptsAlreadyReapedRelayAndAbsentSandboxOnRetry|TestGuestShutdownRetriesQuiesceAndAcceptsLostTerminalReply|TestGuestNetworkCloseRetriesLostReply|TestGuestNetworkConfigurationRetriesLostReply|TestGuestShutdownRejectsUnprovenOrAuthenticatedFailure|TestDeleteRetainsRetryOwnershipAcrossGuestAndEventFailures|TestRecoveryStatePersistsGenerationProcessesAndOffsetsAtomically|TestRecoverExistingReconstructsExactSandboxProcessAndNetworkGeneration|TestFallbackCleanupPropagatesStopFailureBeforeDelete|TestFallbackCleanupPropagatesRootfsFailureAfterSandboxDelete|TestFallbackCleanupRequiresHeldAndDaemonBundleIdentity|TestFallbackCleanupRemovesAuthenticatedSocketWithoutRecovery)$'
++scripts/test-runtime-task-v2-exhaustive-vm.sh:28: awk '/^Test/ {print}'
+scripts/test-runtime-task-v2-exhaustive-vm.sh:28: listed=$'TestEventJournalPreservesOrderAndReplaysAfterFailure\nTestEventJournalCompleteLifecycleOrderAndPersistenceFailureMatrix\nTestEventJournalRetriesWithoutAnotherLifecycleRequest\nTestEventJournalPersistenceFailurePrecedesPublication\nTestEventJournalAckFailureRetainsPublishedEventForReplay\nTestDeleteRepairsMissingExitEventBeforeDeleteEvent\nTestDeleteTreatsAuthenticatedGuestAbsenceAsIdempotentSuccess\nTestInitDeleteContinuesHostCleanupAfterGuestNetworkFailure\nTestInitDeleteAcceptsAlreadyReapedRelayAndAbsentSandboxOnRetry\nTestGuestShutdownRetriesQuiesceAndAcceptsLostTerminalReply\nTestGuestNetworkCloseRetriesLostReply\nTestGuestNetworkConfigurationRetriesLostReply\nTestGuestShutdownRejectsUnprovenOrAuthenticatedFailure\nTestDeleteRetainsRetryOwnershipAcrossGuestAndEventFailures\nTestRecoveryStatePersistsGenerationProcessesAndOffsetsAtomically\nTestRecoverExistingReconstructsExactSandboxProcessAndNetworkGeneration\nTestFallbackCleanupPropagatesStopFailureBeforeDelete\nTestFallbackCleanupPropagatesRootfsFailureAfterSandboxDelete\nTestFallbackCleanupRequiresHeldAndDaemonBundleIdentity\nTestFallbackCleanupRemovesAuthenticatedSocketWithoutRecovery'
+scripts/test-runtime-task-v2-exhaustive-vm.sh:29: for test_name in "${tests[@]}"
+scripts/test-runtime-task-v2-exhaustive-vm.sh:29: grep -Fxq TestEventJournalPreservesOrderAndReplaysAfterFailure
+scripts/test-runtime-task-v2-exhaustive-vm.sh:29: for test_name in "${tests[@]}"
+scripts/test-runtime-task-v2-exhaustive-vm.sh:29: grep -Fxq TestEventJournalCompleteLifecycleOrderAndPersistenceFailureMatrix
+scripts/test-runtime-task-v2-exhaustive-vm.sh:29: for test_name in "${tests[@]}"
+scripts/test-runtime-task-v2-exhaustive-vm.sh:29: grep -Fxq TestEventJournalRetriesWithoutAnotherLifecycleRequest
+scripts/test-runtime-task-v2-exhaustive-vm.sh:29: for test_name in "${tests[@]}"
+scripts/test-runtime-task-v2-exhaustive-vm.sh:29: grep -Fxq TestEventJournalPersistenceFailurePrecedesPublication
+scripts/test-runtime-task-v2-exhaustive-vm.sh:29: for test_name in "${tests[@]}"
+scripts/test-runtime-task-v2-exhaustive-vm.sh:29: grep -Fxq TestEventJournalAckFailureRetainsPublishedEventForReplay
+scripts/test-runtime-task-v2-exhaustive-vm.sh:29: for test_name in "${tests[@]}"
+scripts/test-runtime-task-v2-exhaustive-vm.sh:29: grep -Fxq TestDeleteRepairsMissingExitEventBeforeDeleteEvent
+scripts/test-runtime-task-v2-exhaustive-vm.sh:29: for test_name in "${tests[@]}"
+scripts/test-runtime-task-v2-exhaustive-vm.sh:29: grep -Fxq TestDeleteTreatsAuthenticatedGuestAbsenceAsIdempotentSuccess
+scripts/test-runtime-task-v2-exhaustive-vm.sh:29: for test_name in "${tests[@]}"
+scripts/test-runtime-task-v2-exhaustive-vm.sh:29: grep -Fxq TestInitDeleteContinuesHostCleanupAfterGuestNetworkFailure
+scripts/test-runtime-task-v2-exhaustive-vm.sh:29: for test_name in "${tests[@]}"
+scripts/test-runtime-task-v2-exhaustive-vm.sh:29: grep -Fxq TestInitDeleteAcceptsAlreadyReapedRelayAndAbsentSandboxOnRetry
+scripts/test-runtime-task-v2-exhaustive-vm.sh:29: for test_name in "${tests[@]}"
+scripts/test-runtime-task-v2-exhaustive-vm.sh:29: grep -Fxq TestGuestShutdownRetriesQuiesceAndAcceptsLostTerminalReply
+scripts/test-runtime-task-v2-exhaustive-vm.sh:29: for test_name in "${tests[@]}"
+scripts/test-runtime-task-v2-exhaustive-vm.sh:29: grep -Fxq TestGuestNetworkCloseRetriesLostReply
+scripts/test-runtime-task-v2-exhaustive-vm.sh:29: for test_name in "${tests[@]}"
+scripts/test-runtime-task-v2-exhaustive-vm.sh:29: grep -Fxq TestGuestNetworkConfigurationRetriesLostReply
+scripts/test-runtime-task-v2-exhaustive-vm.sh:29: for test_name in "${tests[@]}"
+scripts/test-runtime-task-v2-exhaustive-vm.sh:29: grep -Fxq TestGuestShutdownRejectsUnprovenOrAuthenticatedFailure
+scripts/test-runtime-task-v2-exhaustive-vm.sh:29: for test_name in "${tests[@]}"
+scripts/test-runtime-task-v2-exhaustive-vm.sh:29: grep -Fxq TestDeleteRetainsRetryOwnershipAcrossGuestAndEventFailures
+scripts/test-runtime-task-v2-exhaustive-vm.sh:29: for test_name in "${tests[@]}"
+scripts/test-runtime-task-v2-exhaustive-vm.sh:29: grep -Fxq TestRecoveryStatePersistsGenerationProcessesAndOffsetsAtomically
+scripts/test-runtime-task-v2-exhaustive-vm.sh:29: for test_name in "${tests[@]}"
+scripts/test-runtime-task-v2-exhaustive-vm.sh:29: grep -Fxq TestRecoverExistingReconstructsExactSandboxProcessAndNetworkGeneration
+scripts/test-runtime-task-v2-exhaustive-vm.sh:29: for test_name in "${tests[@]}"
+scripts/test-runtime-task-v2-exhaustive-vm.sh:29: grep -Fxq TestFallbackCleanupPropagatesStopFailureBeforeDelete
OBSERVATION_BEGIN key=delete_event_recovery-selected-tests
package=./cmd/containerd-shim-multikernel-v2 iterations=20 count=20
TestEventJournalPreservesOrderAndReplaysAfterFailure
TestEventJournalCompleteLifecycleOrderAndPersistenceFailureMatrix
TestEventJournalRetriesWithoutAnotherLifecycleRequest
TestEventJournalPersistenceFailurePrecedesPublication
TestEventJournalAckFailureRetainsPublishedEventForReplay
TestDeleteRepairsMissingExitEventBeforeDeleteEvent
TestDeleteTreatsAuthenticatedGuestAbsenceAsIdempotentSuccess
TestInitDeleteContinuesHostCleanupAfterGuestNetworkFailure
TestInitDeleteAcceptsAlreadyReapedRelayAndAbsentSandboxOnRetry
TestGuestShutdownRetriesQuiesceAndAcceptsLostTerminalReply
TestGuestNetworkCloseRetriesLostReply
TestGuestNetworkConfigurationRetriesLostReply
TestGuestShutdownRejectsUnprovenOrAuthenticatedFailure
TestDeleteRetainsRetryOwnershipAcrossGuestAndEventFailures
TestRecoveryStatePersistsGenerationProcessesAndOffsetsAtomically
TestRecoverExistingReconstructsExactSandboxProcessAndNetworkGeneration
TestFallbackCleanupPropagatesStopFailureBeforeDelete
TestFallbackCleanupPropagatesRootfsFailureAfterSandboxDelete
TestFallbackCleanupRequiresHeldAndDaemonBundleIdentity
TestFallbackCleanupRemovesAuthenticatedSocketWithoutRecovery
OBSERVATION_END key=delete_event_recovery-selected-tests
+scripts/test-runtime-task-v2-exhaustive-vm.sh:29: for test_name in "${tests[@]}"
+scripts/test-runtime-task-v2-exhaustive-vm.sh:29: grep -Fxq TestFallbackCleanupPropagatesRootfsFailureAfterSandboxDelete
+scripts/test-runtime-task-v2-exhaustive-vm.sh:29: for test_name in "${tests[@]}"
+scripts/test-runtime-task-v2-exhaustive-vm.sh:29: grep -Fxq TestFallbackCleanupRequiresHeldAndDaemonBundleIdentity
+scripts/test-runtime-task-v2-exhaustive-vm.sh:29: for test_name in "${tests[@]}"
+scripts/test-runtime-task-v2-exhaustive-vm.sh:29: grep -Fxq TestFallbackCleanupRemovesAuthenticatedSocketWithoutRecovery
++scripts/test-runtime-task-v2-exhaustive-vm.sh:30: grep -c '^Test'
+scripts/test-runtime-task-v2-exhaustive-vm.sh:30: [[ 20 -eq 20 ]]
+scripts/test-runtime-task-v2-exhaustive-vm.sh:31: observe delete_event_recovery-selected-tests $'package=./cmd/containerd-shim-multikernel-v2 iterations=20 count=20\nTestEventJournalPreservesOrderAndReplaysAfterFailure\nTestEventJournalCompleteLifecycleOrderAndPersistenceFailureMatrix\nTestEventJournalRetriesWithoutAnotherLifecycleRequest\nTestEventJournalPersistenceFailurePrecedesPublication\nTestEventJournalAckFailureRetainsPublishedEventForReplay\nTestDeleteRepairsMissingExitEventBeforeDeleteEvent\nTestDeleteTreatsAuthenticatedGuestAbsenceAsIdempotentSuccess\nTestInitDeleteContinuesHostCleanupAfterGuestNetworkFailure\nTestInitDeleteAcceptsAlreadyReapedRelayAndAbsentSandboxOnRetry\nTestGuestShutdownRetriesQuiesceAndAcceptsLostTerminalReply\nTestGuestNetworkCloseRetriesLostReply\nTestGuestNetworkConfigurationRetriesLostReply\nTestGuestShutdownRejectsUnprovenOrAuthenticatedFailure\nTestDeleteRetainsRetryOwnershipAcrossGuestAndEventFailures\nTestRecoveryStatePersistsGenerationProcessesAndOffsetsAtomically\nTestRecoverExistingReconstructsExactSandboxProcessAndNetworkGeneration\nTestFallbackCleanupPropagatesStopFailureBeforeDelete\nTestFallbackCleanupPropagatesRootfsFailureAfterSandboxDelete\nTestFallbackCleanupRequiresHeldAndDaemonBundleIdentity\nTestFallbackCleanupRemovesAuthenticatedSocketWithoutRecovery'
+scripts/test-runtime-task-v2-exhaustive-vm.sh:21: local key=delete_event_recovery-selected-tests
+scripts/test-runtime-task-v2-exhaustive-vm.sh:21: shift
+scripts/test-runtime-task-v2-exhaustive-vm.sh:21: printf 'OBSERVATION_BEGIN key=%s\n%s\nOBSERVATION_END key=%s\n' delete_event_recovery-selected-tests $'package=./cmd/containerd-shim-multikernel-v2 iterations=20 count=20\nTestEventJournalPreservesOrderAndReplaysAfterFailure\nTestEventJournalCompleteLifecycleOrderAndPersistenceFailureMatrix\nTestEventJournalRetriesWithoutAnotherLifecycleRequest\nTestEventJournalPersistenceFailurePrecedesPublication\nTestEventJournalAckFailureRetainsPublishedEventForReplay\nTestDeleteRepairsMissingExitEventBeforeDeleteEvent\nTestDeleteTreatsAuthenticatedGuestAbsenceAsIdempotentSuccess\nTestInitDeleteContinuesHostCleanupAfterGuestNetworkFailure\nTestInitDeleteAcceptsAlreadyReapedRelayAndAbsentSandboxOnRetry\nTestGuestShutdownRetriesQuiesceAndAcceptsLostTerminalReply\nTestGuestNetworkCloseRetriesLostReply\nTestGuestNetworkConfigurationRetriesLostReply\nTestGuestShutdownRejectsUnprovenOrAuthenticatedFailure\nTestDeleteRetainsRetryOwnershipAcrossGuestAndEventFailures\nTestRecoveryStatePersistsGenerationProcessesAndOffsetsAtomically\nTestRecoverExistingReconstructsExactSandboxProcessAndNetworkGeneration\nTestFallbackCleanupPropagatesStopFailureBeforeDelete\nTestFallbackCleanupPropagatesRootfsFailureAfterSandboxDelete\nTestFallbackCleanupRequiresHeldAndDaemonBundleIdentity\nTestFallbackCleanupRemovesAuthenticatedSocketWithoutRecovery' delete_event_recovery-selected-tests
+scripts/test-runtime-task-v2-exhaustive-vm.sh:33: output=/var/tmp/tv2.ZsUOJA/delete_event_recovery.log
+scripts/test-runtime-task-v2-exhaustive-vm.sh:34: go test -race -count=20 -run '^(TestEventJournalPreservesOrderAndReplaysAfterFailure|TestEventJournalCompleteLifecycleOrderAndPersistenceFailureMatrix|TestEventJournalRetriesWithoutAnotherLifecycleRequest|TestEventJournalPersistenceFailurePrecedesPublication|TestEventJournalAckFailureRetainsPublishedEventForReplay|TestDeleteRepairsMissingExitEventBeforeDeleteEvent|TestDeleteTreatsAuthenticatedGuestAbsenceAsIdempotentSuccess|TestInitDeleteContinuesHostCleanupAfterGuestNetworkFailure|TestInitDeleteAcceptsAlreadyReapedRelayAndAbsentSandboxOnRetry|TestGuestShutdownRetriesQuiesceAndAcceptsLostTerminalReply|TestGuestNetworkCloseRetriesLostReply|TestGuestNetworkConfigurationRetriesLostReply|TestGuestShutdownRejectsUnprovenOrAuthenticatedFailure|TestDeleteRetainsRetryOwnershipAcrossGuestAndEventFailures|TestRecoveryStatePersistsGenerationProcessesAndOffsetsAtomically|TestRecoverExistingReconstructsExactSandboxProcessAndNetworkGeneration|TestFallbackCleanupPropagatesStopFailureBeforeDelete|TestFallbackCleanupPropagatesRootfsFailureAfterSandboxDelete|TestFallbackCleanupRequiresHeldAndDaemonBundleIdentity|TestFallbackCleanupRemovesAuthenticatedSocketWithoutRecovery)$' -v ./cmd/containerd-shim-multikernel-v2
+scripts/test-runtime-task-v2-exhaustive-vm.sh:34: tee /var/tmp/tv2.ZsUOJA/delete_event_recovery.log
=== RUN   TestEventJournalPreservesOrderAndReplaysAfterFailure
multikernel event publication deferred: injected publication failure
multikernel event publication deferred: injected publication failure
--- PASS: TestEventJournalPreservesOrderAndReplaysAfterFailure (0.01s)
=== RUN   TestEventJournalCompleteLifecycleOrderAndPersistenceFailureMatrix
multikernel event publication deferred: injected publication failure
multikernel event publication deferred: injected publication failure
multikernel event publication deferred: injected publication failure
multikernel event publication deferred: injected publication failure
multikernel event publication deferred: injected publication failure
multikernel event publication deferred: injected publication failure
=== RUN   TestEventJournalCompleteLifecycleOrderAndPersistenceFailureMatrix/create-persistence
=== RUN   TestEventJournalCompleteLifecycleOrderAndPersistenceFailureMatrix/start-persistence
=== RUN   TestEventJournalCompleteLifecycleOrderAndPersistenceFailureMatrix/exec-added-persistence
=== RUN   TestEventJournalCompleteLifecycleOrderAndPersistenceFailureMatrix/exec-started-persistence
=== RUN   TestEventJournalCompleteLifecycleOrderAndPersistenceFailureMatrix/exit-persistence
=== RUN   TestEventJournalCompleteLifecycleOrderAndPersistenceFailureMatrix/delete-persistence
--- PASS: TestEventJournalCompleteLifecycleOrderAndPersistenceFailureMatrix (0.02s)
    --- PASS: TestEventJournalCompleteLifecycleOrderAndPersistenceFailureMatrix/create-persistence (0.00s)
    --- PASS: TestEventJournalCompleteLifecycleOrderAndPersistenceFailureMatrix/start-persistence (0.00s)
    --- PASS: TestEventJournalCompleteLifecycleOrderAndPersistenceFailureMatrix/exec-added-persistence (0.00s)
    --- PASS: TestEventJournalCompleteLifecycleOrderAndPersistenceFailureMatrix/exec-started-persistence (0.00s)
    --- PASS: TestEventJournalCompleteLifecycleOrderAndPersistenceFailureMatrix/exit-persistence (0.00s)
    --- PASS: TestEventJournalCompleteLifecycleOrderAndPersistenceFailureMatrix/delete-persistence (0.00s)
=== RUN   TestEventJournalRetriesWithoutAnotherLifecycleRequest
multikernel event publication deferred: injected transient disconnect
--- PASS: TestEventJournalRetriesWithoutAnotherLifecycleRequest (0.01s)
=== RUN   TestEventJournalPersistenceFailurePrecedesPublication
--- PASS: TestEventJournalPersistenceFailurePrecedesPublication (0.00s)
=== RUN   TestEventJournalAckFailureRetainsPublishedEventForReplay
multikernel event publication deferred: injected publication failure
multikernel event publication deferred: injected publication failure
--- PASS: TestEventJournalAckFailureRetainsPublishedEventForReplay (0.00s)
=== RUN   TestDeleteRepairsMissingExitEventBeforeDeleteEvent
--- PASS: TestDeleteRepairsMissingExitEventBeforeDeleteEvent (0.01s)
=== RUN   TestDeleteTreatsAuthenticatedGuestAbsenceAsIdempotentSuccess
--- PASS: TestDeleteTreatsAuthenticatedGuestAbsenceAsIdempotentSuccess (0.00s)
=== RUN   TestInitDeleteContinuesHostCleanupAfterGuestNetworkFailure
multikernel shim: guest teardown completed through sandbox deletion with warnings: close guest network: injected guest network close failure
quiesce guest agent: unexpected status ""
--- PASS: TestInitDeleteContinuesHostCleanupAfterGuestNetworkFailure (0.00s)
=== RUN   TestInitDeleteAcceptsAlreadyReapedRelayAndAbsentSandboxOnRetry
--- PASS: TestInitDeleteAcceptsAlreadyReapedRelayAndAbsentSandboxOnRetry (0.00s)
=== RUN   TestGuestShutdownRetriesQuiesceAndAcceptsLostTerminalReply
--- PASS: TestGuestShutdownRetriesQuiesceAndAcceptsLostTerminalReply (0.05s)
=== RUN   TestGuestNetworkCloseRetriesLostReply
--- PASS: TestGuestNetworkCloseRetriesLostReply (0.05s)
=== RUN   TestGuestNetworkConfigurationRetriesLostReply
--- PASS: TestGuestNetworkConfigurationRetriesLostReply (0.05s)
=== RUN   TestGuestShutdownRejectsUnprovenOrAuthenticatedFailure
=== RUN   TestGuestShutdownRejectsUnprovenOrAuthenticatedFailure/invalid_quiesce_acknowledgement
=== RUN   TestGuestShutdownRejectsUnprovenOrAuthenticatedFailure/authenticated_shutdown_rejection
=== RUN   TestGuestShutdownRejectsUnprovenOrAuthenticatedFailure/cancellation_after_quiescence
--- PASS: TestGuestShutdownRejectsUnprovenOrAuthenticatedFailure (0.00s)
    --- PASS: TestGuestShutdownRejectsUnprovenOrAuthenticatedFailure/invalid_quiesce_acknowledgement (0.00s)
    --- PASS: TestGuestShutdownRejectsUnprovenOrAuthenticatedFailure/authenticated_shutdown_rejection (0.00s)
    --- PASS: TestGuestShutdownRejectsUnprovenOrAuthenticatedFailure/cancellation_after_quiescence (0.00s)
=== RUN   TestDeleteRetainsRetryOwnershipAcrossGuestAndEventFailures
multikernel event publication deferred: injected publication failure
--- PASS: TestDeleteRetainsRetryOwnershipAcrossGuestAndEventFailures (0.00s)
=== RUN   TestRecoveryStatePersistsGenerationProcessesAndOffsetsAtomically
--- PASS: TestRecoveryStatePersistsGenerationProcessesAndOffsetsAtomically (0.00s)
=== RUN   TestRecoverExistingReconstructsExactSandboxProcessAndNetworkGeneration
--- PASS: TestRecoverExistingReconstructsExactSandboxProcessAndNetworkGeneration (0.07s)
=== RUN   TestFallbackCleanupPropagatesStopFailureBeforeDelete
--- PASS: TestFallbackCleanupPropagatesStopFailureBeforeDelete (0.00s)
=== RUN   TestFallbackCleanupPropagatesRootfsFailureAfterSandboxDelete
--- PASS: TestFallbackCleanupPropagatesRootfsFailureAfterSandboxDelete (0.00s)
=== RUN   TestFallbackCleanupRequiresHeldAndDaemonBundleIdentity
=== RUN   TestFallbackCleanupRequiresHeldAndDaemonBundleIdentity/daemon_mismatch
=== RUN   TestFallbackCleanupRequiresHeldAndDaemonBundleIdentity/absent_sandbox_permits_identity-bound_rootfs_cleanup
=== RUN   TestFallbackCleanupRequiresHeldAndDaemonBundleIdentity/public_bundle_replacement
--- PASS: TestFallbackCleanupRequiresHeldAndDaemonBundleIdentity (0.00s)
    --- PASS: TestFallbackCleanupRequiresHeldAndDaemonBundleIdentity/daemon_mismatch (0.00s)
    --- PASS: TestFallbackCleanupRequiresHeldAndDaemonBundleIdentity/absent_sandbox_permits_identity-bound_rootfs_cleanup (0.00s)
    --- PASS: TestFallbackCleanupRequiresHeldAndDaemonBundleIdentity/public_bundle_replacement (0.00s)
=== RUN   TestFallbackCleanupRemovesAuthenticatedSocketWithoutRecovery
--- PASS: TestFallbackCleanupRemovesAuthenticatedSocketWithoutRecovery (0.00s)
=== RUN   TestEventJournalPreservesOrderAndReplaysAfterFailure
multikernel event publication deferred: injected publication failure
multikernel event publication deferred: injected publication failure
--- PASS: TestEventJournalPreservesOrderAndReplaysAfterFailure (0.01s)
=== RUN   TestEventJournalCompleteLifecycleOrderAndPersistenceFailureMatrix
multikernel event publication deferred: injected publication failure
multikernel event publication deferred: injected publication failure
multikernel event publication deferred: injected publication failure
multikernel event publication deferred: injected publication failure
multikernel event publication deferred: injected publication failure
multikernel event publication deferred: injected publication failure
=== RUN   TestEventJournalCompleteLifecycleOrderAndPersistenceFailureMatrix/create-persistence
=== RUN   TestEventJournalCompleteLifecycleOrderAndPersistenceFailureMatrix/start-persistence
=== RUN   TestEventJournalCompleteLifecycleOrderAndPersistenceFailureMatrix/exec-added-persistence
=== RUN   TestEventJournalCompleteLifecycleOrderAndPersistenceFailureMatrix/exec-started-persistence
=== RUN   TestEventJournalCompleteLifecycleOrderAndPersistenceFailureMatrix/exit-persistence
=== RUN   TestEventJournalCompleteLifecycleOrderAndPersistenceFailureMatrix/delete-persistence
--- PASS: TestEventJournalCompleteLifecycleOrderAndPersistenceFailureMatrix (0.02s)
    --- PASS: TestEventJournalCompleteLifecycleOrderAndPersistenceFailureMatrix/create-persistence (0.00s)
    --- PASS: TestEventJournalCompleteLifecycleOrderAndPersistenceFailureMatrix/start-persistence (0.00s)
    --- PASS: TestEventJournalCompleteLifecycleOrderAndPersistenceFailureMatrix/exec-added-persistence (0.00s)
    --- PASS: TestEventJournalCompleteLifecycleOrderAndPersistenceFailureMatrix/exec-started-persistence (0.00s)
    --- PASS: TestEventJournalCompleteLifecycleOrderAndPersistenceFailureMatrix/exit-persistence (0.00s)
    --- PASS: TestEventJournalCompleteLifecycleOrderAndPersistenceFailureMatrix/delete-persistence (0.00s)
=== RUN   TestEventJournalRetriesWithoutAnotherLifecycleRequest
multikernel event publication deferred: injected transient disconnect
--- PASS: TestEventJournalRetriesWithoutAnotherLifecycleRequest (0.01s)
=== RUN   TestEventJournalPersistenceFailurePrecedesPublication
--- PASS: TestEventJournalPersistenceFailurePrecedesPublication (0.00s)
=== RUN   TestEventJournalAckFailureRetainsPublishedEventForReplay
multikernel event publication deferred: injected publication failure
multikernel event publication deferred: injected publication failure
--- PASS: TestEventJournalAckFailureRetainsPublishedEventForReplay (0.00s)
=== RUN   TestDeleteRepairsMissingExitEventBeforeDeleteEvent
--- PASS: TestDeleteRepairsMissingExitEventBeforeDeleteEvent (0.01s)
=== RUN   TestDeleteTreatsAuthenticatedGuestAbsenceAsIdempotentSuccess
--- PASS: TestDeleteTreatsAuthenticatedGuestAbsenceAsIdempotentSuccess (0.00s)
=== RUN   TestInitDeleteContinuesHostCleanupAfterGuestNetworkFailure
multikernel shim: guest teardown completed through sandbox deletion with warnings: close guest network: injected guest network close failure
quiesce guest agent: unexpected status ""
--- PASS: TestInitDeleteContinuesHostCleanupAfterGuestNetworkFailure (0.00s)
=== RUN   TestInitDeleteAcceptsAlreadyReapedRelayAndAbsentSandboxOnRetry
--- PASS: TestInitDeleteAcceptsAlreadyReapedRelayAndAbsentSandboxOnRetry (0.00s)
=== RUN   TestGuestShutdownRetriesQuiesceAndAcceptsLostTerminalReply
--- PASS: TestGuestShutdownRetriesQuiesceAndAcceptsLostTerminalReply (0.05s)
=== RUN   TestGuestNetworkCloseRetriesLostReply
--- PASS: TestGuestNetworkCloseRetriesLostReply (0.05s)
=== RUN   TestGuestNetworkConfigurationRetriesLostReply
--- PASS: TestGuestNetworkConfigurationRetriesLostReply (0.05s)
=== RUN   TestGuestShutdownRejectsUnprovenOrAuthenticatedFailure
=== RUN   TestGuestShutdownRejectsUnprovenOrAuthenticatedFailure/invalid_quiesce_acknowledgement
=== RUN   TestGuestShutdownRejectsUnprovenOrAuthenticatedFailure/authenticated_shutdown_rejection
=== RUN   TestGuestShutdownRejectsUnprovenOrAuthenticatedFailure/cancellation_after_quiescence
--- PASS: TestGuestShutdownRejectsUnprovenOrAuthenticatedFailure (0.00s)
    --- PASS: TestGuestShutdownRejectsUnprovenOrAuthenticatedFailure/invalid_quiesce_acknowledgement (0.00s)
    --- PASS: TestGuestShutdownRejectsUnprovenOrAuthenticatedFailure/authenticated_shutdown_rejection (0.00s)
    --- PASS: TestGuestShutdownRejectsUnprovenOrAuthenticatedFailure/cancellation_after_quiescence (0.00s)
=== RUN   TestDeleteRetainsRetryOwnershipAcrossGuestAndEventFailures
multikernel event publication deferred: injected publication failure
--- PASS: TestDeleteRetainsRetryOwnershipAcrossGuestAndEventFailures (0.00s)
=== RUN   TestRecoveryStatePersistsGenerationProcessesAndOffsetsAtomically
--- PASS: TestRecoveryStatePersistsGenerationProcessesAndOffsetsAtomically (0.00s)
=== RUN   TestRecoverExistingReconstructsExactSandboxProcessAndNetworkGeneration
--- PASS: TestRecoverExistingReconstructsExactSandboxProcessAndNetworkGeneration (0.07s)
=== RUN   TestFallbackCleanupPropagatesStopFailureBeforeDelete
--- PASS: TestFallbackCleanupPropagatesStopFailureBeforeDelete (0.00s)
=== RUN   TestFallbackCleanupPropagatesRootfsFailureAfterSandboxDelete
--- PASS: TestFallbackCleanupPropagatesRootfsFailureAfterSandboxDelete (0.00s)
=== RUN   TestFallbackCleanupRequiresHeldAndDaemonBundleIdentity
=== RUN   TestFallbackCleanupRequiresHeldAndDaemonBundleIdentity/daemon_mismatch
=== RUN   TestFallbackCleanupRequiresHeldAndDaemonBundleIdentity/absent_sandbox_permits_identity-bound_rootfs_cleanup
=== RUN   TestFallbackCleanupRequiresHeldAndDaemonBundleIdentity/public_bundle_replacement
--- PASS: TestFallbackCleanupRequiresHeldAndDaemonBundleIdentity (0.00s)
    --- PASS: TestFallbackCleanupRequiresHeldAndDaemonBundleIdentity/daemon_mismatch (0.00s)
    --- PASS: TestFallbackCleanupRequiresHeldAndDaemonBundleIdentity/absent_sandbox_permits_identity-bound_rootfs_cleanup (0.00s)
    --- PASS: TestFallbackCleanupRequiresHeldAndDaemonBundleIdentity/public_bundle_replacement (0.00s)
=== RUN   TestFallbackCleanupRemovesAuthenticatedSocketWithoutRecovery
--- PASS: TestFallbackCleanupRemovesAuthenticatedSocketWithoutRecovery (0.00s)
=== RUN   TestEventJournalPreservesOrderAndReplaysAfterFailure
multikernel event publication deferred: injected publication failure
multikernel event publication deferred: injected publication failure
--- PASS: TestEventJournalPreservesOrderAndReplaysAfterFailure (0.01s)
=== RUN   TestEventJournalCompleteLifecycleOrderAndPersistenceFailureMatrix
multikernel event publication deferred: injected publication failure
multikernel event publication deferred: injected publication failure
multikernel event publication deferred: injected publication failure
multikernel event publication deferred: injected publication failure
multikernel event publication deferred: injected publication failure
multikernel event publication deferred: injected publication failure
=== RUN   TestEventJournalCompleteLifecycleOrderAndPersistenceFailureMatrix/create-persistence
=== RUN   TestEventJournalCompleteLifecycleOrderAndPersistenceFailureMatrix/start-persistence
=== RUN   TestEventJournalCompleteLifecycleOrderAndPersistenceFailureMatrix/exec-added-persistence
=== RUN   TestEventJournalCompleteLifecycleOrderAndPersistenceFailureMatrix/exec-started-persistence
=== RUN   TestEventJournalCompleteLifecycleOrderAndPersistenceFailureMatrix/exit-persistence
=== RUN   TestEventJournalCompleteLifecycleOrderAndPersistenceFailureMatrix/delete-persistence
--- PASS: TestEventJournalCompleteLifecycleOrderAndPersistenceFailureMatrix (0.03s)
    --- PASS: TestEventJournalCompleteLifecycleOrderAndPersistenceFailureMatrix/create-persistence (0.00s)
    --- PASS: TestEventJournalCompleteLifecycleOrderAndPersistenceFailureMatrix/start-persistence (0.00s)
    --- PASS: TestEventJournalCompleteLifecycleOrderAndPersistenceFailureMatrix/exec-added-persistence (0.00s)
    --- PASS: TestEventJournalCompleteLifecycleOrderAndPersistenceFailureMatrix/exec-started-persistence (0.00s)
    --- PASS: TestEventJournalCompleteLifecycleOrderAndPersistenceFailureMatrix/exit-persistence (0.00s)
    --- PASS: TestEventJournalCompleteLifecycleOrderAndPersistenceFailureMatrix/delete-persistence (0.00s)
=== RUN   TestEventJournalRetriesWithoutAnotherLifecycleRequest
multikernel event publication deferred: injected transient disconnect
--- PASS: TestEventJournalRetriesWithoutAnotherLifecycleRequest (0.01s)
=== RUN   TestEventJournalPersistenceFailurePrecedesPublication
--- PASS: TestEventJournalPersistenceFailurePrecedesPublication (0.00s)
=== RUN   TestEventJournalAckFailureRetainsPublishedEventForReplay
multikernel event publication deferred: injected publication failure
multikernel event publication deferred: injected publication failure
--- PASS: TestEventJournalAckFailureRetainsPublishedEventForReplay (0.00s)
=== RUN   TestDeleteRepairsMissingExitEventBeforeDeleteEvent
--- PASS: TestDeleteRepairsMissingExitEventBeforeDeleteEvent (0.01s)
=== RUN   TestDeleteTreatsAuthenticatedGuestAbsenceAsIdempotentSuccess
--- PASS: TestDeleteTreatsAuthenticatedGuestAbsenceAsIdempotentSuccess (0.00s)
=== RUN   TestInitDeleteContinuesHostCleanupAfterGuestNetworkFailure
multikernel shim: guest teardown completed through sandbox deletion with warnings: close guest network: injected guest network close failure
quiesce guest agent: unexpected status ""
--- PASS: TestInitDeleteContinuesHostCleanupAfterGuestNetworkFailure (0.00s)
=== RUN   TestInitDeleteAcceptsAlreadyReapedRelayAndAbsentSandboxOnRetry
--- PASS: TestInitDeleteAcceptsAlreadyReapedRelayAndAbsentSandboxOnRetry (0.00s)
=== RUN   TestGuestShutdownRetriesQuiesceAndAcceptsLostTerminalReply
--- PASS: TestGuestShutdownRetriesQuiesceAndAcceptsLostTerminalReply (0.05s)
=== RUN   TestGuestNetworkCloseRetriesLostReply
--- PASS: TestGuestNetworkCloseRetriesLostReply (0.05s)
=== RUN   TestGuestNetworkConfigurationRetriesLostReply
--- PASS: TestGuestNetworkConfigurationRetriesLostReply (0.05s)
=== RUN   TestGuestShutdownRejectsUnprovenOrAuthenticatedFailure
=== RUN   TestGuestShutdownRejectsUnprovenOrAuthenticatedFailure/invalid_quiesce_acknowledgement
=== RUN   TestGuestShutdownRejectsUnprovenOrAuthenticatedFailure/authenticated_shutdown_rejection
=== RUN   TestGuestShutdownRejectsUnprovenOrAuthenticatedFailure/cancellation_after_quiescence
--- PASS: TestGuestShutdownRejectsUnprovenOrAuthenticatedFailure (0.00s)
    --- PASS: TestGuestShutdownRejectsUnprovenOrAuthenticatedFailure/invalid_quiesce_acknowledgement (0.00s)
    --- PASS: TestGuestShutdownRejectsUnprovenOrAuthenticatedFailure/authenticated_shutdown_rejection (0.00s)
    --- PASS: TestGuestShutdownRejectsUnprovenOrAuthenticatedFailure/cancellation_after_quiescence (0.00s)
=== RUN   TestDeleteRetainsRetryOwnershipAcrossGuestAndEventFailures
multikernel event publication deferred: injected publication failure
--- PASS: TestDeleteRetainsRetryOwnershipAcrossGuestAndEventFailures (0.00s)
=== RUN   TestRecoveryStatePersistsGenerationProcessesAndOffsetsAtomically
--- PASS: TestRecoveryStatePersistsGenerationProcessesAndOffsetsAtomically (0.00s)
=== RUN   TestRecoverExistingReconstructsExactSandboxProcessAndNetworkGeneration
--- PASS: TestRecoverExistingReconstructsExactSandboxProcessAndNetworkGeneration (0.07s)
=== RUN   TestFallbackCleanupPropagatesStopFailureBeforeDelete
--- PASS: TestFallbackCleanupPropagatesStopFailureBeforeDelete (0.00s)
=== RUN   TestFallbackCleanupPropagatesRootfsFailureAfterSandboxDelete
--- PASS: TestFallbackCleanupPropagatesRootfsFailureAfterSandboxDelete (0.00s)
=== RUN   TestFallbackCleanupRequiresHeldAndDaemonBundleIdentity
=== RUN   TestFallbackCleanupRequiresHeldAndDaemonBundleIdentity/daemon_mismatch
=== RUN   TestFallbackCleanupRequiresHeldAndDaemonBundleIdentity/absent_sandbox_permits_identity-bound_rootfs_cleanup
=== RUN   TestFallbackCleanupRequiresHeldAndDaemonBundleIdentity/public_bundle_replacement
--- PASS: TestFallbackCleanupRequiresHeldAndDaemonBundleIdentity (0.00s)
    --- PASS: TestFallbackCleanupRequiresHeldAndDaemonBundleIdentity/daemon_mismatch (0.00s)
    --- PASS: TestFallbackCleanupRequiresHeldAndDaemonBundleIdentity/absent_sandbox_permits_identity-bound_rootfs_cleanup (0.00s)
    --- PASS: TestFallbackCleanupRequiresHeldAndDaemonBundleIdentity/public_bundle_replacement (0.00s)
=== RUN   TestFallbackCleanupRemovesAuthenticatedSocketWithoutRecovery
--- PASS: TestFallbackCleanupRemovesAuthenticatedSocketWithoutRecovery (0.00s)
=== RUN   TestEventJournalPreservesOrderAndReplaysAfterFailure
multikernel event publication deferred: injected publication failure
multikernel event publication deferred: injected publication failure
--- PASS: TestEventJournalPreservesOrderAndReplaysAfterFailure (0.01s)
=== RUN   TestEventJournalCompleteLifecycleOrderAndPersistenceFailureMatrix
multikernel event publication deferred: injected publication failure
multikernel event publication deferred: injected publication failure
multikernel event publication deferred: injected publication failure
multikernel event publication deferred: injected publication failure
multikernel event publication deferred: injected publication failure
multikernel event publication deferred: injected publication failure
=== RUN   TestEventJournalCompleteLifecycleOrderAndPersistenceFailureMatrix/create-persistence
=== RUN   TestEventJournalCompleteLifecycleOrderAndPersistenceFailureMatrix/start-persistence
=== RUN   TestEventJournalCompleteLifecycleOrderAndPersistenceFailureMatrix/exec-added-persistence
=== RUN   TestEventJournalCompleteLifecycleOrderAndPersistenceFailureMatrix/exec-started-persistence
=== RUN   TestEventJournalCompleteLifecycleOrderAndPersistenceFailureMatrix/exit-persistence
=== RUN   TestEventJournalCompleteLifecycleOrderAndPersistenceFailureMatrix/delete-persistence
--- PASS: TestEventJournalCompleteLifecycleOrderAndPersistenceFailureMatrix (0.03s)
    --- PASS: TestEventJournalCompleteLifecycleOrderAndPersistenceFailureMatrix/create-persistence (0.00s)
    --- PASS: TestEventJournalCompleteLifecycleOrderAndPersistenceFailureMatrix/start-persistence (0.00s)
    --- PASS: TestEventJournalCompleteLifecycleOrderAndPersistenceFailureMatrix/exec-added-persistence (0.00s)
    --- PASS: TestEventJournalCompleteLifecycleOrderAndPersistenceFailureMatrix/exec-started-persistence (0.00s)
    --- PASS: TestEventJournalCompleteLifecycleOrderAndPersistenceFailureMatrix/exit-persistence (0.00s)
    --- PASS: TestEventJournalCompleteLifecycleOrderAndPersistenceFailureMatrix/delete-persistence (0.00s)
=== RUN   TestEventJournalRetriesWithoutAnotherLifecycleRequest
multikernel event publication deferred: injected transient disconnect
--- PASS: TestEventJournalRetriesWithoutAnotherLifecycleRequest (0.01s)
=== RUN   TestEventJournalPersistenceFailurePrecedesPublication
--- PASS: TestEventJournalPersistenceFailurePrecedesPublication (0.00s)
=== RUN   TestEventJournalAckFailureRetainsPublishedEventForReplay
multikernel event publication deferred: injected publication failure
multikernel event publication deferred: injected publication failure
--- PASS: TestEventJournalAckFailureRetainsPublishedEventForReplay (0.00s)
=== RUN   TestDeleteRepairsMissingExitEventBeforeDeleteEvent
--- PASS: TestDeleteRepairsMissingExitEventBeforeDeleteEvent (0.01s)
=== RUN   TestDeleteTreatsAuthenticatedGuestAbsenceAsIdempotentSuccess
--- PASS: TestDeleteTreatsAuthenticatedGuestAbsenceAsIdempotentSuccess (0.00s)
=== RUN   TestInitDeleteContinuesHostCleanupAfterGuestNetworkFailure
multikernel shim: guest teardown completed through sandbox deletion with warnings: close guest network: injected guest network close failure
quiesce guest agent: unexpected status ""
--- PASS: TestInitDeleteContinuesHostCleanupAfterGuestNetworkFailure (0.00s)
=== RUN   TestInitDeleteAcceptsAlreadyReapedRelayAndAbsentSandboxOnRetry
--- PASS: TestInitDeleteAcceptsAlreadyReapedRelayAndAbsentSandboxOnRetry (0.00s)
=== RUN   TestGuestShutdownRetriesQuiesceAndAcceptsLostTerminalReply
--- PASS: TestGuestShutdownRetriesQuiesceAndAcceptsLostTerminalReply (0.05s)
=== RUN   TestGuestNetworkCloseRetriesLostReply
--- PASS: TestGuestNetworkCloseRetriesLostReply (0.05s)
=== RUN   TestGuestNetworkConfigurationRetriesLostReply
--- PASS: TestGuestNetworkConfigurationRetriesLostReply (0.05s)
=== RUN   TestGuestShutdownRejectsUnprovenOrAuthenticatedFailure
=== RUN   TestGuestShutdownRejectsUnprovenOrAuthenticatedFailure/invalid_quiesce_acknowledgement
=== RUN   TestGuestShutdownRejectsUnprovenOrAuthenticatedFailure/authenticated_shutdown_rejection
=== RUN   TestGuestShutdownRejectsUnprovenOrAuthenticatedFailure/cancellation_after_quiescence
--- PASS: TestGuestShutdownRejectsUnprovenOrAuthenticatedFailure (0.00s)
    --- PASS: TestGuestShutdownRejectsUnprovenOrAuthenticatedFailure/invalid_quiesce_acknowledgement (0.00s)
    --- PASS: TestGuestShutdownRejectsUnprovenOrAuthenticatedFailure/authenticated_shutdown_rejection (0.00s)
    --- PASS: TestGuestShutdownRejectsUnprovenOrAuthenticatedFailure/cancellation_after_quiescence (0.00s)
=== RUN   TestDeleteRetainsRetryOwnershipAcrossGuestAndEventFailures
multikernel event publication deferred: injected publication failure
--- PASS: TestDeleteRetainsRetryOwnershipAcrossGuestAndEventFailures (0.00s)
=== RUN   TestRecoveryStatePersistsGenerationProcessesAndOffsetsAtomically
--- PASS: TestRecoveryStatePersistsGenerationProcessesAndOffsetsAtomically (0.00s)
=== RUN   TestRecoverExistingReconstructsExactSandboxProcessAndNetworkGeneration
--- PASS: TestRecoverExistingReconstructsExactSandboxProcessAndNetworkGeneration (0.07s)
=== RUN   TestFallbackCleanupPropagatesStopFailureBeforeDelete
--- PASS: TestFallbackCleanupPropagatesStopFailureBeforeDelete (0.00s)
=== RUN   TestFallbackCleanupPropagatesRootfsFailureAfterSandboxDelete
--- PASS: TestFallbackCleanupPropagatesRootfsFailureAfterSandboxDelete (0.00s)
=== RUN   TestFallbackCleanupRequiresHeldAndDaemonBundleIdentity
=== RUN   TestFallbackCleanupRequiresHeldAndDaemonBundleIdentity/daemon_mismatch
=== RUN   TestFallbackCleanupRequiresHeldAndDaemonBundleIdentity/absent_sandbox_permits_identity-bound_rootfs_cleanup
=== RUN   TestFallbackCleanupRequiresHeldAndDaemonBundleIdentity/public_bundle_replacement
--- PASS: TestFallbackCleanupRequiresHeldAndDaemonBundleIdentity (0.00s)
    --- PASS: TestFallbackCleanupRequiresHeldAndDaemonBundleIdentity/daemon_mismatch (0.00s)
    --- PASS: TestFallbackCleanupRequiresHeldAndDaemonBundleIdentity/absent_sandbox_permits_identity-bound_rootfs_cleanup (0.00s)
    --- PASS: TestFallbackCleanupRequiresHeldAndDaemonBundleIdentity/public_bundle_replacement (0.00s)
=== RUN   TestFallbackCleanupRemovesAuthenticatedSocketWithoutRecovery
--- PASS: TestFallbackCleanupRemovesAuthenticatedSocketWithoutRecovery (0.00s)
=== RUN   TestEventJournalPreservesOrderAndReplaysAfterFailure
multikernel event publication deferred: injected publication failure
multikernel event publication deferred: injected publication failure
--- PASS: TestEventJournalPreservesOrderAndReplaysAfterFailure (0.01s)
=== RUN   TestEventJournalCompleteLifecycleOrderAndPersistenceFailureMatrix
multikernel event publication deferred: injected publication failure
multikernel event publication deferred: injected publication failure
multikernel event publication deferred: injected publication failure
multikernel event publication deferred: injected publication failure
multikernel event publication deferred: injected publication failure
multikernel event publication deferred: injected publication failure
=== RUN   TestEventJournalCompleteLifecycleOrderAndPersistenceFailureMatrix/create-persistence
=== RUN   TestEventJournalCompleteLifecycleOrderAndPersistenceFailureMatrix/start-persistence
=== RUN   TestEventJournalCompleteLifecycleOrderAndPersistenceFailureMatrix/exec-added-persistence
=== RUN   TestEventJournalCompleteLifecycleOrderAndPersistenceFailureMatrix/exec-started-persistence
=== RUN   TestEventJournalCompleteLifecycleOrderAndPersistenceFailureMatrix/exit-persistence
=== RUN   TestEventJournalCompleteLifecycleOrderAndPersistenceFailureMatrix/delete-persistence
--- PASS: TestEventJournalCompleteLifecycleOrderAndPersistenceFailureMatrix (0.03s)
    --- PASS: TestEventJournalCompleteLifecycleOrderAndPersistenceFailureMatrix/create-persistence (0.00s)
    --- PASS: TestEventJournalCompleteLifecycleOrderAndPersistenceFailureMatrix/start-persistence (0.00s)
    --- PASS: TestEventJournalCompleteLifecycleOrderAndPersistenceFailureMatrix/exec-added-persistence (0.00s)
    --- PASS: TestEventJournalCompleteLifecycleOrderAndPersistenceFailureMatrix/exec-started-persistence (0.00s)
    --- PASS: TestEventJournalCompleteLifecycleOrderAndPersistenceFailureMatrix/exit-persistence (0.00s)
    --- PASS: TestEventJournalCompleteLifecycleOrderAndPersistenceFailureMatrix/delete-persistence (0.00s)
=== RUN   TestEventJournalRetriesWithoutAnotherLifecycleRequest
multikernel event publication deferred: injected transient disconnect
--- PASS: TestEventJournalRetriesWithoutAnotherLifecycleRequest (0.01s)
=== RUN   TestEventJournalPersistenceFailurePrecedesPublication
--- PASS: TestEventJournalPersistenceFailurePrecedesPublication (0.00s)
=== RUN   TestEventJournalAckFailureRetainsPublishedEventForReplay
multikernel event publication deferred: injected publication failure
multikernel event publication deferred: injected publication failure
--- PASS: TestEventJournalAckFailureRetainsPublishedEventForReplay (0.00s)
=== RUN   TestDeleteRepairsMissingExitEventBeforeDeleteEvent
--- PASS: TestDeleteRepairsMissingExitEventBeforeDeleteEvent (0.01s)
=== RUN   TestDeleteTreatsAuthenticatedGuestAbsenceAsIdempotentSuccess
--- PASS: TestDeleteTreatsAuthenticatedGuestAbsenceAsIdempotentSuccess (0.00s)
=== RUN   TestInitDeleteContinuesHostCleanupAfterGuestNetworkFailure
multikernel shim: guest teardown completed through sandbox deletion with warnings: close guest network: injected guest network close failure
quiesce guest agent: unexpected status ""
--- PASS: TestInitDeleteContinuesHostCleanupAfterGuestNetworkFailure (0.00s)
=== RUN   TestInitDeleteAcceptsAlreadyReapedRelayAndAbsentSandboxOnRetry
--- PASS: TestInitDeleteAcceptsAlreadyReapedRelayAndAbsentSandboxOnRetry (0.00s)
=== RUN   TestGuestShutdownRetriesQuiesceAndAcceptsLostTerminalReply
--- PASS: TestGuestShutdownRetriesQuiesceAndAcceptsLostTerminalReply (0.05s)
=== RUN   TestGuestNetworkCloseRetriesLostReply
--- PASS: TestGuestNetworkCloseRetriesLostReply (0.05s)
=== RUN   TestGuestNetworkConfigurationRetriesLostReply
--- PASS: TestGuestNetworkConfigurationRetriesLostReply (0.05s)
=== RUN   TestGuestShutdownRejectsUnprovenOrAuthenticatedFailure
=== RUN   TestGuestShutdownRejectsUnprovenOrAuthenticatedFailure/invalid_quiesce_acknowledgement
=== RUN   TestGuestShutdownRejectsUnprovenOrAuthenticatedFailure/authenticated_shutdown_rejection
=== RUN   TestGuestShutdownRejectsUnprovenOrAuthenticatedFailure/cancellation_after_quiescence
--- PASS: TestGuestShutdownRejectsUnprovenOrAuthenticatedFailure (0.00s)
    --- PASS: TestGuestShutdownRejectsUnprovenOrAuthenticatedFailure/invalid_quiesce_acknowledgement (0.00s)
    --- PASS: TestGuestShutdownRejectsUnprovenOrAuthenticatedFailure/authenticated_shutdown_rejection (0.00s)
    --- PASS: TestGuestShutdownRejectsUnprovenOrAuthenticatedFailure/cancellation_after_quiescence (0.00s)
=== RUN   TestDeleteRetainsRetryOwnershipAcrossGuestAndEventFailures
multikernel event publication deferred: injected publication failure
--- PASS: TestDeleteRetainsRetryOwnershipAcrossGuestAndEventFailures (0.00s)
=== RUN   TestRecoveryStatePersistsGenerationProcessesAndOffsetsAtomically
--- PASS: TestRecoveryStatePersistsGenerationProcessesAndOffsetsAtomically (0.00s)
=== RUN   TestRecoverExistingReconstructsExactSandboxProcessAndNetworkGeneration
--- PASS: TestRecoverExistingReconstructsExactSandboxProcessAndNetworkGeneration (0.07s)
=== RUN   TestFallbackCleanupPropagatesStopFailureBeforeDelete
--- PASS: TestFallbackCleanupPropagatesStopFailureBeforeDelete (0.00s)
=== RUN   TestFallbackCleanupPropagatesRootfsFailureAfterSandboxDelete
--- PASS: TestFallbackCleanupPropagatesRootfsFailureAfterSandboxDelete (0.00s)
=== RUN   TestFallbackCleanupRequiresHeldAndDaemonBundleIdentity
=== RUN   TestFallbackCleanupRequiresHeldAndDaemonBundleIdentity/daemon_mismatch
=== RUN   TestFallbackCleanupRequiresHeldAndDaemonBundleIdentity/absent_sandbox_permits_identity-bound_rootfs_cleanup
=== RUN   TestFallbackCleanupRequiresHeldAndDaemonBundleIdentity/public_bundle_replacement
--- PASS: TestFallbackCleanupRequiresHeldAndDaemonBundleIdentity (0.00s)
    --- PASS: TestFallbackCleanupRequiresHeldAndDaemonBundleIdentity/daemon_mismatch (0.00s)
    --- PASS: TestFallbackCleanupRequiresHeldAndDaemonBundleIdentity/absent_sandbox_permits_identity-bound_rootfs_cleanup (0.00s)
    --- PASS: TestFallbackCleanupRequiresHeldAndDaemonBundleIdentity/public_bundle_replacement (0.00s)
=== RUN   TestFallbackCleanupRemovesAuthenticatedSocketWithoutRecovery
--- PASS: TestFallbackCleanupRemovesAuthenticatedSocketWithoutRecovery (0.00s)
=== RUN   TestEventJournalPreservesOrderAndReplaysAfterFailure
multikernel event publication deferred: injected publication failure
multikernel event publication deferred: injected publication failure
--- PASS: TestEventJournalPreservesOrderAndReplaysAfterFailure (0.01s)
=== RUN   TestEventJournalCompleteLifecycleOrderAndPersistenceFailureMatrix
multikernel event publication deferred: injected publication failure
multikernel event publication deferred: injected publication failure
multikernel event publication deferred: injected publication failure
multikernel event publication deferred: injected publication failure
multikernel event publication deferred: injected publication failure
multikernel event publication deferred: injected publication failure
=== RUN   TestEventJournalCompleteLifecycleOrderAndPersistenceFailureMatrix/create-persistence
=== RUN   TestEventJournalCompleteLifecycleOrderAndPersistenceFailureMatrix/start-persistence
=== RUN   TestEventJournalCompleteLifecycleOrderAndPersistenceFailureMatrix/exec-added-persistence
=== RUN   TestEventJournalCompleteLifecycleOrderAndPersistenceFailureMatrix/exec-started-persistence
=== RUN   TestEventJournalCompleteLifecycleOrderAndPersistenceFailureMatrix/exit-persistence
=== RUN   TestEventJournalCompleteLifecycleOrderAndPersistenceFailureMatrix/delete-persistence
--- PASS: TestEventJournalCompleteLifecycleOrderAndPersistenceFailureMatrix (0.02s)
    --- PASS: TestEventJournalCompleteLifecycleOrderAndPersistenceFailureMatrix/create-persistence (0.00s)
    --- PASS: TestEventJournalCompleteLifecycleOrderAndPersistenceFailureMatrix/start-persistence (0.00s)
    --- PASS: TestEventJournalCompleteLifecycleOrderAndPersistenceFailureMatrix/exec-added-persistence (0.00s)
    --- PASS: TestEventJournalCompleteLifecycleOrderAndPersistenceFailureMatrix/exec-started-persistence (0.00s)
    --- PASS: TestEventJournalCompleteLifecycleOrderAndPersistenceFailureMatrix/exit-persistence (0.00s)
    --- PASS: TestEventJournalCompleteLifecycleOrderAndPersistenceFailureMatrix/delete-persistence (0.00s)
=== RUN   TestEventJournalRetriesWithoutAnotherLifecycleRequest
multikernel event publication deferred: injected transient disconnect
--- PASS: TestEventJournalRetriesWithoutAnotherLifecycleRequest (0.01s)
=== RUN   TestEventJournalPersistenceFailurePrecedesPublication
--- PASS: TestEventJournalPersistenceFailurePrecedesPublication (0.00s)
=== RUN   TestEventJournalAckFailureRetainsPublishedEventForReplay
multikernel event publication deferred: injected publication failure
multikernel event publication deferred: injected publication failure
--- PASS: TestEventJournalAckFailureRetainsPublishedEventForReplay (0.00s)
=== RUN   TestDeleteRepairsMissingExitEventBeforeDeleteEvent
--- PASS: TestDeleteRepairsMissingExitEventBeforeDeleteEvent (0.01s)
=== RUN   TestDeleteTreatsAuthenticatedGuestAbsenceAsIdempotentSuccess
--- PASS: TestDeleteTreatsAuthenticatedGuestAbsenceAsIdempotentSuccess (0.00s)
=== RUN   TestInitDeleteContinuesHostCleanupAfterGuestNetworkFailure
multikernel shim: guest teardown completed through sandbox deletion with warnings: close guest network: injected guest network close failure
quiesce guest agent: unexpected status ""
--- PASS: TestInitDeleteContinuesHostCleanupAfterGuestNetworkFailure (0.00s)
=== RUN   TestInitDeleteAcceptsAlreadyReapedRelayAndAbsentSandboxOnRetry
--- PASS: TestInitDeleteAcceptsAlreadyReapedRelayAndAbsentSandboxOnRetry (0.00s)
=== RUN   TestGuestShutdownRetriesQuiesceAndAcceptsLostTerminalReply
--- PASS: TestGuestShutdownRetriesQuiesceAndAcceptsLostTerminalReply (0.05s)
=== RUN   TestGuestNetworkCloseRetriesLostReply
--- PASS: TestGuestNetworkCloseRetriesLostReply (0.05s)
=== RUN   TestGuestNetworkConfigurationRetriesLostReply
--- PASS: TestGuestNetworkConfigurationRetriesLostReply (0.05s)
=== RUN   TestGuestShutdownRejectsUnprovenOrAuthenticatedFailure
=== RUN   TestGuestShutdownRejectsUnprovenOrAuthenticatedFailure/invalid_quiesce_acknowledgement
=== RUN   TestGuestShutdownRejectsUnprovenOrAuthenticatedFailure/authenticated_shutdown_rejection
=== RUN   TestGuestShutdownRejectsUnprovenOrAuthenticatedFailure/cancellation_after_quiescence
--- PASS: TestGuestShutdownRejectsUnprovenOrAuthenticatedFailure (0.00s)
    --- PASS: TestGuestShutdownRejectsUnprovenOrAuthenticatedFailure/invalid_quiesce_acknowledgement (0.00s)
    --- PASS: TestGuestShutdownRejectsUnprovenOrAuthenticatedFailure/authenticated_shutdown_rejection (0.00s)
    --- PASS: TestGuestShutdownRejectsUnprovenOrAuthenticatedFailure/cancellation_after_quiescence (0.00s)
=== RUN   TestDeleteRetainsRetryOwnershipAcrossGuestAndEventFailures
multikernel event publication deferred: injected publication failure
--- PASS: TestDeleteRetainsRetryOwnershipAcrossGuestAndEventFailures (0.00s)
=== RUN   TestRecoveryStatePersistsGenerationProcessesAndOffsetsAtomically
--- PASS: TestRecoveryStatePersistsGenerationProcessesAndOffsetsAtomically (0.00s)
=== RUN   TestRecoverExistingReconstructsExactSandboxProcessAndNetworkGeneration
--- PASS: TestRecoverExistingReconstructsExactSandboxProcessAndNetworkGeneration (0.07s)
=== RUN   TestFallbackCleanupPropagatesStopFailureBeforeDelete
--- PASS: TestFallbackCleanupPropagatesStopFailureBeforeDelete (0.00s)
=== RUN   TestFallbackCleanupPropagatesRootfsFailureAfterSandboxDelete
--- PASS: TestFallbackCleanupPropagatesRootfsFailureAfterSandboxDelete (0.00s)
=== RUN   TestFallbackCleanupRequiresHeldAndDaemonBundleIdentity
=== RUN   TestFallbackCleanupRequiresHeldAndDaemonBundleIdentity/daemon_mismatch
=== RUN   TestFallbackCleanupRequiresHeldAndDaemonBundleIdentity/absent_sandbox_permits_identity-bound_rootfs_cleanup
=== RUN   TestFallbackCleanupRequiresHeldAndDaemonBundleIdentity/public_bundle_replacement
--- PASS: TestFallbackCleanupRequiresHeldAndDaemonBundleIdentity (0.00s)
    --- PASS: TestFallbackCleanupRequiresHeldAndDaemonBundleIdentity/daemon_mismatch (0.00s)
    --- PASS: TestFallbackCleanupRequiresHeldAndDaemonBundleIdentity/absent_sandbox_permits_identity-bound_rootfs_cleanup (0.00s)
    --- PASS: TestFallbackCleanupRequiresHeldAndDaemonBundleIdentity/public_bundle_replacement (0.00s)
=== RUN   TestFallbackCleanupRemovesAuthenticatedSocketWithoutRecovery
--- PASS: TestFallbackCleanupRemovesAuthenticatedSocketWithoutRecovery (0.00s)
=== RUN   TestEventJournalPreservesOrderAndReplaysAfterFailure
multikernel event publication deferred: injected publication failure
multikernel event publication deferred: injected publication failure
--- PASS: TestEventJournalPreservesOrderAndReplaysAfterFailure (0.01s)
=== RUN   TestEventJournalCompleteLifecycleOrderAndPersistenceFailureMatrix
multikernel event publication deferred: injected publication failure
multikernel event publication deferred: injected publication failure
multikernel event publication deferred: injected publication failure
multikernel event publication deferred: injected publication failure
multikernel event publication deferred: injected publication failure
multikernel event publication deferred: injected publication failure
=== RUN   TestEventJournalCompleteLifecycleOrderAndPersistenceFailureMatrix/create-persistence
=== RUN   TestEventJournalCompleteLifecycleOrderAndPersistenceFailureMatrix/start-persistence
=== RUN   TestEventJournalCompleteLifecycleOrderAndPersistenceFailureMatrix/exec-added-persistence
=== RUN   TestEventJournalCompleteLifecycleOrderAndPersistenceFailureMatrix/exec-started-persistence
=== RUN   TestEventJournalCompleteLifecycleOrderAndPersistenceFailureMatrix/exit-persistence
=== RUN   TestEventJournalCompleteLifecycleOrderAndPersistenceFailureMatrix/delete-persistence
--- PASS: TestEventJournalCompleteLifecycleOrderAndPersistenceFailureMatrix (0.02s)
    --- PASS: TestEventJournalCompleteLifecycleOrderAndPersistenceFailureMatrix/create-persistence (0.00s)
    --- PASS: TestEventJournalCompleteLifecycleOrderAndPersistenceFailureMatrix/start-persistence (0.00s)
    --- PASS: TestEventJournalCompleteLifecycleOrderAndPersistenceFailureMatrix/exec-added-persistence (0.00s)
    --- PASS: TestEventJournalCompleteLifecycleOrderAndPersistenceFailureMatrix/exec-started-persistence (0.00s)
    --- PASS: TestEventJournalCompleteLifecycleOrderAndPersistenceFailureMatrix/exit-persistence (0.00s)
    --- PASS: TestEventJournalCompleteLifecycleOrderAndPersistenceFailureMatrix/delete-persistence (0.00s)
=== RUN   TestEventJournalRetriesWithoutAnotherLifecycleRequest
multikernel event publication deferred: injected transient disconnect
--- PASS: TestEventJournalRetriesWithoutAnotherLifecycleRequest (0.01s)
=== RUN   TestEventJournalPersistenceFailurePrecedesPublication
--- PASS: TestEventJournalPersistenceFailurePrecedesPublication (0.00s)
=== RUN   TestEventJournalAckFailureRetainsPublishedEventForReplay
multikernel event publication deferred: injected publication failure
multikernel event publication deferred: injected publication failure
--- PASS: TestEventJournalAckFailureRetainsPublishedEventForReplay (0.00s)
=== RUN   TestDeleteRepairsMissingExitEventBeforeDeleteEvent
--- PASS: TestDeleteRepairsMissingExitEventBeforeDeleteEvent (0.01s)
=== RUN   TestDeleteTreatsAuthenticatedGuestAbsenceAsIdempotentSuccess
--- PASS: TestDeleteTreatsAuthenticatedGuestAbsenceAsIdempotentSuccess (0.00s)
=== RUN   TestInitDeleteContinuesHostCleanupAfterGuestNetworkFailure
multikernel shim: guest teardown completed through sandbox deletion with warnings: close guest network: injected guest network close failure
quiesce guest agent: unexpected status ""
--- PASS: TestInitDeleteContinuesHostCleanupAfterGuestNetworkFailure (0.00s)
=== RUN   TestInitDeleteAcceptsAlreadyReapedRelayAndAbsentSandboxOnRetry
--- PASS: TestInitDeleteAcceptsAlreadyReapedRelayAndAbsentSandboxOnRetry (0.00s)
=== RUN   TestGuestShutdownRetriesQuiesceAndAcceptsLostTerminalReply
--- PASS: TestGuestShutdownRetriesQuiesceAndAcceptsLostTerminalReply (0.05s)
=== RUN   TestGuestNetworkCloseRetriesLostReply
--- PASS: TestGuestNetworkCloseRetriesLostReply (0.05s)
=== RUN   TestGuestNetworkConfigurationRetriesLostReply
--- PASS: TestGuestNetworkConfigurationRetriesLostReply (0.05s)
=== RUN   TestGuestShutdownRejectsUnprovenOrAuthenticatedFailure
=== RUN   TestGuestShutdownRejectsUnprovenOrAuthenticatedFailure/invalid_quiesce_acknowledgement
=== RUN   TestGuestShutdownRejectsUnprovenOrAuthenticatedFailure/authenticated_shutdown_rejection
=== RUN   TestGuestShutdownRejectsUnprovenOrAuthenticatedFailure/cancellation_after_quiescence
--- PASS: TestGuestShutdownRejectsUnprovenOrAuthenticatedFailure (0.00s)
    --- PASS: TestGuestShutdownRejectsUnprovenOrAuthenticatedFailure/invalid_quiesce_acknowledgement (0.00s)
    --- PASS: TestGuestShutdownRejectsUnprovenOrAuthenticatedFailure/authenticated_shutdown_rejection (0.00s)
    --- PASS: TestGuestShutdownRejectsUnprovenOrAuthenticatedFailure/cancellation_after_quiescence (0.00s)
=== RUN   TestDeleteRetainsRetryOwnershipAcrossGuestAndEventFailures
multikernel event publication deferred: injected publication failure
--- PASS: TestDeleteRetainsRetryOwnershipAcrossGuestAndEventFailures (0.00s)
=== RUN   TestRecoveryStatePersistsGenerationProcessesAndOffsetsAtomically
--- PASS: TestRecoveryStatePersistsGenerationProcessesAndOffsetsAtomically (0.00s)
=== RUN   TestRecoverExistingReconstructsExactSandboxProcessAndNetworkGeneration
--- PASS: TestRecoverExistingReconstructsExactSandboxProcessAndNetworkGeneration (0.07s)
=== RUN   TestFallbackCleanupPropagatesStopFailureBeforeDelete
--- PASS: TestFallbackCleanupPropagatesStopFailureBeforeDelete (0.00s)
=== RUN   TestFallbackCleanupPropagatesRootfsFailureAfterSandboxDelete
--- PASS: TestFallbackCleanupPropagatesRootfsFailureAfterSandboxDelete (0.00s)
=== RUN   TestFallbackCleanupRequiresHeldAndDaemonBundleIdentity
=== RUN   TestFallbackCleanupRequiresHeldAndDaemonBundleIdentity/daemon_mismatch
=== RUN   TestFallbackCleanupRequiresHeldAndDaemonBundleIdentity/absent_sandbox_permits_identity-bound_rootfs_cleanup
=== RUN   TestFallbackCleanupRequiresHeldAndDaemonBundleIdentity/public_bundle_replacement
--- PASS: TestFallbackCleanupRequiresHeldAndDaemonBundleIdentity (0.00s)
    --- PASS: TestFallbackCleanupRequiresHeldAndDaemonBundleIdentity/daemon_mismatch (0.00s)
    --- PASS: TestFallbackCleanupRequiresHeldAndDaemonBundleIdentity/absent_sandbox_permits_identity-bound_rootfs_cleanup (0.00s)
    --- PASS: TestFallbackCleanupRequiresHeldAndDaemonBundleIdentity/public_bundle_replacement (0.00s)
=== RUN   TestFallbackCleanupRemovesAuthenticatedSocketWithoutRecovery
--- PASS: TestFallbackCleanupRemovesAuthenticatedSocketWithoutRecovery (0.00s)
=== RUN   TestEventJournalPreservesOrderAndReplaysAfterFailure
multikernel event publication deferred: injected publication failure
multikernel event publication deferred: injected publication failure
--- PASS: TestEventJournalPreservesOrderAndReplaysAfterFailure (0.01s)
=== RUN   TestEventJournalCompleteLifecycleOrderAndPersistenceFailureMatrix
multikernel event publication deferred: injected publication failure
multikernel event publication deferred: injected publication failure
multikernel event publication deferred: injected publication failure
multikernel event publication deferred: injected publication failure
multikernel event publication deferred: injected publication failure
multikernel event publication deferred: injected publication failure
=== RUN   TestEventJournalCompleteLifecycleOrderAndPersistenceFailureMatrix/create-persistence
=== RUN   TestEventJournalCompleteLifecycleOrderAndPersistenceFailureMatrix/start-persistence
=== RUN   TestEventJournalCompleteLifecycleOrderAndPersistenceFailureMatrix/exec-added-persistence
=== RUN   TestEventJournalCompleteLifecycleOrderAndPersistenceFailureMatrix/exec-started-persistence
=== RUN   TestEventJournalCompleteLifecycleOrderAndPersistenceFailureMatrix/exit-persistence
=== RUN   TestEventJournalCompleteLifecycleOrderAndPersistenceFailureMatrix/delete-persistence
--- PASS: TestEventJournalCompleteLifecycleOrderAndPersistenceFailureMatrix (0.03s)
    --- PASS: TestEventJournalCompleteLifecycleOrderAndPersistenceFailureMatrix/create-persistence (0.00s)
    --- PASS: TestEventJournalCompleteLifecycleOrderAndPersistenceFailureMatrix/start-persistence (0.00s)
    --- PASS: TestEventJournalCompleteLifecycleOrderAndPersistenceFailureMatrix/exec-added-persistence (0.00s)
    --- PASS: TestEventJournalCompleteLifecycleOrderAndPersistenceFailureMatrix/exec-started-persistence (0.00s)
    --- PASS: TestEventJournalCompleteLifecycleOrderAndPersistenceFailureMatrix/exit-persistence (0.00s)
    --- PASS: TestEventJournalCompleteLifecycleOrderAndPersistenceFailureMatrix/delete-persistence (0.00s)
=== RUN   TestEventJournalRetriesWithoutAnotherLifecycleRequest
multikernel event publication deferred: injected transient disconnect
--- PASS: TestEventJournalRetriesWithoutAnotherLifecycleRequest (0.01s)
=== RUN   TestEventJournalPersistenceFailurePrecedesPublication
--- PASS: TestEventJournalPersistenceFailurePrecedesPublication (0.00s)
=== RUN   TestEventJournalAckFailureRetainsPublishedEventForReplay
multikernel event publication deferred: injected publication failure
multikernel event publication deferred: injected publication failure
--- PASS: TestEventJournalAckFailureRetainsPublishedEventForReplay (0.00s)
=== RUN   TestDeleteRepairsMissingExitEventBeforeDeleteEvent
--- PASS: TestDeleteRepairsMissingExitEventBeforeDeleteEvent (0.01s)
=== RUN   TestDeleteTreatsAuthenticatedGuestAbsenceAsIdempotentSuccess
--- PASS: TestDeleteTreatsAuthenticatedGuestAbsenceAsIdempotentSuccess (0.00s)
=== RUN   TestInitDeleteContinuesHostCleanupAfterGuestNetworkFailure
multikernel shim: guest teardown completed through sandbox deletion with warnings: close guest network: injected guest network close failure
quiesce guest agent: unexpected status ""
--- PASS: TestInitDeleteContinuesHostCleanupAfterGuestNetworkFailure (0.00s)
=== RUN   TestInitDeleteAcceptsAlreadyReapedRelayAndAbsentSandboxOnRetry
--- PASS: TestInitDeleteAcceptsAlreadyReapedRelayAndAbsentSandboxOnRetry (0.00s)
=== RUN   TestGuestShutdownRetriesQuiesceAndAcceptsLostTerminalReply
--- PASS: TestGuestShutdownRetriesQuiesceAndAcceptsLostTerminalReply (0.05s)
=== RUN   TestGuestNetworkCloseRetriesLostReply
--- PASS: TestGuestNetworkCloseRetriesLostReply (0.05s)
=== RUN   TestGuestNetworkConfigurationRetriesLostReply
--- PASS: TestGuestNetworkConfigurationRetriesLostReply (0.05s)
=== RUN   TestGuestShutdownRejectsUnprovenOrAuthenticatedFailure
=== RUN   TestGuestShutdownRejectsUnprovenOrAuthenticatedFailure/invalid_quiesce_acknowledgement
=== RUN   TestGuestShutdownRejectsUnprovenOrAuthenticatedFailure/authenticated_shutdown_rejection
=== RUN   TestGuestShutdownRejectsUnprovenOrAuthenticatedFailure/cancellation_after_quiescence
--- PASS: TestGuestShutdownRejectsUnprovenOrAuthenticatedFailure (0.00s)
    --- PASS: TestGuestShutdownRejectsUnprovenOrAuthenticatedFailure/invalid_quiesce_acknowledgement (0.00s)
    --- PASS: TestGuestShutdownRejectsUnprovenOrAuthenticatedFailure/authenticated_shutdown_rejection (0.00s)
    --- PASS: TestGuestShutdownRejectsUnprovenOrAuthenticatedFailure/cancellation_after_quiescence (0.00s)
=== RUN   TestDeleteRetainsRetryOwnershipAcrossGuestAndEventFailures
multikernel event publication deferred: injected publication failure
--- PASS: TestDeleteRetainsRetryOwnershipAcrossGuestAndEventFailures (0.00s)
=== RUN   TestRecoveryStatePersistsGenerationProcessesAndOffsetsAtomically
--- PASS: TestRecoveryStatePersistsGenerationProcessesAndOffsetsAtomically (0.00s)
=== RUN   TestRecoverExistingReconstructsExactSandboxProcessAndNetworkGeneration
--- PASS: TestRecoverExistingReconstructsExactSandboxProcessAndNetworkGeneration (0.07s)
=== RUN   TestFallbackCleanupPropagatesStopFailureBeforeDelete
--- PASS: TestFallbackCleanupPropagatesStopFailureBeforeDelete (0.00s)
=== RUN   TestFallbackCleanupPropagatesRootfsFailureAfterSandboxDelete
--- PASS: TestFallbackCleanupPropagatesRootfsFailureAfterSandboxDelete (0.00s)
=== RUN   TestFallbackCleanupRequiresHeldAndDaemonBundleIdentity
=== RUN   TestFallbackCleanupRequiresHeldAndDaemonBundleIdentity/daemon_mismatch
=== RUN   TestFallbackCleanupRequiresHeldAndDaemonBundleIdentity/absent_sandbox_permits_identity-bound_rootfs_cleanup
=== RUN   TestFallbackCleanupRequiresHeldAndDaemonBundleIdentity/public_bundle_replacement
--- PASS: TestFallbackCleanupRequiresHeldAndDaemonBundleIdentity (0.00s)
    --- PASS: TestFallbackCleanupRequiresHeldAndDaemonBundleIdentity/daemon_mismatch (0.00s)
    --- PASS: TestFallbackCleanupRequiresHeldAndDaemonBundleIdentity/absent_sandbox_permits_identity-bound_rootfs_cleanup (0.00s)
    --- PASS: TestFallbackCleanupRequiresHeldAndDaemonBundleIdentity/public_bundle_replacement (0.00s)
=== RUN   TestFallbackCleanupRemovesAuthenticatedSocketWithoutRecovery
--- PASS: TestFallbackCleanupRemovesAuthenticatedSocketWithoutRecovery (0.00s)
=== RUN   TestEventJournalPreservesOrderAndReplaysAfterFailure
multikernel event publication deferred: injected publication failure
multikernel event publication deferred: injected publication failure
--- PASS: TestEventJournalPreservesOrderAndReplaysAfterFailure (0.01s)
=== RUN   TestEventJournalCompleteLifecycleOrderAndPersistenceFailureMatrix
multikernel event publication deferred: injected publication failure
multikernel event publication deferred: injected publication failure
multikernel event publication deferred: injected publication failure
multikernel event publication deferred: injected publication failure
multikernel event publication deferred: injected publication failure
multikernel event publication deferred: injected publication failure
=== RUN   TestEventJournalCompleteLifecycleOrderAndPersistenceFailureMatrix/create-persistence
=== RUN   TestEventJournalCompleteLifecycleOrderAndPersistenceFailureMatrix/start-persistence
=== RUN   TestEventJournalCompleteLifecycleOrderAndPersistenceFailureMatrix/exec-added-persistence
=== RUN   TestEventJournalCompleteLifecycleOrderAndPersistenceFailureMatrix/exec-started-persistence
=== RUN   TestEventJournalCompleteLifecycleOrderAndPersistenceFailureMatrix/exit-persistence
=== RUN   TestEventJournalCompleteLifecycleOrderAndPersistenceFailureMatrix/delete-persistence
--- PASS: TestEventJournalCompleteLifecycleOrderAndPersistenceFailureMatrix (0.02s)
    --- PASS: TestEventJournalCompleteLifecycleOrderAndPersistenceFailureMatrix/create-persistence (0.00s)
    --- PASS: TestEventJournalCompleteLifecycleOrderAndPersistenceFailureMatrix/start-persistence (0.00s)
    --- PASS: TestEventJournalCompleteLifecycleOrderAndPersistenceFailureMatrix/exec-added-persistence (0.00s)
    --- PASS: TestEventJournalCompleteLifecycleOrderAndPersistenceFailureMatrix/exec-started-persistence (0.00s)
    --- PASS: TestEventJournalCompleteLifecycleOrderAndPersistenceFailureMatrix/exit-persistence (0.00s)
    --- PASS: TestEventJournalCompleteLifecycleOrderAndPersistenceFailureMatrix/delete-persistence (0.00s)
=== RUN   TestEventJournalRetriesWithoutAnotherLifecycleRequest
multikernel event publication deferred: injected transient disconnect
--- PASS: TestEventJournalRetriesWithoutAnotherLifecycleRequest (0.01s)
=== RUN   TestEventJournalPersistenceFailurePrecedesPublication
--- PASS: TestEventJournalPersistenceFailurePrecedesPublication (0.00s)
=== RUN   TestEventJournalAckFailureRetainsPublishedEventForReplay
multikernel event publication deferred: injected publication failure
multikernel event publication deferred: injected publication failure
--- PASS: TestEventJournalAckFailureRetainsPublishedEventForReplay (0.00s)
=== RUN   TestDeleteRepairsMissingExitEventBeforeDeleteEvent
--- PASS: TestDeleteRepairsMissingExitEventBeforeDeleteEvent (0.01s)
=== RUN   TestDeleteTreatsAuthenticatedGuestAbsenceAsIdempotentSuccess
--- PASS: TestDeleteTreatsAuthenticatedGuestAbsenceAsIdempotentSuccess (0.00s)
=== RUN   TestInitDeleteContinuesHostCleanupAfterGuestNetworkFailure
multikernel shim: guest teardown completed through sandbox deletion with warnings: close guest network: injected guest network close failure
quiesce guest agent: unexpected status ""
--- PASS: TestInitDeleteContinuesHostCleanupAfterGuestNetworkFailure (0.00s)
=== RUN   TestInitDeleteAcceptsAlreadyReapedRelayAndAbsentSandboxOnRetry
--- PASS: TestInitDeleteAcceptsAlreadyReapedRelayAndAbsentSandboxOnRetry (0.00s)
=== RUN   TestGuestShutdownRetriesQuiesceAndAcceptsLostTerminalReply
--- PASS: TestGuestShutdownRetriesQuiesceAndAcceptsLostTerminalReply (0.05s)
=== RUN   TestGuestNetworkCloseRetriesLostReply
--- PASS: TestGuestNetworkCloseRetriesLostReply (0.05s)
=== RUN   TestGuestNetworkConfigurationRetriesLostReply
--- PASS: TestGuestNetworkConfigurationRetriesLostReply (0.05s)
=== RUN   TestGuestShutdownRejectsUnprovenOrAuthenticatedFailure
=== RUN   TestGuestShutdownRejectsUnprovenOrAuthenticatedFailure/invalid_quiesce_acknowledgement
=== RUN   TestGuestShutdownRejectsUnprovenOrAuthenticatedFailure/authenticated_shutdown_rejection
=== RUN   TestGuestShutdownRejectsUnprovenOrAuthenticatedFailure/cancellation_after_quiescence
--- PASS: TestGuestShutdownRejectsUnprovenOrAuthenticatedFailure (0.00s)
    --- PASS: TestGuestShutdownRejectsUnprovenOrAuthenticatedFailure/invalid_quiesce_acknowledgement (0.00s)
    --- PASS: TestGuestShutdownRejectsUnprovenOrAuthenticatedFailure/authenticated_shutdown_rejection (0.00s)
    --- PASS: TestGuestShutdownRejectsUnprovenOrAuthenticatedFailure/cancellation_after_quiescence (0.00s)
=== RUN   TestDeleteRetainsRetryOwnershipAcrossGuestAndEventFailures
multikernel event publication deferred: injected publication failure
--- PASS: TestDeleteRetainsRetryOwnershipAcrossGuestAndEventFailures (0.00s)
=== RUN   TestRecoveryStatePersistsGenerationProcessesAndOffsetsAtomically
--- PASS: TestRecoveryStatePersistsGenerationProcessesAndOffsetsAtomically (0.00s)
=== RUN   TestRecoverExistingReconstructsExactSandboxProcessAndNetworkGeneration
--- PASS: TestRecoverExistingReconstructsExactSandboxProcessAndNetworkGeneration (0.07s)
=== RUN   TestFallbackCleanupPropagatesStopFailureBeforeDelete
--- PASS: TestFallbackCleanupPropagatesStopFailureBeforeDelete (0.00s)
=== RUN   TestFallbackCleanupPropagatesRootfsFailureAfterSandboxDelete
--- PASS: TestFallbackCleanupPropagatesRootfsFailureAfterSandboxDelete (0.00s)
=== RUN   TestFallbackCleanupRequiresHeldAndDaemonBundleIdentity
=== RUN   TestFallbackCleanupRequiresHeldAndDaemonBundleIdentity/daemon_mismatch
=== RUN   TestFallbackCleanupRequiresHeldAndDaemonBundleIdentity/absent_sandbox_permits_identity-bound_rootfs_cleanup
=== RUN   TestFallbackCleanupRequiresHeldAndDaemonBundleIdentity/public_bundle_replacement
--- PASS: TestFallbackCleanupRequiresHeldAndDaemonBundleIdentity (0.00s)
    --- PASS: TestFallbackCleanupRequiresHeldAndDaemonBundleIdentity/daemon_mismatch (0.00s)
    --- PASS: TestFallbackCleanupRequiresHeldAndDaemonBundleIdentity/absent_sandbox_permits_identity-bound_rootfs_cleanup (0.00s)
    --- PASS: TestFallbackCleanupRequiresHeldAndDaemonBundleIdentity/public_bundle_replacement (0.00s)
=== RUN   TestFallbackCleanupRemovesAuthenticatedSocketWithoutRecovery
--- PASS: TestFallbackCleanupRemovesAuthenticatedSocketWithoutRecovery (0.00s)
=== RUN   TestEventJournalPreservesOrderAndReplaysAfterFailure
multikernel event publication deferred: injected publication failure
multikernel event publication deferred: injected publication failure
--- PASS: TestEventJournalPreservesOrderAndReplaysAfterFailure (0.01s)
=== RUN   TestEventJournalCompleteLifecycleOrderAndPersistenceFailureMatrix
multikernel event publication deferred: injected publication failure
multikernel event publication deferred: injected publication failure
multikernel event publication deferred: injected publication failure
multikernel event publication deferred: injected publication failure
multikernel event publication deferred: injected publication failure
multikernel event publication deferred: injected publication failure
=== RUN   TestEventJournalCompleteLifecycleOrderAndPersistenceFailureMatrix/create-persistence
=== RUN   TestEventJournalCompleteLifecycleOrderAndPersistenceFailureMatrix/start-persistence
=== RUN   TestEventJournalCompleteLifecycleOrderAndPersistenceFailureMatrix/exec-added-persistence
=== RUN   TestEventJournalCompleteLifecycleOrderAndPersistenceFailureMatrix/exec-started-persistence
=== RUN   TestEventJournalCompleteLifecycleOrderAndPersistenceFailureMatrix/exit-persistence
=== RUN   TestEventJournalCompleteLifecycleOrderAndPersistenceFailureMatrix/delete-persistence
--- PASS: TestEventJournalCompleteLifecycleOrderAndPersistenceFailureMatrix (0.02s)
    --- PASS: TestEventJournalCompleteLifecycleOrderAndPersistenceFailureMatrix/create-persistence (0.00s)
    --- PASS: TestEventJournalCompleteLifecycleOrderAndPersistenceFailureMatrix/start-persistence (0.00s)
    --- PASS: TestEventJournalCompleteLifecycleOrderAndPersistenceFailureMatrix/exec-added-persistence (0.00s)
    --- PASS: TestEventJournalCompleteLifecycleOrderAndPersistenceFailureMatrix/exec-started-persistence (0.00s)
    --- PASS: TestEventJournalCompleteLifecycleOrderAndPersistenceFailureMatrix/exit-persistence (0.00s)
    --- PASS: TestEventJournalCompleteLifecycleOrderAndPersistenceFailureMatrix/delete-persistence (0.00s)
=== RUN   TestEventJournalRetriesWithoutAnotherLifecycleRequest
multikernel event publication deferred: injected transient disconnect
--- PASS: TestEventJournalRetriesWithoutAnotherLifecycleRequest (0.01s)
=== RUN   TestEventJournalPersistenceFailurePrecedesPublication
--- PASS: TestEventJournalPersistenceFailurePrecedesPublication (0.00s)
=== RUN   TestEventJournalAckFailureRetainsPublishedEventForReplay
multikernel event publication deferred: injected publication failure
multikernel event publication deferred: injected publication failure
--- PASS: TestEventJournalAckFailureRetainsPublishedEventForReplay (0.00s)
=== RUN   TestDeleteRepairsMissingExitEventBeforeDeleteEvent
--- PASS: TestDeleteRepairsMissingExitEventBeforeDeleteEvent (0.01s)
=== RUN   TestDeleteTreatsAuthenticatedGuestAbsenceAsIdempotentSuccess
--- PASS: TestDeleteTreatsAuthenticatedGuestAbsenceAsIdempotentSuccess (0.00s)
=== RUN   TestInitDeleteContinuesHostCleanupAfterGuestNetworkFailure
multikernel shim: guest teardown completed through sandbox deletion with warnings: close guest network: injected guest network close failure
quiesce guest agent: unexpected status ""
--- PASS: TestInitDeleteContinuesHostCleanupAfterGuestNetworkFailure (0.00s)
=== RUN   TestInitDeleteAcceptsAlreadyReapedRelayAndAbsentSandboxOnRetry
--- PASS: TestInitDeleteAcceptsAlreadyReapedRelayAndAbsentSandboxOnRetry (0.00s)
=== RUN   TestGuestShutdownRetriesQuiesceAndAcceptsLostTerminalReply
--- PASS: TestGuestShutdownRetriesQuiesceAndAcceptsLostTerminalReply (0.05s)
=== RUN   TestGuestNetworkCloseRetriesLostReply
--- PASS: TestGuestNetworkCloseRetriesLostReply (0.05s)
=== RUN   TestGuestNetworkConfigurationRetriesLostReply
--- PASS: TestGuestNetworkConfigurationRetriesLostReply (0.05s)
=== RUN   TestGuestShutdownRejectsUnprovenOrAuthenticatedFailure
=== RUN   TestGuestShutdownRejectsUnprovenOrAuthenticatedFailure/invalid_quiesce_acknowledgement
=== RUN   TestGuestShutdownRejectsUnprovenOrAuthenticatedFailure/authenticated_shutdown_rejection
=== RUN   TestGuestShutdownRejectsUnprovenOrAuthenticatedFailure/cancellation_after_quiescence
--- PASS: TestGuestShutdownRejectsUnprovenOrAuthenticatedFailure (0.00s)
    --- PASS: TestGuestShutdownRejectsUnprovenOrAuthenticatedFailure/invalid_quiesce_acknowledgement (0.00s)
    --- PASS: TestGuestShutdownRejectsUnprovenOrAuthenticatedFailure/authenticated_shutdown_rejection (0.00s)
    --- PASS: TestGuestShutdownRejectsUnprovenOrAuthenticatedFailure/cancellation_after_quiescence (0.00s)
=== RUN   TestDeleteRetainsRetryOwnershipAcrossGuestAndEventFailures
multikernel event publication deferred: injected publication failure
--- PASS: TestDeleteRetainsRetryOwnershipAcrossGuestAndEventFailures (0.00s)
=== RUN   TestRecoveryStatePersistsGenerationProcessesAndOffsetsAtomically
--- PASS: TestRecoveryStatePersistsGenerationProcessesAndOffsetsAtomically (0.00s)
=== RUN   TestRecoverExistingReconstructsExactSandboxProcessAndNetworkGeneration
--- PASS: TestRecoverExistingReconstructsExactSandboxProcessAndNetworkGeneration (0.07s)
=== RUN   TestFallbackCleanupPropagatesStopFailureBeforeDelete
--- PASS: TestFallbackCleanupPropagatesStopFailureBeforeDelete (0.00s)
=== RUN   TestFallbackCleanupPropagatesRootfsFailureAfterSandboxDelete
--- PASS: TestFallbackCleanupPropagatesRootfsFailureAfterSandboxDelete (0.00s)
=== RUN   TestFallbackCleanupRequiresHeldAndDaemonBundleIdentity
=== RUN   TestFallbackCleanupRequiresHeldAndDaemonBundleIdentity/daemon_mismatch
=== RUN   TestFallbackCleanupRequiresHeldAndDaemonBundleIdentity/absent_sandbox_permits_identity-bound_rootfs_cleanup
=== RUN   TestFallbackCleanupRequiresHeldAndDaemonBundleIdentity/public_bundle_replacement
--- PASS: TestFallbackCleanupRequiresHeldAndDaemonBundleIdentity (0.00s)
    --- PASS: TestFallbackCleanupRequiresHeldAndDaemonBundleIdentity/daemon_mismatch (0.00s)
    --- PASS: TestFallbackCleanupRequiresHeldAndDaemonBundleIdentity/absent_sandbox_permits_identity-bound_rootfs_cleanup (0.00s)
    --- PASS: TestFallbackCleanupRequiresHeldAndDaemonBundleIdentity/public_bundle_replacement (0.00s)
=== RUN   TestFallbackCleanupRemovesAuthenticatedSocketWithoutRecovery
--- PASS: TestFallbackCleanupRemovesAuthenticatedSocketWithoutRecovery (0.00s)
=== RUN   TestEventJournalPreservesOrderAndReplaysAfterFailure
multikernel event publication deferred: injected publication failure
multikernel event publication deferred: injected publication failure
--- PASS: TestEventJournalPreservesOrderAndReplaysAfterFailure (0.01s)
=== RUN   TestEventJournalCompleteLifecycleOrderAndPersistenceFailureMatrix
multikernel event publication deferred: injected publication failure
multikernel event publication deferred: injected publication failure
multikernel event publication deferred: injected publication failure
multikernel event publication deferred: injected publication failure
multikernel event publication deferred: injected publication failure
multikernel event publication deferred: injected publication failure
=== RUN   TestEventJournalCompleteLifecycleOrderAndPersistenceFailureMatrix/create-persistence
=== RUN   TestEventJournalCompleteLifecycleOrderAndPersistenceFailureMatrix/start-persistence
=== RUN   TestEventJournalCompleteLifecycleOrderAndPersistenceFailureMatrix/exec-added-persistence
=== RUN   TestEventJournalCompleteLifecycleOrderAndPersistenceFailureMatrix/exec-started-persistence
=== RUN   TestEventJournalCompleteLifecycleOrderAndPersistenceFailureMatrix/exit-persistence
=== RUN   TestEventJournalCompleteLifecycleOrderAndPersistenceFailureMatrix/delete-persistence
--- PASS: TestEventJournalCompleteLifecycleOrderAndPersistenceFailureMatrix (0.02s)
    --- PASS: TestEventJournalCompleteLifecycleOrderAndPersistenceFailureMatrix/create-persistence (0.00s)
    --- PASS: TestEventJournalCompleteLifecycleOrderAndPersistenceFailureMatrix/start-persistence (0.00s)
    --- PASS: TestEventJournalCompleteLifecycleOrderAndPersistenceFailureMatrix/exec-added-persistence (0.00s)
    --- PASS: TestEventJournalCompleteLifecycleOrderAndPersistenceFailureMatrix/exec-started-persistence (0.00s)
    --- PASS: TestEventJournalCompleteLifecycleOrderAndPersistenceFailureMatrix/exit-persistence (0.00s)
    --- PASS: TestEventJournalCompleteLifecycleOrderAndPersistenceFailureMatrix/delete-persistence (0.00s)
=== RUN   TestEventJournalRetriesWithoutAnotherLifecycleRequest
multikernel event publication deferred: injected transient disconnect
--- PASS: TestEventJournalRetriesWithoutAnotherLifecycleRequest (0.01s)
=== RUN   TestEventJournalPersistenceFailurePrecedesPublication
--- PASS: TestEventJournalPersistenceFailurePrecedesPublication (0.00s)
=== RUN   TestEventJournalAckFailureRetainsPublishedEventForReplay
multikernel event publication deferred: injected publication failure
multikernel event publication deferred: injected publication failure
--- PASS: TestEventJournalAckFailureRetainsPublishedEventForReplay (0.00s)
=== RUN   TestDeleteRepairsMissingExitEventBeforeDeleteEvent
--- PASS: TestDeleteRepairsMissingExitEventBeforeDeleteEvent (0.01s)
=== RUN   TestDeleteTreatsAuthenticatedGuestAbsenceAsIdempotentSuccess
--- PASS: TestDeleteTreatsAuthenticatedGuestAbsenceAsIdempotentSuccess (0.00s)
=== RUN   TestInitDeleteContinuesHostCleanupAfterGuestNetworkFailure
multikernel shim: guest teardown completed through sandbox deletion with warnings: close guest network: injected guest network close failure
quiesce guest agent: unexpected status ""
--- PASS: TestInitDeleteContinuesHostCleanupAfterGuestNetworkFailure (0.00s)
=== RUN   TestInitDeleteAcceptsAlreadyReapedRelayAndAbsentSandboxOnRetry
--- PASS: TestInitDeleteAcceptsAlreadyReapedRelayAndAbsentSandboxOnRetry (0.00s)
=== RUN   TestGuestShutdownRetriesQuiesceAndAcceptsLostTerminalReply
--- PASS: TestGuestShutdownRetriesQuiesceAndAcceptsLostTerminalReply (0.05s)
=== RUN   TestGuestNetworkCloseRetriesLostReply
--- PASS: TestGuestNetworkCloseRetriesLostReply (0.05s)
=== RUN   TestGuestNetworkConfigurationRetriesLostReply
--- PASS: TestGuestNetworkConfigurationRetriesLostReply (0.05s)
=== RUN   TestGuestShutdownRejectsUnprovenOrAuthenticatedFailure
=== RUN   TestGuestShutdownRejectsUnprovenOrAuthenticatedFailure/invalid_quiesce_acknowledgement
=== RUN   TestGuestShutdownRejectsUnprovenOrAuthenticatedFailure/authenticated_shutdown_rejection
=== RUN   TestGuestShutdownRejectsUnprovenOrAuthenticatedFailure/cancellation_after_quiescence
--- PASS: TestGuestShutdownRejectsUnprovenOrAuthenticatedFailure (0.00s)
    --- PASS: TestGuestShutdownRejectsUnprovenOrAuthenticatedFailure/invalid_quiesce_acknowledgement (0.00s)
    --- PASS: TestGuestShutdownRejectsUnprovenOrAuthenticatedFailure/authenticated_shutdown_rejection (0.00s)
    --- PASS: TestGuestShutdownRejectsUnprovenOrAuthenticatedFailure/cancellation_after_quiescence (0.00s)
=== RUN   TestDeleteRetainsRetryOwnershipAcrossGuestAndEventFailures
multikernel event publication deferred: injected publication failure
--- PASS: TestDeleteRetainsRetryOwnershipAcrossGuestAndEventFailures (0.00s)
=== RUN   TestRecoveryStatePersistsGenerationProcessesAndOffsetsAtomically
--- PASS: TestRecoveryStatePersistsGenerationProcessesAndOffsetsAtomically (0.00s)
=== RUN   TestRecoverExistingReconstructsExactSandboxProcessAndNetworkGeneration
--- PASS: TestRecoverExistingReconstructsExactSandboxProcessAndNetworkGeneration (0.07s)
=== RUN   TestFallbackCleanupPropagatesStopFailureBeforeDelete
--- PASS: TestFallbackCleanupPropagatesStopFailureBeforeDelete (0.00s)
=== RUN   TestFallbackCleanupPropagatesRootfsFailureAfterSandboxDelete
--- PASS: TestFallbackCleanupPropagatesRootfsFailureAfterSandboxDelete (0.00s)
=== RUN   TestFallbackCleanupRequiresHeldAndDaemonBundleIdentity
=== RUN   TestFallbackCleanupRequiresHeldAndDaemonBundleIdentity/daemon_mismatch
=== RUN   TestFallbackCleanupRequiresHeldAndDaemonBundleIdentity/absent_sandbox_permits_identity-bound_rootfs_cleanup
=== RUN   TestFallbackCleanupRequiresHeldAndDaemonBundleIdentity/public_bundle_replacement
--- PASS: TestFallbackCleanupRequiresHeldAndDaemonBundleIdentity (0.00s)
    --- PASS: TestFallbackCleanupRequiresHeldAndDaemonBundleIdentity/daemon_mismatch (0.00s)
    --- PASS: TestFallbackCleanupRequiresHeldAndDaemonBundleIdentity/absent_sandbox_permits_identity-bound_rootfs_cleanup (0.00s)
    --- PASS: TestFallbackCleanupRequiresHeldAndDaemonBundleIdentity/public_bundle_replacement (0.00s)
=== RUN   TestFallbackCleanupRemovesAuthenticatedSocketWithoutRecovery
--- PASS: TestFallbackCleanupRemovesAuthenticatedSocketWithoutRecovery (0.00s)
=== RUN   TestEventJournalPreservesOrderAndReplaysAfterFailure
multikernel event publication deferred: injected publication failure
multikernel event publication deferred: injected publication failure
--- PASS: TestEventJournalPreservesOrderAndReplaysAfterFailure (0.01s)
=== RUN   TestEventJournalCompleteLifecycleOrderAndPersistenceFailureMatrix
multikernel event publication deferred: injected publication failure
multikernel event publication deferred: injected publication failure
multikernel event publication deferred: injected publication failure
multikernel event publication deferred: injected publication failure
multikernel event publication deferred: injected publication failure
multikernel event publication deferred: injected publication failure
=== RUN   TestEventJournalCompleteLifecycleOrderAndPersistenceFailureMatrix/create-persistence
=== RUN   TestEventJournalCompleteLifecycleOrderAndPersistenceFailureMatrix/start-persistence
=== RUN   TestEventJournalCompleteLifecycleOrderAndPersistenceFailureMatrix/exec-added-persistence
=== RUN   TestEventJournalCompleteLifecycleOrderAndPersistenceFailureMatrix/exec-started-persistence
=== RUN   TestEventJournalCompleteLifecycleOrderAndPersistenceFailureMatrix/exit-persistence
=== RUN   TestEventJournalCompleteLifecycleOrderAndPersistenceFailureMatrix/delete-persistence
--- PASS: TestEventJournalCompleteLifecycleOrderAndPersistenceFailureMatrix (0.02s)
    --- PASS: TestEventJournalCompleteLifecycleOrderAndPersistenceFailureMatrix/create-persistence (0.00s)
    --- PASS: TestEventJournalCompleteLifecycleOrderAndPersistenceFailureMatrix/start-persistence (0.00s)
    --- PASS: TestEventJournalCompleteLifecycleOrderAndPersistenceFailureMatrix/exec-added-persistence (0.00s)
    --- PASS: TestEventJournalCompleteLifecycleOrderAndPersistenceFailureMatrix/exec-started-persistence (0.00s)
    --- PASS: TestEventJournalCompleteLifecycleOrderAndPersistenceFailureMatrix/exit-persistence (0.00s)
    --- PASS: TestEventJournalCompleteLifecycleOrderAndPersistenceFailureMatrix/delete-persistence (0.00s)
=== RUN   TestEventJournalRetriesWithoutAnotherLifecycleRequest
multikernel event publication deferred: injected transient disconnect
--- PASS: TestEventJournalRetriesWithoutAnotherLifecycleRequest (0.01s)
=== RUN   TestEventJournalPersistenceFailurePrecedesPublication
--- PASS: TestEventJournalPersistenceFailurePrecedesPublication (0.00s)
=== RUN   TestEventJournalAckFailureRetainsPublishedEventForReplay
multikernel event publication deferred: injected publication failure
multikernel event publication deferred: injected publication failure
--- PASS: TestEventJournalAckFailureRetainsPublishedEventForReplay (0.00s)
=== RUN   TestDeleteRepairsMissingExitEventBeforeDeleteEvent
--- PASS: TestDeleteRepairsMissingExitEventBeforeDeleteEvent (0.00s)
=== RUN   TestDeleteTreatsAuthenticatedGuestAbsenceAsIdempotentSuccess
--- PASS: TestDeleteTreatsAuthenticatedGuestAbsenceAsIdempotentSuccess (0.00s)
=== RUN   TestInitDeleteContinuesHostCleanupAfterGuestNetworkFailure
multikernel shim: guest teardown completed through sandbox deletion with warnings: close guest network: injected guest network close failure
quiesce guest agent: unexpected status ""
--- PASS: TestInitDeleteContinuesHostCleanupAfterGuestNetworkFailure (0.00s)
=== RUN   TestInitDeleteAcceptsAlreadyReapedRelayAndAbsentSandboxOnRetry
--- PASS: TestInitDeleteAcceptsAlreadyReapedRelayAndAbsentSandboxOnRetry (0.00s)
=== RUN   TestGuestShutdownRetriesQuiesceAndAcceptsLostTerminalReply
--- PASS: TestGuestShutdownRetriesQuiesceAndAcceptsLostTerminalReply (0.05s)
=== RUN   TestGuestNetworkCloseRetriesLostReply
--- PASS: TestGuestNetworkCloseRetriesLostReply (0.05s)
=== RUN   TestGuestNetworkConfigurationRetriesLostReply
--- PASS: TestGuestNetworkConfigurationRetriesLostReply (0.05s)
=== RUN   TestGuestShutdownRejectsUnprovenOrAuthenticatedFailure
=== RUN   TestGuestShutdownRejectsUnprovenOrAuthenticatedFailure/invalid_quiesce_acknowledgement
=== RUN   TestGuestShutdownRejectsUnprovenOrAuthenticatedFailure/authenticated_shutdown_rejection
=== RUN   TestGuestShutdownRejectsUnprovenOrAuthenticatedFailure/cancellation_after_quiescence
--- PASS: TestGuestShutdownRejectsUnprovenOrAuthenticatedFailure (0.00s)
    --- PASS: TestGuestShutdownRejectsUnprovenOrAuthenticatedFailure/invalid_quiesce_acknowledgement (0.00s)
    --- PASS: TestGuestShutdownRejectsUnprovenOrAuthenticatedFailure/authenticated_shutdown_rejection (0.00s)
    --- PASS: TestGuestShutdownRejectsUnprovenOrAuthenticatedFailure/cancellation_after_quiescence (0.00s)
=== RUN   TestDeleteRetainsRetryOwnershipAcrossGuestAndEventFailures
multikernel event publication deferred: injected publication failure
--- PASS: TestDeleteRetainsRetryOwnershipAcrossGuestAndEventFailures (0.00s)
=== RUN   TestRecoveryStatePersistsGenerationProcessesAndOffsetsAtomically
--- PASS: TestRecoveryStatePersistsGenerationProcessesAndOffsetsAtomically (0.00s)
=== RUN   TestRecoverExistingReconstructsExactSandboxProcessAndNetworkGeneration
--- PASS: TestRecoverExistingReconstructsExactSandboxProcessAndNetworkGeneration (0.07s)
=== RUN   TestFallbackCleanupPropagatesStopFailureBeforeDelete
--- PASS: TestFallbackCleanupPropagatesStopFailureBeforeDelete (0.00s)
=== RUN   TestFallbackCleanupPropagatesRootfsFailureAfterSandboxDelete
--- PASS: TestFallbackCleanupPropagatesRootfsFailureAfterSandboxDelete (0.00s)
=== RUN   TestFallbackCleanupRequiresHeldAndDaemonBundleIdentity
=== RUN   TestFallbackCleanupRequiresHeldAndDaemonBundleIdentity/daemon_mismatch
=== RUN   TestFallbackCleanupRequiresHeldAndDaemonBundleIdentity/absent_sandbox_permits_identity-bound_rootfs_cleanup
=== RUN   TestFallbackCleanupRequiresHeldAndDaemonBundleIdentity/public_bundle_replacement
--- PASS: TestFallbackCleanupRequiresHeldAndDaemonBundleIdentity (0.00s)
    --- PASS: TestFallbackCleanupRequiresHeldAndDaemonBundleIdentity/daemon_mismatch (0.00s)
    --- PASS: TestFallbackCleanupRequiresHeldAndDaemonBundleIdentity/absent_sandbox_permits_identity-bound_rootfs_cleanup (0.00s)
    --- PASS: TestFallbackCleanupRequiresHeldAndDaemonBundleIdentity/public_bundle_replacement (0.00s)
=== RUN   TestFallbackCleanupRemovesAuthenticatedSocketWithoutRecovery
--- PASS: TestFallbackCleanupRemovesAuthenticatedSocketWithoutRecovery (0.00s)
=== RUN   TestEventJournalPreservesOrderAndReplaysAfterFailure
multikernel event publication deferred: injected publication failure
multikernel event publication deferred: injected publication failure
--- PASS: TestEventJournalPreservesOrderAndReplaysAfterFailure (0.01s)
=== RUN   TestEventJournalCompleteLifecycleOrderAndPersistenceFailureMatrix
multikernel event publication deferred: injected publication failure
multikernel event publication deferred: injected publication failure
multikernel event publication deferred: injected publication failure
multikernel event publication deferred: injected publication failure
multikernel event publication deferred: injected publication failure
multikernel event publication deferred: injected publication failure
=== RUN   TestEventJournalCompleteLifecycleOrderAndPersistenceFailureMatrix/create-persistence
=== RUN   TestEventJournalCompleteLifecycleOrderAndPersistenceFailureMatrix/start-persistence
=== RUN   TestEventJournalCompleteLifecycleOrderAndPersistenceFailureMatrix/exec-added-persistence
=== RUN   TestEventJournalCompleteLifecycleOrderAndPersistenceFailureMatrix/exec-started-persistence
=== RUN   TestEventJournalCompleteLifecycleOrderAndPersistenceFailureMatrix/exit-persistence
=== RUN   TestEventJournalCompleteLifecycleOrderAndPersistenceFailureMatrix/delete-persistence
--- PASS: TestEventJournalCompleteLifecycleOrderAndPersistenceFailureMatrix (0.02s)
    --- PASS: TestEventJournalCompleteLifecycleOrderAndPersistenceFailureMatrix/create-persistence (0.00s)
    --- PASS: TestEventJournalCompleteLifecycleOrderAndPersistenceFailureMatrix/start-persistence (0.00s)
    --- PASS: TestEventJournalCompleteLifecycleOrderAndPersistenceFailureMatrix/exec-added-persistence (0.00s)
    --- PASS: TestEventJournalCompleteLifecycleOrderAndPersistenceFailureMatrix/exec-started-persistence (0.00s)
    --- PASS: TestEventJournalCompleteLifecycleOrderAndPersistenceFailureMatrix/exit-persistence (0.00s)
    --- PASS: TestEventJournalCompleteLifecycleOrderAndPersistenceFailureMatrix/delete-persistence (0.00s)
=== RUN   TestEventJournalRetriesWithoutAnotherLifecycleRequest
multikernel event publication deferred: injected transient disconnect
--- PASS: TestEventJournalRetriesWithoutAnotherLifecycleRequest (0.01s)
=== RUN   TestEventJournalPersistenceFailurePrecedesPublication
--- PASS: TestEventJournalPersistenceFailurePrecedesPublication (0.00s)
=== RUN   TestEventJournalAckFailureRetainsPublishedEventForReplay
multikernel event publication deferred: injected publication failure
multikernel event publication deferred: injected publication failure
--- PASS: TestEventJournalAckFailureRetainsPublishedEventForReplay (0.00s)
=== RUN   TestDeleteRepairsMissingExitEventBeforeDeleteEvent
--- PASS: TestDeleteRepairsMissingExitEventBeforeDeleteEvent (0.01s)
=== RUN   TestDeleteTreatsAuthenticatedGuestAbsenceAsIdempotentSuccess
--- PASS: TestDeleteTreatsAuthenticatedGuestAbsenceAsIdempotentSuccess (0.00s)
=== RUN   TestInitDeleteContinuesHostCleanupAfterGuestNetworkFailure
multikernel shim: guest teardown completed through sandbox deletion with warnings: close guest network: injected guest network close failure
quiesce guest agent: unexpected status ""
--- PASS: TestInitDeleteContinuesHostCleanupAfterGuestNetworkFailure (0.00s)
=== RUN   TestInitDeleteAcceptsAlreadyReapedRelayAndAbsentSandboxOnRetry
--- PASS: TestInitDeleteAcceptsAlreadyReapedRelayAndAbsentSandboxOnRetry (0.00s)
=== RUN   TestGuestShutdownRetriesQuiesceAndAcceptsLostTerminalReply
--- PASS: TestGuestShutdownRetriesQuiesceAndAcceptsLostTerminalReply (0.05s)
=== RUN   TestGuestNetworkCloseRetriesLostReply
--- PASS: TestGuestNetworkCloseRetriesLostReply (0.05s)
=== RUN   TestGuestNetworkConfigurationRetriesLostReply
--- PASS: TestGuestNetworkConfigurationRetriesLostReply (0.05s)
=== RUN   TestGuestShutdownRejectsUnprovenOrAuthenticatedFailure
=== RUN   TestGuestShutdownRejectsUnprovenOrAuthenticatedFailure/invalid_quiesce_acknowledgement
=== RUN   TestGuestShutdownRejectsUnprovenOrAuthenticatedFailure/authenticated_shutdown_rejection
=== RUN   TestGuestShutdownRejectsUnprovenOrAuthenticatedFailure/cancellation_after_quiescence
--- PASS: TestGuestShutdownRejectsUnprovenOrAuthenticatedFailure (0.00s)
    --- PASS: TestGuestShutdownRejectsUnprovenOrAuthenticatedFailure/invalid_quiesce_acknowledgement (0.00s)
    --- PASS: TestGuestShutdownRejectsUnprovenOrAuthenticatedFailure/authenticated_shutdown_rejection (0.00s)
    --- PASS: TestGuestShutdownRejectsUnprovenOrAuthenticatedFailure/cancellation_after_quiescence (0.00s)
=== RUN   TestDeleteRetainsRetryOwnershipAcrossGuestAndEventFailures
multikernel event publication deferred: injected publication failure
--- PASS: TestDeleteRetainsRetryOwnershipAcrossGuestAndEventFailures (0.00s)
=== RUN   TestRecoveryStatePersistsGenerationProcessesAndOffsetsAtomically
--- PASS: TestRecoveryStatePersistsGenerationProcessesAndOffsetsAtomically (0.00s)
=== RUN   TestRecoverExistingReconstructsExactSandboxProcessAndNetworkGeneration
--- PASS: TestRecoverExistingReconstructsExactSandboxProcessAndNetworkGeneration (0.07s)
=== RUN   TestFallbackCleanupPropagatesStopFailureBeforeDelete
--- PASS: TestFallbackCleanupPropagatesStopFailureBeforeDelete (0.00s)
=== RUN   TestFallbackCleanupPropagatesRootfsFailureAfterSandboxDelete
--- PASS: TestFallbackCleanupPropagatesRootfsFailureAfterSandboxDelete (0.00s)
=== RUN   TestFallbackCleanupRequiresHeldAndDaemonBundleIdentity
=== RUN   TestFallbackCleanupRequiresHeldAndDaemonBundleIdentity/daemon_mismatch
=== RUN   TestFallbackCleanupRequiresHeldAndDaemonBundleIdentity/absent_sandbox_permits_identity-bound_rootfs_cleanup
=== RUN   TestFallbackCleanupRequiresHeldAndDaemonBundleIdentity/public_bundle_replacement
--- PASS: TestFallbackCleanupRequiresHeldAndDaemonBundleIdentity (0.00s)
    --- PASS: TestFallbackCleanupRequiresHeldAndDaemonBundleIdentity/daemon_mismatch (0.00s)
    --- PASS: TestFallbackCleanupRequiresHeldAndDaemonBundleIdentity/absent_sandbox_permits_identity-bound_rootfs_cleanup (0.00s)
    --- PASS: TestFallbackCleanupRequiresHeldAndDaemonBundleIdentity/public_bundle_replacement (0.00s)
=== RUN   TestFallbackCleanupRemovesAuthenticatedSocketWithoutRecovery
--- PASS: TestFallbackCleanupRemovesAuthenticatedSocketWithoutRecovery (0.00s)
=== RUN   TestEventJournalPreservesOrderAndReplaysAfterFailure
multikernel event publication deferred: injected publication failure
multikernel event publication deferred: injected publication failure
--- PASS: TestEventJournalPreservesOrderAndReplaysAfterFailure (0.01s)
=== RUN   TestEventJournalCompleteLifecycleOrderAndPersistenceFailureMatrix
multikernel event publication deferred: injected publication failure
multikernel event publication deferred: injected publication failure
multikernel event publication deferred: injected publication failure
multikernel event publication deferred: injected publication failure
multikernel event publication deferred: injected publication failure
multikernel event publication deferred: injected publication failure
=== RUN   TestEventJournalCompleteLifecycleOrderAndPersistenceFailureMatrix/create-persistence
=== RUN   TestEventJournalCompleteLifecycleOrderAndPersistenceFailureMatrix/start-persistence
=== RUN   TestEventJournalCompleteLifecycleOrderAndPersistenceFailureMatrix/exec-added-persistence
=== RUN   TestEventJournalCompleteLifecycleOrderAndPersistenceFailureMatrix/exec-started-persistence
=== RUN   TestEventJournalCompleteLifecycleOrderAndPersistenceFailureMatrix/exit-persistence
=== RUN   TestEventJournalCompleteLifecycleOrderAndPersistenceFailureMatrix/delete-persistence
--- PASS: TestEventJournalCompleteLifecycleOrderAndPersistenceFailureMatrix (0.02s)
    --- PASS: TestEventJournalCompleteLifecycleOrderAndPersistenceFailureMatrix/create-persistence (0.00s)
    --- PASS: TestEventJournalCompleteLifecycleOrderAndPersistenceFailureMatrix/start-persistence (0.00s)
    --- PASS: TestEventJournalCompleteLifecycleOrderAndPersistenceFailureMatrix/exec-added-persistence (0.00s)
    --- PASS: TestEventJournalCompleteLifecycleOrderAndPersistenceFailureMatrix/exec-started-persistence (0.00s)
    --- PASS: TestEventJournalCompleteLifecycleOrderAndPersistenceFailureMatrix/exit-persistence (0.00s)
    --- PASS: TestEventJournalCompleteLifecycleOrderAndPersistenceFailureMatrix/delete-persistence (0.00s)
=== RUN   TestEventJournalRetriesWithoutAnotherLifecycleRequest
multikernel event publication deferred: injected transient disconnect
--- PASS: TestEventJournalRetriesWithoutAnotherLifecycleRequest (0.01s)
=== RUN   TestEventJournalPersistenceFailurePrecedesPublication
--- PASS: TestEventJournalPersistenceFailurePrecedesPublication (0.00s)
=== RUN   TestEventJournalAckFailureRetainsPublishedEventForReplay
multikernel event publication deferred: injected publication failure
multikernel event publication deferred: injected publication failure
--- PASS: TestEventJournalAckFailureRetainsPublishedEventForReplay (0.00s)
=== RUN   TestDeleteRepairsMissingExitEventBeforeDeleteEvent
--- PASS: TestDeleteRepairsMissingExitEventBeforeDeleteEvent (0.01s)
=== RUN   TestDeleteTreatsAuthenticatedGuestAbsenceAsIdempotentSuccess
--- PASS: TestDeleteTreatsAuthenticatedGuestAbsenceAsIdempotentSuccess (0.00s)
=== RUN   TestInitDeleteContinuesHostCleanupAfterGuestNetworkFailure
multikernel shim: guest teardown completed through sandbox deletion with warnings: close guest network: injected guest network close failure
quiesce guest agent: unexpected status ""
--- PASS: TestInitDeleteContinuesHostCleanupAfterGuestNetworkFailure (0.00s)
=== RUN   TestInitDeleteAcceptsAlreadyReapedRelayAndAbsentSandboxOnRetry
--- PASS: TestInitDeleteAcceptsAlreadyReapedRelayAndAbsentSandboxOnRetry (0.00s)
=== RUN   TestGuestShutdownRetriesQuiesceAndAcceptsLostTerminalReply
--- PASS: TestGuestShutdownRetriesQuiesceAndAcceptsLostTerminalReply (0.05s)
=== RUN   TestGuestNetworkCloseRetriesLostReply
--- PASS: TestGuestNetworkCloseRetriesLostReply (0.05s)
=== RUN   TestGuestNetworkConfigurationRetriesLostReply
--- PASS: TestGuestNetworkConfigurationRetriesLostReply (0.05s)
=== RUN   TestGuestShutdownRejectsUnprovenOrAuthenticatedFailure
=== RUN   TestGuestShutdownRejectsUnprovenOrAuthenticatedFailure/invalid_quiesce_acknowledgement
=== RUN   TestGuestShutdownRejectsUnprovenOrAuthenticatedFailure/authenticated_shutdown_rejection
=== RUN   TestGuestShutdownRejectsUnprovenOrAuthenticatedFailure/cancellation_after_quiescence
--- PASS: TestGuestShutdownRejectsUnprovenOrAuthenticatedFailure (0.00s)
    --- PASS: TestGuestShutdownRejectsUnprovenOrAuthenticatedFailure/invalid_quiesce_acknowledgement (0.00s)
    --- PASS: TestGuestShutdownRejectsUnprovenOrAuthenticatedFailure/authenticated_shutdown_rejection (0.00s)
    --- PASS: TestGuestShutdownRejectsUnprovenOrAuthenticatedFailure/cancellation_after_quiescence (0.00s)
=== RUN   TestDeleteRetainsRetryOwnershipAcrossGuestAndEventFailures
multikernel event publication deferred: injected publication failure
--- PASS: TestDeleteRetainsRetryOwnershipAcrossGuestAndEventFailures (0.00s)
=== RUN   TestRecoveryStatePersistsGenerationProcessesAndOffsetsAtomically
--- PASS: TestRecoveryStatePersistsGenerationProcessesAndOffsetsAtomically (0.00s)
=== RUN   TestRecoverExistingReconstructsExactSandboxProcessAndNetworkGeneration
--- PASS: TestRecoverExistingReconstructsExactSandboxProcessAndNetworkGeneration (0.07s)
=== RUN   TestFallbackCleanupPropagatesStopFailureBeforeDelete
--- PASS: TestFallbackCleanupPropagatesStopFailureBeforeDelete (0.00s)
=== RUN   TestFallbackCleanupPropagatesRootfsFailureAfterSandboxDelete
--- PASS: TestFallbackCleanupPropagatesRootfsFailureAfterSandboxDelete (0.00s)
=== RUN   TestFallbackCleanupRequiresHeldAndDaemonBundleIdentity
=== RUN   TestFallbackCleanupRequiresHeldAndDaemonBundleIdentity/daemon_mismatch
=== RUN   TestFallbackCleanupRequiresHeldAndDaemonBundleIdentity/absent_sandbox_permits_identity-bound_rootfs_cleanup
=== RUN   TestFallbackCleanupRequiresHeldAndDaemonBundleIdentity/public_bundle_replacement
--- PASS: TestFallbackCleanupRequiresHeldAndDaemonBundleIdentity (0.00s)
    --- PASS: TestFallbackCleanupRequiresHeldAndDaemonBundleIdentity/daemon_mismatch (0.00s)
    --- PASS: TestFallbackCleanupRequiresHeldAndDaemonBundleIdentity/absent_sandbox_permits_identity-bound_rootfs_cleanup (0.00s)
    --- PASS: TestFallbackCleanupRequiresHeldAndDaemonBundleIdentity/public_bundle_replacement (0.00s)
=== RUN   TestFallbackCleanupRemovesAuthenticatedSocketWithoutRecovery
--- PASS: TestFallbackCleanupRemovesAuthenticatedSocketWithoutRecovery (0.00s)
=== RUN   TestEventJournalPreservesOrderAndReplaysAfterFailure
multikernel event publication deferred: injected publication failure
multikernel event publication deferred: injected publication failure
--- PASS: TestEventJournalPreservesOrderAndReplaysAfterFailure (0.01s)
=== RUN   TestEventJournalCompleteLifecycleOrderAndPersistenceFailureMatrix
multikernel event publication deferred: injected publication failure
multikernel event publication deferred: injected publication failure
multikernel event publication deferred: injected publication failure
multikernel event publication deferred: injected publication failure
multikernel event publication deferred: injected publication failure
multikernel event publication deferred: injected publication failure
=== RUN   TestEventJournalCompleteLifecycleOrderAndPersistenceFailureMatrix/create-persistence
=== RUN   TestEventJournalCompleteLifecycleOrderAndPersistenceFailureMatrix/start-persistence
=== RUN   TestEventJournalCompleteLifecycleOrderAndPersistenceFailureMatrix/exec-added-persistence
=== RUN   TestEventJournalCompleteLifecycleOrderAndPersistenceFailureMatrix/exec-started-persistence
=== RUN   TestEventJournalCompleteLifecycleOrderAndPersistenceFailureMatrix/exit-persistence
=== RUN   TestEventJournalCompleteLifecycleOrderAndPersistenceFailureMatrix/delete-persistence
--- PASS: TestEventJournalCompleteLifecycleOrderAndPersistenceFailureMatrix (0.03s)
    --- PASS: TestEventJournalCompleteLifecycleOrderAndPersistenceFailureMatrix/create-persistence (0.00s)
    --- PASS: TestEventJournalCompleteLifecycleOrderAndPersistenceFailureMatrix/start-persistence (0.00s)
    --- PASS: TestEventJournalCompleteLifecycleOrderAndPersistenceFailureMatrix/exec-added-persistence (0.00s)
    --- PASS: TestEventJournalCompleteLifecycleOrderAndPersistenceFailureMatrix/exec-started-persistence (0.00s)
    --- PASS: TestEventJournalCompleteLifecycleOrderAndPersistenceFailureMatrix/exit-persistence (0.00s)
    --- PASS: TestEventJournalCompleteLifecycleOrderAndPersistenceFailureMatrix/delete-persistence (0.00s)
=== RUN   TestEventJournalRetriesWithoutAnotherLifecycleRequest
multikernel event publication deferred: injected transient disconnect
--- PASS: TestEventJournalRetriesWithoutAnotherLifecycleRequest (0.01s)
=== RUN   TestEventJournalPersistenceFailurePrecedesPublication
--- PASS: TestEventJournalPersistenceFailurePrecedesPublication (0.00s)
=== RUN   TestEventJournalAckFailureRetainsPublishedEventForReplay
multikernel event publication deferred: injected publication failure
multikernel event publication deferred: injected publication failure
--- PASS: TestEventJournalAckFailureRetainsPublishedEventForReplay (0.00s)
=== RUN   TestDeleteRepairsMissingExitEventBeforeDeleteEvent
--- PASS: TestDeleteRepairsMissingExitEventBeforeDeleteEvent (0.01s)
=== RUN   TestDeleteTreatsAuthenticatedGuestAbsenceAsIdempotentSuccess
--- PASS: TestDeleteTreatsAuthenticatedGuestAbsenceAsIdempotentSuccess (0.00s)
=== RUN   TestInitDeleteContinuesHostCleanupAfterGuestNetworkFailure
multikernel shim: guest teardown completed through sandbox deletion with warnings: close guest network: injected guest network close failure
quiesce guest agent: unexpected status ""
--- PASS: TestInitDeleteContinuesHostCleanupAfterGuestNetworkFailure (0.00s)
=== RUN   TestInitDeleteAcceptsAlreadyReapedRelayAndAbsentSandboxOnRetry
--- PASS: TestInitDeleteAcceptsAlreadyReapedRelayAndAbsentSandboxOnRetry (0.00s)
=== RUN   TestGuestShutdownRetriesQuiesceAndAcceptsLostTerminalReply
--- PASS: TestGuestShutdownRetriesQuiesceAndAcceptsLostTerminalReply (0.05s)
=== RUN   TestGuestNetworkCloseRetriesLostReply
--- PASS: TestGuestNetworkCloseRetriesLostReply (0.05s)
=== RUN   TestGuestNetworkConfigurationRetriesLostReply
--- PASS: TestGuestNetworkConfigurationRetriesLostReply (0.05s)
=== RUN   TestGuestShutdownRejectsUnprovenOrAuthenticatedFailure
=== RUN   TestGuestShutdownRejectsUnprovenOrAuthenticatedFailure/invalid_quiesce_acknowledgement
=== RUN   TestGuestShutdownRejectsUnprovenOrAuthenticatedFailure/authenticated_shutdown_rejection
=== RUN   TestGuestShutdownRejectsUnprovenOrAuthenticatedFailure/cancellation_after_quiescence
--- PASS: TestGuestShutdownRejectsUnprovenOrAuthenticatedFailure (0.00s)
    --- PASS: TestGuestShutdownRejectsUnprovenOrAuthenticatedFailure/invalid_quiesce_acknowledgement (0.00s)
    --- PASS: TestGuestShutdownRejectsUnprovenOrAuthenticatedFailure/authenticated_shutdown_rejection (0.00s)
    --- PASS: TestGuestShutdownRejectsUnprovenOrAuthenticatedFailure/cancellation_after_quiescence (0.00s)
=== RUN   TestDeleteRetainsRetryOwnershipAcrossGuestAndEventFailures
multikernel event publication deferred: injected publication failure
--- PASS: TestDeleteRetainsRetryOwnershipAcrossGuestAndEventFailures (0.00s)
=== RUN   TestRecoveryStatePersistsGenerationProcessesAndOffsetsAtomically
--- PASS: TestRecoveryStatePersistsGenerationProcessesAndOffsetsAtomically (0.00s)
=== RUN   TestRecoverExistingReconstructsExactSandboxProcessAndNetworkGeneration
--- PASS: TestRecoverExistingReconstructsExactSandboxProcessAndNetworkGeneration (0.07s)
=== RUN   TestFallbackCleanupPropagatesStopFailureBeforeDelete
--- PASS: TestFallbackCleanupPropagatesStopFailureBeforeDelete (0.00s)
=== RUN   TestFallbackCleanupPropagatesRootfsFailureAfterSandboxDelete
--- PASS: TestFallbackCleanupPropagatesRootfsFailureAfterSandboxDelete (0.00s)
=== RUN   TestFallbackCleanupRequiresHeldAndDaemonBundleIdentity
=== RUN   TestFallbackCleanupRequiresHeldAndDaemonBundleIdentity/daemon_mismatch
=== RUN   TestFallbackCleanupRequiresHeldAndDaemonBundleIdentity/absent_sandbox_permits_identity-bound_rootfs_cleanup
=== RUN   TestFallbackCleanupRequiresHeldAndDaemonBundleIdentity/public_bundle_replacement
--- PASS: TestFallbackCleanupRequiresHeldAndDaemonBundleIdentity (0.00s)
    --- PASS: TestFallbackCleanupRequiresHeldAndDaemonBundleIdentity/daemon_mismatch (0.00s)
    --- PASS: TestFallbackCleanupRequiresHeldAndDaemonBundleIdentity/absent_sandbox_permits_identity-bound_rootfs_cleanup (0.00s)
    --- PASS: TestFallbackCleanupRequiresHeldAndDaemonBundleIdentity/public_bundle_replacement (0.00s)
=== RUN   TestFallbackCleanupRemovesAuthenticatedSocketWithoutRecovery
--- PASS: TestFallbackCleanupRemovesAuthenticatedSocketWithoutRecovery (0.00s)
=== RUN   TestEventJournalPreservesOrderAndReplaysAfterFailure
multikernel event publication deferred: injected publication failure
multikernel event publication deferred: injected publication failure
--- PASS: TestEventJournalPreservesOrderAndReplaysAfterFailure (0.01s)
=== RUN   TestEventJournalCompleteLifecycleOrderAndPersistenceFailureMatrix
multikernel event publication deferred: injected publication failure
multikernel event publication deferred: injected publication failure
multikernel event publication deferred: injected publication failure
multikernel event publication deferred: injected publication failure
multikernel event publication deferred: injected publication failure
multikernel event publication deferred: injected publication failure
=== RUN   TestEventJournalCompleteLifecycleOrderAndPersistenceFailureMatrix/create-persistence
=== RUN   TestEventJournalCompleteLifecycleOrderAndPersistenceFailureMatrix/start-persistence
=== RUN   TestEventJournalCompleteLifecycleOrderAndPersistenceFailureMatrix/exec-added-persistence
=== RUN   TestEventJournalCompleteLifecycleOrderAndPersistenceFailureMatrix/exec-started-persistence
=== RUN   TestEventJournalCompleteLifecycleOrderAndPersistenceFailureMatrix/exit-persistence
=== RUN   TestEventJournalCompleteLifecycleOrderAndPersistenceFailureMatrix/delete-persistence
--- PASS: TestEventJournalCompleteLifecycleOrderAndPersistenceFailureMatrix (0.02s)
    --- PASS: TestEventJournalCompleteLifecycleOrderAndPersistenceFailureMatrix/create-persistence (0.00s)
    --- PASS: TestEventJournalCompleteLifecycleOrderAndPersistenceFailureMatrix/start-persistence (0.00s)
    --- PASS: TestEventJournalCompleteLifecycleOrderAndPersistenceFailureMatrix/exec-added-persistence (0.00s)
    --- PASS: TestEventJournalCompleteLifecycleOrderAndPersistenceFailureMatrix/exec-started-persistence (0.00s)
    --- PASS: TestEventJournalCompleteLifecycleOrderAndPersistenceFailureMatrix/exit-persistence (0.00s)
    --- PASS: TestEventJournalCompleteLifecycleOrderAndPersistenceFailureMatrix/delete-persistence (0.00s)
=== RUN   TestEventJournalRetriesWithoutAnotherLifecycleRequest
multikernel event publication deferred: injected transient disconnect
--- PASS: TestEventJournalRetriesWithoutAnotherLifecycleRequest (0.01s)
=== RUN   TestEventJournalPersistenceFailurePrecedesPublication
--- PASS: TestEventJournalPersistenceFailurePrecedesPublication (0.00s)
=== RUN   TestEventJournalAckFailureRetainsPublishedEventForReplay
multikernel event publication deferred: injected publication failure
multikernel event publication deferred: injected publication failure
--- PASS: TestEventJournalAckFailureRetainsPublishedEventForReplay (0.00s)
=== RUN   TestDeleteRepairsMissingExitEventBeforeDeleteEvent
--- PASS: TestDeleteRepairsMissingExitEventBeforeDeleteEvent (0.01s)
=== RUN   TestDeleteTreatsAuthenticatedGuestAbsenceAsIdempotentSuccess
--- PASS: TestDeleteTreatsAuthenticatedGuestAbsenceAsIdempotentSuccess (0.00s)
=== RUN   TestInitDeleteContinuesHostCleanupAfterGuestNetworkFailure
multikernel shim: guest teardown completed through sandbox deletion with warnings: close guest network: injected guest network close failure
quiesce guest agent: unexpected status ""
--- PASS: TestInitDeleteContinuesHostCleanupAfterGuestNetworkFailure (0.00s)
=== RUN   TestInitDeleteAcceptsAlreadyReapedRelayAndAbsentSandboxOnRetry
--- PASS: TestInitDeleteAcceptsAlreadyReapedRelayAndAbsentSandboxOnRetry (0.00s)
=== RUN   TestGuestShutdownRetriesQuiesceAndAcceptsLostTerminalReply
--- PASS: TestGuestShutdownRetriesQuiesceAndAcceptsLostTerminalReply (0.05s)
=== RUN   TestGuestNetworkCloseRetriesLostReply
--- PASS: TestGuestNetworkCloseRetriesLostReply (0.05s)
=== RUN   TestGuestNetworkConfigurationRetriesLostReply
--- PASS: TestGuestNetworkConfigurationRetriesLostReply (0.05s)
=== RUN   TestGuestShutdownRejectsUnprovenOrAuthenticatedFailure
=== RUN   TestGuestShutdownRejectsUnprovenOrAuthenticatedFailure/invalid_quiesce_acknowledgement
=== RUN   TestGuestShutdownRejectsUnprovenOrAuthenticatedFailure/authenticated_shutdown_rejection
=== RUN   TestGuestShutdownRejectsUnprovenOrAuthenticatedFailure/cancellation_after_quiescence
--- PASS: TestGuestShutdownRejectsUnprovenOrAuthenticatedFailure (0.00s)
    --- PASS: TestGuestShutdownRejectsUnprovenOrAuthenticatedFailure/invalid_quiesce_acknowledgement (0.00s)
    --- PASS: TestGuestShutdownRejectsUnprovenOrAuthenticatedFailure/authenticated_shutdown_rejection (0.00s)
    --- PASS: TestGuestShutdownRejectsUnprovenOrAuthenticatedFailure/cancellation_after_quiescence (0.00s)
=== RUN   TestDeleteRetainsRetryOwnershipAcrossGuestAndEventFailures
multikernel event publication deferred: injected publication failure
--- PASS: TestDeleteRetainsRetryOwnershipAcrossGuestAndEventFailures (0.00s)
=== RUN   TestRecoveryStatePersistsGenerationProcessesAndOffsetsAtomically
--- PASS: TestRecoveryStatePersistsGenerationProcessesAndOffsetsAtomically (0.00s)
=== RUN   TestRecoverExistingReconstructsExactSandboxProcessAndNetworkGeneration
--- PASS: TestRecoverExistingReconstructsExactSandboxProcessAndNetworkGeneration (0.07s)
=== RUN   TestFallbackCleanupPropagatesStopFailureBeforeDelete
--- PASS: TestFallbackCleanupPropagatesStopFailureBeforeDelete (0.00s)
=== RUN   TestFallbackCleanupPropagatesRootfsFailureAfterSandboxDelete
--- PASS: TestFallbackCleanupPropagatesRootfsFailureAfterSandboxDelete (0.00s)
=== RUN   TestFallbackCleanupRequiresHeldAndDaemonBundleIdentity
=== RUN   TestFallbackCleanupRequiresHeldAndDaemonBundleIdentity/daemon_mismatch
=== RUN   TestFallbackCleanupRequiresHeldAndDaemonBundleIdentity/absent_sandbox_permits_identity-bound_rootfs_cleanup
=== RUN   TestFallbackCleanupRequiresHeldAndDaemonBundleIdentity/public_bundle_replacement
--- PASS: TestFallbackCleanupRequiresHeldAndDaemonBundleIdentity (0.00s)
    --- PASS: TestFallbackCleanupRequiresHeldAndDaemonBundleIdentity/daemon_mismatch (0.00s)
    --- PASS: TestFallbackCleanupRequiresHeldAndDaemonBundleIdentity/absent_sandbox_permits_identity-bound_rootfs_cleanup (0.00s)
    --- PASS: TestFallbackCleanupRequiresHeldAndDaemonBundleIdentity/public_bundle_replacement (0.00s)
=== RUN   TestFallbackCleanupRemovesAuthenticatedSocketWithoutRecovery
--- PASS: TestFallbackCleanupRemovesAuthenticatedSocketWithoutRecovery (0.00s)
=== RUN   TestEventJournalPreservesOrderAndReplaysAfterFailure
multikernel event publication deferred: injected publication failure
multikernel event publication deferred: injected publication failure
--- PASS: TestEventJournalPreservesOrderAndReplaysAfterFailure (0.01s)
=== RUN   TestEventJournalCompleteLifecycleOrderAndPersistenceFailureMatrix
multikernel event publication deferred: injected publication failure
multikernel event publication deferred: injected publication failure
multikernel event publication deferred: injected publication failure
multikernel event publication deferred: injected publication failure
multikernel event publication deferred: injected publication failure
multikernel event publication deferred: injected publication failure
=== RUN   TestEventJournalCompleteLifecycleOrderAndPersistenceFailureMatrix/create-persistence
=== RUN   TestEventJournalCompleteLifecycleOrderAndPersistenceFailureMatrix/start-persistence
=== RUN   TestEventJournalCompleteLifecycleOrderAndPersistenceFailureMatrix/exec-added-persistence
=== RUN   TestEventJournalCompleteLifecycleOrderAndPersistenceFailureMatrix/exec-started-persistence
=== RUN   TestEventJournalCompleteLifecycleOrderAndPersistenceFailureMatrix/exit-persistence
=== RUN   TestEventJournalCompleteLifecycleOrderAndPersistenceFailureMatrix/delete-persistence
--- PASS: TestEventJournalCompleteLifecycleOrderAndPersistenceFailureMatrix (0.02s)
    --- PASS: TestEventJournalCompleteLifecycleOrderAndPersistenceFailureMatrix/create-persistence (0.00s)
    --- PASS: TestEventJournalCompleteLifecycleOrderAndPersistenceFailureMatrix/start-persistence (0.00s)
    --- PASS: TestEventJournalCompleteLifecycleOrderAndPersistenceFailureMatrix/exec-added-persistence (0.00s)
    --- PASS: TestEventJournalCompleteLifecycleOrderAndPersistenceFailureMatrix/exec-started-persistence (0.00s)
    --- PASS: TestEventJournalCompleteLifecycleOrderAndPersistenceFailureMatrix/exit-persistence (0.00s)
    --- PASS: TestEventJournalCompleteLifecycleOrderAndPersistenceFailureMatrix/delete-persistence (0.00s)
=== RUN   TestEventJournalRetriesWithoutAnotherLifecycleRequest
multikernel event publication deferred: injected transient disconnect
--- PASS: TestEventJournalRetriesWithoutAnotherLifecycleRequest (0.01s)
=== RUN   TestEventJournalPersistenceFailurePrecedesPublication
--- PASS: TestEventJournalPersistenceFailurePrecedesPublication (0.00s)
=== RUN   TestEventJournalAckFailureRetainsPublishedEventForReplay
multikernel event publication deferred: injected publication failure
multikernel event publication deferred: injected publication failure
--- PASS: TestEventJournalAckFailureRetainsPublishedEventForReplay (0.00s)
=== RUN   TestDeleteRepairsMissingExitEventBeforeDeleteEvent
--- PASS: TestDeleteRepairsMissingExitEventBeforeDeleteEvent (0.01s)
=== RUN   TestDeleteTreatsAuthenticatedGuestAbsenceAsIdempotentSuccess
--- PASS: TestDeleteTreatsAuthenticatedGuestAbsenceAsIdempotentSuccess (0.00s)
=== RUN   TestInitDeleteContinuesHostCleanupAfterGuestNetworkFailure
multikernel shim: guest teardown completed through sandbox deletion with warnings: close guest network: injected guest network close failure
quiesce guest agent: unexpected status ""
--- PASS: TestInitDeleteContinuesHostCleanupAfterGuestNetworkFailure (0.00s)
=== RUN   TestInitDeleteAcceptsAlreadyReapedRelayAndAbsentSandboxOnRetry
--- PASS: TestInitDeleteAcceptsAlreadyReapedRelayAndAbsentSandboxOnRetry (0.00s)
=== RUN   TestGuestShutdownRetriesQuiesceAndAcceptsLostTerminalReply
--- PASS: TestGuestShutdownRetriesQuiesceAndAcceptsLostTerminalReply (0.05s)
=== RUN   TestGuestNetworkCloseRetriesLostReply
--- PASS: TestGuestNetworkCloseRetriesLostReply (0.05s)
=== RUN   TestGuestNetworkConfigurationRetriesLostReply
--- PASS: TestGuestNetworkConfigurationRetriesLostReply (0.05s)
=== RUN   TestGuestShutdownRejectsUnprovenOrAuthenticatedFailure
=== RUN   TestGuestShutdownRejectsUnprovenOrAuthenticatedFailure/invalid_quiesce_acknowledgement
=== RUN   TestGuestShutdownRejectsUnprovenOrAuthenticatedFailure/authenticated_shutdown_rejection
=== RUN   TestGuestShutdownRejectsUnprovenOrAuthenticatedFailure/cancellation_after_quiescence
--- PASS: TestGuestShutdownRejectsUnprovenOrAuthenticatedFailure (0.00s)
    --- PASS: TestGuestShutdownRejectsUnprovenOrAuthenticatedFailure/invalid_quiesce_acknowledgement (0.00s)
    --- PASS: TestGuestShutdownRejectsUnprovenOrAuthenticatedFailure/authenticated_shutdown_rejection (0.00s)
    --- PASS: TestGuestShutdownRejectsUnprovenOrAuthenticatedFailure/cancellation_after_quiescence (0.00s)
=== RUN   TestDeleteRetainsRetryOwnershipAcrossGuestAndEventFailures
multikernel event publication deferred: injected publication failure
--- PASS: TestDeleteRetainsRetryOwnershipAcrossGuestAndEventFailures (0.00s)
=== RUN   TestRecoveryStatePersistsGenerationProcessesAndOffsetsAtomically
--- PASS: TestRecoveryStatePersistsGenerationProcessesAndOffsetsAtomically (0.00s)
=== RUN   TestRecoverExistingReconstructsExactSandboxProcessAndNetworkGeneration
--- PASS: TestRecoverExistingReconstructsExactSandboxProcessAndNetworkGeneration (0.07s)
=== RUN   TestFallbackCleanupPropagatesStopFailureBeforeDelete
--- PASS: TestFallbackCleanupPropagatesStopFailureBeforeDelete (0.00s)
=== RUN   TestFallbackCleanupPropagatesRootfsFailureAfterSandboxDelete
--- PASS: TestFallbackCleanupPropagatesRootfsFailureAfterSandboxDelete (0.00s)
=== RUN   TestFallbackCleanupRequiresHeldAndDaemonBundleIdentity
=== RUN   TestFallbackCleanupRequiresHeldAndDaemonBundleIdentity/daemon_mismatch
=== RUN   TestFallbackCleanupRequiresHeldAndDaemonBundleIdentity/absent_sandbox_permits_identity-bound_rootfs_cleanup
=== RUN   TestFallbackCleanupRequiresHeldAndDaemonBundleIdentity/public_bundle_replacement
--- PASS: TestFallbackCleanupRequiresHeldAndDaemonBundleIdentity (0.00s)
    --- PASS: TestFallbackCleanupRequiresHeldAndDaemonBundleIdentity/daemon_mismatch (0.00s)
    --- PASS: TestFallbackCleanupRequiresHeldAndDaemonBundleIdentity/absent_sandbox_permits_identity-bound_rootfs_cleanup (0.00s)
    --- PASS: TestFallbackCleanupRequiresHeldAndDaemonBundleIdentity/public_bundle_replacement (0.00s)
=== RUN   TestFallbackCleanupRemovesAuthenticatedSocketWithoutRecovery
--- PASS: TestFallbackCleanupRemovesAuthenticatedSocketWithoutRecovery (0.00s)
=== RUN   TestEventJournalPreservesOrderAndReplaysAfterFailure
multikernel event publication deferred: injected publication failure
multikernel event publication deferred: injected publication failure
--- PASS: TestEventJournalPreservesOrderAndReplaysAfterFailure (0.01s)
=== RUN   TestEventJournalCompleteLifecycleOrderAndPersistenceFailureMatrix
multikernel event publication deferred: injected publication failure
multikernel event publication deferred: injected publication failure
multikernel event publication deferred: injected publication failure
multikernel event publication deferred: injected publication failure
multikernel event publication deferred: injected publication failure
multikernel event publication deferred: injected publication failure
=== RUN   TestEventJournalCompleteLifecycleOrderAndPersistenceFailureMatrix/create-persistence
=== RUN   TestEventJournalCompleteLifecycleOrderAndPersistenceFailureMatrix/start-persistence
=== RUN   TestEventJournalCompleteLifecycleOrderAndPersistenceFailureMatrix/exec-added-persistence
=== RUN   TestEventJournalCompleteLifecycleOrderAndPersistenceFailureMatrix/exec-started-persistence
=== RUN   TestEventJournalCompleteLifecycleOrderAndPersistenceFailureMatrix/exit-persistence
=== RUN   TestEventJournalCompleteLifecycleOrderAndPersistenceFailureMatrix/delete-persistence
--- PASS: TestEventJournalCompleteLifecycleOrderAndPersistenceFailureMatrix (0.02s)
    --- PASS: TestEventJournalCompleteLifecycleOrderAndPersistenceFailureMatrix/create-persistence (0.00s)
    --- PASS: TestEventJournalCompleteLifecycleOrderAndPersistenceFailureMatrix/start-persistence (0.00s)
    --- PASS: TestEventJournalCompleteLifecycleOrderAndPersistenceFailureMatrix/exec-added-persistence (0.00s)
    --- PASS: TestEventJournalCompleteLifecycleOrderAndPersistenceFailureMatrix/exec-started-persistence (0.00s)
    --- PASS: TestEventJournalCompleteLifecycleOrderAndPersistenceFailureMatrix/exit-persistence (0.00s)
    --- PASS: TestEventJournalCompleteLifecycleOrderAndPersistenceFailureMatrix/delete-persistence (0.00s)
=== RUN   TestEventJournalRetriesWithoutAnotherLifecycleRequest
multikernel event publication deferred: injected transient disconnect
--- PASS: TestEventJournalRetriesWithoutAnotherLifecycleRequest (0.01s)
=== RUN   TestEventJournalPersistenceFailurePrecedesPublication
--- PASS: TestEventJournalPersistenceFailurePrecedesPublication (0.00s)
=== RUN   TestEventJournalAckFailureRetainsPublishedEventForReplay
multikernel event publication deferred: injected publication failure
multikernel event publication deferred: injected publication failure
--- PASS: TestEventJournalAckFailureRetainsPublishedEventForReplay (0.00s)
=== RUN   TestDeleteRepairsMissingExitEventBeforeDeleteEvent
--- PASS: TestDeleteRepairsMissingExitEventBeforeDeleteEvent (0.01s)
=== RUN   TestDeleteTreatsAuthenticatedGuestAbsenceAsIdempotentSuccess
--- PASS: TestDeleteTreatsAuthenticatedGuestAbsenceAsIdempotentSuccess (0.00s)
=== RUN   TestInitDeleteContinuesHostCleanupAfterGuestNetworkFailure
multikernel shim: guest teardown completed through sandbox deletion with warnings: close guest network: injected guest network close failure
quiesce guest agent: unexpected status ""
--- PASS: TestInitDeleteContinuesHostCleanupAfterGuestNetworkFailure (0.00s)
=== RUN   TestInitDeleteAcceptsAlreadyReapedRelayAndAbsentSandboxOnRetry
--- PASS: TestInitDeleteAcceptsAlreadyReapedRelayAndAbsentSandboxOnRetry (0.00s)
=== RUN   TestGuestShutdownRetriesQuiesceAndAcceptsLostTerminalReply
--- PASS: TestGuestShutdownRetriesQuiesceAndAcceptsLostTerminalReply (0.05s)
=== RUN   TestGuestNetworkCloseRetriesLostReply
--- PASS: TestGuestNetworkCloseRetriesLostReply (0.05s)
=== RUN   TestGuestNetworkConfigurationRetriesLostReply
--- PASS: TestGuestNetworkConfigurationRetriesLostReply (0.05s)
=== RUN   TestGuestShutdownRejectsUnprovenOrAuthenticatedFailure
=== RUN   TestGuestShutdownRejectsUnprovenOrAuthenticatedFailure/invalid_quiesce_acknowledgement
=== RUN   TestGuestShutdownRejectsUnprovenOrAuthenticatedFailure/authenticated_shutdown_rejection
=== RUN   TestGuestShutdownRejectsUnprovenOrAuthenticatedFailure/cancellation_after_quiescence
--- PASS: TestGuestShutdownRejectsUnprovenOrAuthenticatedFailure (0.00s)
    --- PASS: TestGuestShutdownRejectsUnprovenOrAuthenticatedFailure/invalid_quiesce_acknowledgement (0.00s)
    --- PASS: TestGuestShutdownRejectsUnprovenOrAuthenticatedFailure/authenticated_shutdown_rejection (0.00s)
    --- PASS: TestGuestShutdownRejectsUnprovenOrAuthenticatedFailure/cancellation_after_quiescence (0.00s)
=== RUN   TestDeleteRetainsRetryOwnershipAcrossGuestAndEventFailures
multikernel event publication deferred: injected publication failure
--- PASS: TestDeleteRetainsRetryOwnershipAcrossGuestAndEventFailures (0.00s)
=== RUN   TestRecoveryStatePersistsGenerationProcessesAndOffsetsAtomically
--- PASS: TestRecoveryStatePersistsGenerationProcessesAndOffsetsAtomically (0.00s)
=== RUN   TestRecoverExistingReconstructsExactSandboxProcessAndNetworkGeneration
--- PASS: TestRecoverExistingReconstructsExactSandboxProcessAndNetworkGeneration (0.07s)
=== RUN   TestFallbackCleanupPropagatesStopFailureBeforeDelete
--- PASS: TestFallbackCleanupPropagatesStopFailureBeforeDelete (0.00s)
=== RUN   TestFallbackCleanupPropagatesRootfsFailureAfterSandboxDelete
--- PASS: TestFallbackCleanupPropagatesRootfsFailureAfterSandboxDelete (0.00s)
=== RUN   TestFallbackCleanupRequiresHeldAndDaemonBundleIdentity
=== RUN   TestFallbackCleanupRequiresHeldAndDaemonBundleIdentity/daemon_mismatch
=== RUN   TestFallbackCleanupRequiresHeldAndDaemonBundleIdentity/absent_sandbox_permits_identity-bound_rootfs_cleanup
=== RUN   TestFallbackCleanupRequiresHeldAndDaemonBundleIdentity/public_bundle_replacement
--- PASS: TestFallbackCleanupRequiresHeldAndDaemonBundleIdentity (0.00s)
    --- PASS: TestFallbackCleanupRequiresHeldAndDaemonBundleIdentity/daemon_mismatch (0.00s)
    --- PASS: TestFallbackCleanupRequiresHeldAndDaemonBundleIdentity/absent_sandbox_permits_identity-bound_rootfs_cleanup (0.00s)
    --- PASS: TestFallbackCleanupRequiresHeldAndDaemonBundleIdentity/public_bundle_replacement (0.00s)
=== RUN   TestFallbackCleanupRemovesAuthenticatedSocketWithoutRecovery
--- PASS: TestFallbackCleanupRemovesAuthenticatedSocketWithoutRecovery (0.00s)
=== RUN   TestEventJournalPreservesOrderAndReplaysAfterFailure
multikernel event publication deferred: injected publication failure
multikernel event publication deferred: injected publication failure
--- PASS: TestEventJournalPreservesOrderAndReplaysAfterFailure (0.01s)
=== RUN   TestEventJournalCompleteLifecycleOrderAndPersistenceFailureMatrix
multikernel event publication deferred: injected publication failure
multikernel event publication deferred: injected publication failure
multikernel event publication deferred: injected publication failure
multikernel event publication deferred: injected publication failure
multikernel event publication deferred: injected publication failure
multikernel event publication deferred: injected publication failure
=== RUN   TestEventJournalCompleteLifecycleOrderAndPersistenceFailureMatrix/create-persistence
=== RUN   TestEventJournalCompleteLifecycleOrderAndPersistenceFailureMatrix/start-persistence
=== RUN   TestEventJournalCompleteLifecycleOrderAndPersistenceFailureMatrix/exec-added-persistence
=== RUN   TestEventJournalCompleteLifecycleOrderAndPersistenceFailureMatrix/exec-started-persistence
=== RUN   TestEventJournalCompleteLifecycleOrderAndPersistenceFailureMatrix/exit-persistence
=== RUN   TestEventJournalCompleteLifecycleOrderAndPersistenceFailureMatrix/delete-persistence
--- PASS: TestEventJournalCompleteLifecycleOrderAndPersistenceFailureMatrix (0.02s)
    --- PASS: TestEventJournalCompleteLifecycleOrderAndPersistenceFailureMatrix/create-persistence (0.00s)
    --- PASS: TestEventJournalCompleteLifecycleOrderAndPersistenceFailureMatrix/start-persistence (0.00s)
    --- PASS: TestEventJournalCompleteLifecycleOrderAndPersistenceFailureMatrix/exec-added-persistence (0.00s)
    --- PASS: TestEventJournalCompleteLifecycleOrderAndPersistenceFailureMatrix/exec-started-persistence (0.00s)
    --- PASS: TestEventJournalCompleteLifecycleOrderAndPersistenceFailureMatrix/exit-persistence (0.00s)
    --- PASS: TestEventJournalCompleteLifecycleOrderAndPersistenceFailureMatrix/delete-persistence (0.00s)
=== RUN   TestEventJournalRetriesWithoutAnotherLifecycleRequest
multikernel event publication deferred: injected transient disconnect
--- PASS: TestEventJournalRetriesWithoutAnotherLifecycleRequest (0.01s)
=== RUN   TestEventJournalPersistenceFailurePrecedesPublication
--- PASS: TestEventJournalPersistenceFailurePrecedesPublication (0.00s)
=== RUN   TestEventJournalAckFailureRetainsPublishedEventForReplay
multikernel event publication deferred: injected publication failure
multikernel event publication deferred: injected publication failure
--- PASS: TestEventJournalAckFailureRetainsPublishedEventForReplay (0.00s)
=== RUN   TestDeleteRepairsMissingExitEventBeforeDeleteEvent
--- PASS: TestDeleteRepairsMissingExitEventBeforeDeleteEvent (0.01s)
=== RUN   TestDeleteTreatsAuthenticatedGuestAbsenceAsIdempotentSuccess
--- PASS: TestDeleteTreatsAuthenticatedGuestAbsenceAsIdempotentSuccess (0.00s)
=== RUN   TestInitDeleteContinuesHostCleanupAfterGuestNetworkFailure
multikernel shim: guest teardown completed through sandbox deletion with warnings: close guest network: injected guest network close failure
quiesce guest agent: unexpected status ""
--- PASS: TestInitDeleteContinuesHostCleanupAfterGuestNetworkFailure (0.00s)
=== RUN   TestInitDeleteAcceptsAlreadyReapedRelayAndAbsentSandboxOnRetry
--- PASS: TestInitDeleteAcceptsAlreadyReapedRelayAndAbsentSandboxOnRetry (0.00s)
=== RUN   TestGuestShutdownRetriesQuiesceAndAcceptsLostTerminalReply
--- PASS: TestGuestShutdownRetriesQuiesceAndAcceptsLostTerminalReply (0.05s)
=== RUN   TestGuestNetworkCloseRetriesLostReply
--- PASS: TestGuestNetworkCloseRetriesLostReply (0.05s)
=== RUN   TestGuestNetworkConfigurationRetriesLostReply
--- PASS: TestGuestNetworkConfigurationRetriesLostReply (0.05s)
=== RUN   TestGuestShutdownRejectsUnprovenOrAuthenticatedFailure
=== RUN   TestGuestShutdownRejectsUnprovenOrAuthenticatedFailure/invalid_quiesce_acknowledgement
=== RUN   TestGuestShutdownRejectsUnprovenOrAuthenticatedFailure/authenticated_shutdown_rejection
=== RUN   TestGuestShutdownRejectsUnprovenOrAuthenticatedFailure/cancellation_after_quiescence
--- PASS: TestGuestShutdownRejectsUnprovenOrAuthenticatedFailure (0.00s)
    --- PASS: TestGuestShutdownRejectsUnprovenOrAuthenticatedFailure/invalid_quiesce_acknowledgement (0.00s)
    --- PASS: TestGuestShutdownRejectsUnprovenOrAuthenticatedFailure/authenticated_shutdown_rejection (0.00s)
    --- PASS: TestGuestShutdownRejectsUnprovenOrAuthenticatedFailure/cancellation_after_quiescence (0.00s)
=== RUN   TestDeleteRetainsRetryOwnershipAcrossGuestAndEventFailures
multikernel event publication deferred: injected publication failure
--- PASS: TestDeleteRetainsRetryOwnershipAcrossGuestAndEventFailures (0.00s)
=== RUN   TestRecoveryStatePersistsGenerationProcessesAndOffsetsAtomically
--- PASS: TestRecoveryStatePersistsGenerationProcessesAndOffsetsAtomically (0.00s)
=== RUN   TestRecoverExistingReconstructsExactSandboxProcessAndNetworkGeneration
--- PASS: TestRecoverExistingReconstructsExactSandboxProcessAndNetworkGeneration (0.07s)
=== RUN   TestFallbackCleanupPropagatesStopFailureBeforeDelete
--- PASS: TestFallbackCleanupPropagatesStopFailureBeforeDelete (0.00s)
=== RUN   TestFallbackCleanupPropagatesRootfsFailureAfterSandboxDelete
--- PASS: TestFallbackCleanupPropagatesRootfsFailureAfterSandboxDelete (0.00s)
=== RUN   TestFallbackCleanupRequiresHeldAndDaemonBundleIdentity
=== RUN   TestFallbackCleanupRequiresHeldAndDaemonBundleIdentity/daemon_mismatch
=== RUN   TestFallbackCleanupRequiresHeldAndDaemonBundleIdentity/absent_sandbox_permits_identity-bound_rootfs_cleanup
=== RUN   TestFallbackCleanupRequiresHeldAndDaemonBundleIdentity/public_bundle_replacement
--- PASS: TestFallbackCleanupRequiresHeldAndDaemonBundleIdentity (0.00s)
    --- PASS: TestFallbackCleanupRequiresHeldAndDaemonBundleIdentity/daemon_mismatch (0.00s)
    --- PASS: TestFallbackCleanupRequiresHeldAndDaemonBundleIdentity/absent_sandbox_permits_identity-bound_rootfs_cleanup (0.00s)
    --- PASS: TestFallbackCleanupRequiresHeldAndDaemonBundleIdentity/public_bundle_replacement (0.00s)
=== RUN   TestFallbackCleanupRemovesAuthenticatedSocketWithoutRecovery
--- PASS: TestFallbackCleanupRemovesAuthenticatedSocketWithoutRecovery (0.00s)
=== RUN   TestEventJournalPreservesOrderAndReplaysAfterFailure
multikernel event publication deferred: injected publication failure
multikernel event publication deferred: injected publication failure
--- PASS: TestEventJournalPreservesOrderAndReplaysAfterFailure (0.01s)
=== RUN   TestEventJournalCompleteLifecycleOrderAndPersistenceFailureMatrix
multikernel event publication deferred: injected publication failure
multikernel event publication deferred: injected publication failure
multikernel event publication deferred: injected publication failure
multikernel event publication deferred: injected publication failure
multikernel event publication deferred: injected publication failure
multikernel event publication deferred: injected publication failure
=== RUN   TestEventJournalCompleteLifecycleOrderAndPersistenceFailureMatrix/create-persistence
=== RUN   TestEventJournalCompleteLifecycleOrderAndPersistenceFailureMatrix/start-persistence
=== RUN   TestEventJournalCompleteLifecycleOrderAndPersistenceFailureMatrix/exec-added-persistence
=== RUN   TestEventJournalCompleteLifecycleOrderAndPersistenceFailureMatrix/exec-started-persistence
=== RUN   TestEventJournalCompleteLifecycleOrderAndPersistenceFailureMatrix/exit-persistence
=== RUN   TestEventJournalCompleteLifecycleOrderAndPersistenceFailureMatrix/delete-persistence
--- PASS: TestEventJournalCompleteLifecycleOrderAndPersistenceFailureMatrix (0.03s)
    --- PASS: TestEventJournalCompleteLifecycleOrderAndPersistenceFailureMatrix/create-persistence (0.00s)
    --- PASS: TestEventJournalCompleteLifecycleOrderAndPersistenceFailureMatrix/start-persistence (0.00s)
    --- PASS: TestEventJournalCompleteLifecycleOrderAndPersistenceFailureMatrix/exec-added-persistence (0.00s)
    --- PASS: TestEventJournalCompleteLifecycleOrderAndPersistenceFailureMatrix/exec-started-persistence (0.00s)
    --- PASS: TestEventJournalCompleteLifecycleOrderAndPersistenceFailureMatrix/exit-persistence (0.00s)
    --- PASS: TestEventJournalCompleteLifecycleOrderAndPersistenceFailureMatrix/delete-persistence (0.00s)
=== RUN   TestEventJournalRetriesWithoutAnotherLifecycleRequest
multikernel event publication deferred: injected transient disconnect
--- PASS: TestEventJournalRetriesWithoutAnotherLifecycleRequest (0.01s)
=== RUN   TestEventJournalPersistenceFailurePrecedesPublication
--- PASS: TestEventJournalPersistenceFailurePrecedesPublication (0.00s)
=== RUN   TestEventJournalAckFailureRetainsPublishedEventForReplay
multikernel event publication deferred: injected publication failure
multikernel event publication deferred: injected publication failure
--- PASS: TestEventJournalAckFailureRetainsPublishedEventForReplay (0.00s)
=== RUN   TestDeleteRepairsMissingExitEventBeforeDeleteEvent
--- PASS: TestDeleteRepairsMissingExitEventBeforeDeleteEvent (0.01s)
=== RUN   TestDeleteTreatsAuthenticatedGuestAbsenceAsIdempotentSuccess
--- PASS: TestDeleteTreatsAuthenticatedGuestAbsenceAsIdempotentSuccess (0.00s)
=== RUN   TestInitDeleteContinuesHostCleanupAfterGuestNetworkFailure
multikernel shim: guest teardown completed through sandbox deletion with warnings: close guest network: injected guest network close failure
quiesce guest agent: unexpected status ""
--- PASS: TestInitDeleteContinuesHostCleanupAfterGuestNetworkFailure (0.00s)
=== RUN   TestInitDeleteAcceptsAlreadyReapedRelayAndAbsentSandboxOnRetry
--- PASS: TestInitDeleteAcceptsAlreadyReapedRelayAndAbsentSandboxOnRetry (0.00s)
=== RUN   TestGuestShutdownRetriesQuiesceAndAcceptsLostTerminalReply
--- PASS: TestGuestShutdownRetriesQuiesceAndAcceptsLostTerminalReply (0.05s)
=== RUN   TestGuestNetworkCloseRetriesLostReply
--- PASS: TestGuestNetworkCloseRetriesLostReply (0.05s)
=== RUN   TestGuestNetworkConfigurationRetriesLostReply
--- PASS: TestGuestNetworkConfigurationRetriesLostReply (0.05s)
=== RUN   TestGuestShutdownRejectsUnprovenOrAuthenticatedFailure
=== RUN   TestGuestShutdownRejectsUnprovenOrAuthenticatedFailure/invalid_quiesce_acknowledgement
=== RUN   TestGuestShutdownRejectsUnprovenOrAuthenticatedFailure/authenticated_shutdown_rejection
=== RUN   TestGuestShutdownRejectsUnprovenOrAuthenticatedFailure/cancellation_after_quiescence
--- PASS: TestGuestShutdownRejectsUnprovenOrAuthenticatedFailure (0.00s)
    --- PASS: TestGuestShutdownRejectsUnprovenOrAuthenticatedFailure/invalid_quiesce_acknowledgement (0.00s)
    --- PASS: TestGuestShutdownRejectsUnprovenOrAuthenticatedFailure/authenticated_shutdown_rejection (0.00s)
    --- PASS: TestGuestShutdownRejectsUnprovenOrAuthenticatedFailure/cancellation_after_quiescence (0.00s)
=== RUN   TestDeleteRetainsRetryOwnershipAcrossGuestAndEventFailures
multikernel event publication deferred: injected publication failure
--- PASS: TestDeleteRetainsRetryOwnershipAcrossGuestAndEventFailures (0.00s)
=== RUN   TestRecoveryStatePersistsGenerationProcessesAndOffsetsAtomically
--- PASS: TestRecoveryStatePersistsGenerationProcessesAndOffsetsAtomically (0.00s)
=== RUN   TestRecoverExistingReconstructsExactSandboxProcessAndNetworkGeneration
--- PASS: TestRecoverExistingReconstructsExactSandboxProcessAndNetworkGeneration (0.07s)
=== RUN   TestFallbackCleanupPropagatesStopFailureBeforeDelete
--- PASS: TestFallbackCleanupPropagatesStopFailureBeforeDelete (0.00s)
=== RUN   TestFallbackCleanupPropagatesRootfsFailureAfterSandboxDelete
--- PASS: TestFallbackCleanupPropagatesRootfsFailureAfterSandboxDelete (0.00s)
=== RUN   TestFallbackCleanupRequiresHeldAndDaemonBundleIdentity
=== RUN   TestFallbackCleanupRequiresHeldAndDaemonBundleIdentity/daemon_mismatch
=== RUN   TestFallbackCleanupRequiresHeldAndDaemonBundleIdentity/absent_sandbox_permits_identity-bound_rootfs_cleanup
=== RUN   TestFallbackCleanupRequiresHeldAndDaemonBundleIdentity/public_bundle_replacement
--- PASS: TestFallbackCleanupRequiresHeldAndDaemonBundleIdentity (0.00s)
    --- PASS: TestFallbackCleanupRequiresHeldAndDaemonBundleIdentity/daemon_mismatch (0.00s)
    --- PASS: TestFallbackCleanupRequiresHeldAndDaemonBundleIdentity/absent_sandbox_permits_identity-bound_rootfs_cleanup (0.00s)
    --- PASS: TestFallbackCleanupRequiresHeldAndDaemonBundleIdentity/public_bundle_replacement (0.00s)
=== RUN   TestFallbackCleanupRemovesAuthenticatedSocketWithoutRecovery
--- PASS: TestFallbackCleanupRemovesAuthenticatedSocketWithoutRecovery (0.00s)
PASS
ok  	github.com/hairizuan/multikernel-linux-expt/runtime/cmd/containerd-shim-multikernel-v2	6.837s
OBSERVATION_BEGIN key=delete_event_recovery-result
selected=20 iterations=20 skips=0 races=0 status=pass
OBSERVATION_END key=delete_event_recovery-result
+scripts/test-runtime-task-v2-exhaustive-vm.sh:35: grep -Fq -- '--- SKIP:' /var/tmp/tv2.ZsUOJA/delete_event_recovery.log
+scripts/test-runtime-task-v2-exhaustive-vm.sh:36: grep -Fq 'WARNING: DATA RACE' /var/tmp/tv2.ZsUOJA/delete_event_recovery.log
+scripts/test-runtime-task-v2-exhaustive-vm.sh:37: grep -Fq PASS /var/tmp/tv2.ZsUOJA/delete_event_recovery.log
+scripts/test-runtime-task-v2-exhaustive-vm.sh:38: groups=4
+scripts/test-runtime-task-v2-exhaustive-vm.sh:39: total=87
+scripts/test-runtime-task-v2-exhaustive-vm.sh:40: observe delete_event_recovery-result 'selected=20 iterations=20 skips=0 races=0 status=pass'
+scripts/test-runtime-task-v2-exhaustive-vm.sh:21: local key=delete_event_recovery-result
+scripts/test-runtime-task-v2-exhaustive-vm.sh:21: shift
+scripts/test-runtime-task-v2-exhaustive-vm.sh:21: printf 'OBSERVATION_BEGIN key=%s\n%s\nOBSERVATION_END key=%s\n' delete_event_recovery-result 'selected=20 iterations=20 skips=0 races=0 status=pass' delete_event_recovery-result
+scripts/test-runtime-task-v2-exhaustive-vm.sh:147: /var/tmp/mksrc-fdb15d7/scripts/audit-runtime-final-resources-live.sh
+/var/tmp/mksrc-fdb15d7/scripts/audit-runtime-final-resources-live.sh:5: kerf=/opt/mkruntime/kerf-venv/bin/kerf
+/var/tmp/mksrc-fdb15d7/scripts/audit-runtime-final-resources-live.sh:6: task_root=/run/containerd/io.containerd.runtime.v2.task
+/var/tmp/mksrc-fdb15d7/scripts/audit-runtime-final-resources-live.sh:7: storage_root=/srv/multikernel-storage/runtime
++/var/tmp/mksrc-fdb15d7/scripts/audit-runtime-final-resources-live.sh:9: id -u
+/var/tmp/mksrc-fdb15d7/scripts/audit-runtime-final-resources-live.sh:9: [[ 1001 -ne 0 ]]
+/var/tmp/mksrc-fdb15d7/scripts/audit-runtime-final-resources-live.sh:10: for service in mkruntimed mknetd containerd docker
++/var/tmp/mksrc-fdb15d7/scripts/audit-runtime-final-resources-live.sh:10: systemctl is-active mkruntimed
+/var/tmp/mksrc-fdb15d7/scripts/audit-runtime-final-resources-live.sh:10: [[ active = active ]]
+/var/tmp/mksrc-fdb15d7/scripts/audit-runtime-final-resources-live.sh:10: for service in mkruntimed mknetd containerd docker
++/var/tmp/mksrc-fdb15d7/scripts/audit-runtime-final-resources-live.sh:10: systemctl is-active mknetd
+/var/tmp/mksrc-fdb15d7/scripts/audit-runtime-final-resources-live.sh:10: [[ active = active ]]
+/var/tmp/mksrc-fdb15d7/scripts/audit-runtime-final-resources-live.sh:10: for service in mkruntimed mknetd containerd docker
++/var/tmp/mksrc-fdb15d7/scripts/audit-runtime-final-resources-live.sh:10: systemctl is-active containerd
+/var/tmp/mksrc-fdb15d7/scripts/audit-runtime-final-resources-live.sh:10: [[ active = active ]]
+/var/tmp/mksrc-fdb15d7/scripts/audit-runtime-final-resources-live.sh:10: for service in mkruntimed mknetd containerd docker
++/var/tmp/mksrc-fdb15d7/scripts/audit-runtime-final-resources-live.sh:10: systemctl is-active docker
+/var/tmp/mksrc-fdb15d7/scripts/audit-runtime-final-resources-live.sh:10: [[ active = active ]]
++/var/tmp/mksrc-fdb15d7/scripts/audit-runtime-final-resources-live.sh:12: sudo /opt/mkruntime/kerf-venv/bin/kerf show
+/var/tmp/mksrc-fdb15d7/scripts/audit-runtime-final-resources-live.sh:12: kerf_state=$'\nNo memory pool configured\n\n================================================================================\nNo instances found in /sys/fs/multikernel/instances/\n\n/proc/kimage:\n================================================================================\nMK_ID  Type        Start Address   Segments  Mode  Cmdline\n-----  ----------  --------------  --------  ----  -------'
+/var/tmp/mksrc-fdb15d7/scripts/audit-runtime-final-resources-live.sh:13: grep -Fq 'No memory pool configured'
+/var/tmp/mksrc-fdb15d7/scripts/audit-runtime-final-resources-live.sh:14: grep -Fq 'No instances found'
++/var/tmp/mksrc-fdb15d7/scripts/audit-runtime-final-resources-live.sh:16: sudo find /sys/fs/multikernel/instances -mindepth 1 -maxdepth 1 -type d
++/var/tmp/mksrc-fdb15d7/scripts/audit-runtime-final-resources-live.sh:16: wc -l
+/var/tmp/mksrc-fdb15d7/scripts/audit-runtime-final-resources-live.sh:16: children=0
++/var/tmp/mksrc-fdb15d7/scripts/audit-runtime-final-resources-live.sh:18: findmnt -rn -o TARGET,SOURCE
++/var/tmp/mksrc-fdb15d7/scripts/audit-runtime-final-resources-live.sh:18: awk -v storage=/srv/multikernel-storage/runtime -v tasks=/run/containerd/io.containerd.runtime.v2.task 'index($1,storage "/") == 1 || index($1,tasks "/default/") == 1 || index($1,tasks "/moby/") == 1 || $2 ~ /^\/dev\/nbd[0-9]+(p[0-9]+)?$/ {n++} END {print n+0}'
+/var/tmp/mksrc-fdb15d7/scripts/audit-runtime-final-resources-live.sh:18: runtime_mounts=0
++/var/tmp/mksrc-fdb15d7/scripts/audit-runtime-final-resources-live.sh:19: sudo find /srv/multikernel-storage/runtime -mindepth 1 -print
++/var/tmp/mksrc-fdb15d7/scripts/audit-runtime-final-resources-live.sh:19: wc -l
+/var/tmp/mksrc-fdb15d7/scripts/audit-runtime-final-resources-live.sh:19: runtime_artifacts=0
++/var/tmp/mksrc-fdb15d7/scripts/audit-runtime-final-resources-live.sh:20: sudo find /run/containerd/io.containerd.runtime.v2.task/default /run/containerd/io.containerd.runtime.v2.task/moby -path '*/.multikernel/*' -print
++/var/tmp/mksrc-fdb15d7/scripts/audit-runtime-final-resources-live.sh:20: wc -l
++/var/tmp/mksrc-fdb15d7/scripts/audit-runtime-final-resources-live.sh:20: true
+/var/tmp/mksrc-fdb15d7/scripts/audit-runtime-final-resources-live.sh:20: bundle_artifacts=0
++/var/tmp/mksrc-fdb15d7/scripts/audit-runtime-final-resources-live.sh:21: sudo find /run/containerd/io.containerd.runtime.v2.task/default /run/containerd/io.containerd.runtime.v2.task/moby -type p -print
++/var/tmp/mksrc-fdb15d7/scripts/audit-runtime-final-resources-live.sh:21: wc -l
++/var/tmp/mksrc-fdb15d7/scripts/audit-runtime-final-resources-live.sh:21: true
+/var/tmp/mksrc-fdb15d7/scripts/audit-runtime-final-resources-live.sh:21: fifos=0
++/var/tmp/mksrc-fdb15d7/scripts/audit-runtime-final-resources-live.sh:22: ip -o link show
++/var/tmp/mksrc-fdb15d7/scripts/audit-runtime-final-resources-live.sh:22: awk '-F: ' '$2 ~ /^mkv[0-9a-f]+$/ {n++} END {print n+0}'
+/var/tmp/mksrc-fdb15d7/scripts/audit-runtime-final-resources-live.sh:22: links=0
++/var/tmp/mksrc-fdb15d7/scripts/audit-runtime-final-resources-live.sh:23: ip -o route show table all
++/var/tmp/mksrc-fdb15d7/scripts/audit-runtime-final-resources-live.sh:23: awk '$0 ~ /(^| )mkv[0-9a-f]+( |$)/ || $0 ~ /(^| )172\.31\./ {n++} END {print n+0}'
+/var/tmp/mksrc-fdb15d7/scripts/audit-runtime-final-resources-live.sh:23: routes=0
++/var/tmp/mksrc-fdb15d7/scripts/audit-runtime-final-resources-live.sh:24: sudo iptables -t nat -S POSTROUTING
++/var/tmp/mksrc-fdb15d7/scripts/audit-runtime-final-resources-live.sh:24: grep -c '172\.31\.'
++/var/tmp/mksrc-fdb15d7/scripts/audit-runtime-final-resources-live.sh:24: true
+/var/tmp/mksrc-fdb15d7/scripts/audit-runtime-final-resources-live.sh:24: nat_rules=0
++/var/tmp/mksrc-fdb15d7/scripts/audit-runtime-final-resources-live.sh:25: sudo iptables -S
++/var/tmp/mksrc-fdb15d7/scripts/audit-runtime-final-resources-live.sh:25: grep -c '^\(-N\|-A\) MK-'
++/var/tmp/mksrc-fdb15d7/scripts/audit-runtime-final-resources-live.sh:25: true
+/var/tmp/mksrc-fdb15d7/scripts/audit-runtime-final-resources-live.sh:25: filter_rules=0
++/var/tmp/mksrc-fdb15d7/scripts/audit-runtime-final-resources-live.sh:26: sudo ctr tasks list -q
++/var/tmp/mksrc-fdb15d7/scripts/audit-runtime-final-resources-live.sh:26: wc -l
+/var/tmp/mksrc-fdb15d7/scripts/audit-runtime-final-resources-live.sh:26: default_tasks=0
++/var/tmp/mksrc-fdb15d7/scripts/audit-runtime-final-resources-live.sh:27: sudo ctr containers list -q
++/var/tmp/mksrc-fdb15d7/scripts/audit-runtime-final-resources-live.sh:27: wc -l
+/var/tmp/mksrc-fdb15d7/scripts/audit-runtime-final-resources-live.sh:27: default_containers=0
++/var/tmp/mksrc-fdb15d7/scripts/audit-runtime-final-resources-live.sh:28: sudo ctr -n moby tasks list -q
++/var/tmp/mksrc-fdb15d7/scripts/audit-runtime-final-resources-live.sh:28: wc -l
+/var/tmp/mksrc-fdb15d7/scripts/audit-runtime-final-resources-live.sh:28: moby_tasks=0
++/var/tmp/mksrc-fdb15d7/scripts/audit-runtime-final-resources-live.sh:29: sudo ctr -n moby containers list -q
++/var/tmp/mksrc-fdb15d7/scripts/audit-runtime-final-resources-live.sh:29: wc -l
+/var/tmp/mksrc-fdb15d7/scripts/audit-runtime-final-resources-live.sh:29: moby_containers=0
++/var/tmp/mksrc-fdb15d7/scripts/audit-runtime-final-resources-live.sh:30: sudo docker ps -aq
++/var/tmp/mksrc-fdb15d7/scripts/audit-runtime-final-resources-live.sh:30: wc -l
+/var/tmp/mksrc-fdb15d7/scripts/audit-runtime-final-resources-live.sh:30: docker_containers=0
++/var/tmp/mksrc-fdb15d7/scripts/audit-runtime-final-resources-live.sh:31: sudo python3 -c 'import json,os; p="/var/lib/mkruntimed/rootfs/state.json"; print(len(json.load(open(p))["records"]) if os.path.exists(p) else 0)'
+/var/tmp/mksrc-fdb15d7/scripts/audit-runtime-final-resources-live.sh:31: rootfs_records=0
++/var/tmp/mksrc-fdb15d7/scripts/audit-runtime-final-resources-live.sh:32: sudo python3 -c 'import json,os; p="/var/lib/mknetd/state.json"; print(len(json.load(open(p))["endpoints"]) if os.path.exists(p) else 0)'
+/var/tmp/mksrc-fdb15d7/scripts/audit-runtime-final-resources-live.sh:32: endpoints=0
++/var/tmp/mksrc-fdb15d7/scripts/audit-runtime-final-resources-live.sh:33: ps -eo comm=
++/var/tmp/mksrc-fdb15d7/scripts/audit-runtime-final-resources-live.sh:33: awk '$1 == "containerd-shim" {n++} END {print n+0}'
+/var/tmp/mksrc-fdb15d7/scripts/audit-runtime-final-resources-live.sh:33: shim_processes=0
++/var/tmp/mksrc-fdb15d7/scripts/audit-runtime-final-resources-live.sh:34: ps -eo comm=
++/var/tmp/mksrc-fdb15d7/scripts/audit-runtime-final-resources-live.sh:34: awk '$1 == "mkvsock-nbd" {n++} END {print n+0}'
+/var/tmp/mksrc-fdb15d7/scripts/audit-runtime-final-resources-live.sh:34: nbd_processes=0
++/var/tmp/mksrc-fdb15d7/scripts/audit-runtime-final-resources-live.sh:35: ps -eo comm=
++/var/tmp/mksrc-fdb15d7/scripts/audit-runtime-final-resources-live.sh:35: awk '$1 == "mk-agent-relay" {n++} END {print n+0}'
+/var/tmp/mksrc-fdb15d7/scripts/audit-runtime-final-resources-live.sh:35: relay_processes=0
+/var/tmp/mksrc-fdb15d7/scripts/audit-runtime-final-resources-live.sh:37: inventory='children=0 runtime_mounts=0 runtime_artifacts=0 bundle_artifacts=0 fifos=0 links=0 routes=0 nat_rules=0 filter_rules=0 default_tasks=0 default_containers=0 moby_tasks=0 moby_containers=0 docker_containers=0 rootfs_records=0 endpoints=0 shim_processes=0 nbd_processes=0 relay_processes=0'
+/var/tmp/mksrc-fdb15d7/scripts/audit-runtime-final-resources-live.sh:38: expected='children=0 runtime_mounts=0 runtime_artifacts=0 bundle_artifacts=0 fifos=0 links=0 routes=0 nat_rules=0 filter_rules=0 default_tasks=0 default_containers=0 moby_tasks=0 moby_containers=0 docker_containers=0 rootfs_records=0 endpoints=0 shim_processes=0 nbd_processes=0 relay_processes=0'
+/var/tmp/mksrc-fdb15d7/scripts/audit-runtime-final-resources-live.sh:39: [[ children=0 runtime_mounts=0 runtime_artifacts=0 bundle_artifacts=0 fifos=0 links=0 routes=0 nat_rules=0 filter_rules=0 default_tasks=0 default_containers=0 moby_tasks=0 moby_containers=0 docker_containers=0 rootfs_records=0 endpoints=0 shim_processes=0 nbd_processes=0 relay_processes=0 = children\=0 runtime_mounts\=0 runtime_artifacts\=0 bundle_artifacts\=0 fifos\=0 links\=0 routes\=0 nat_rules\=0 filter_rules\=0 default_tasks\=0 default_containers\=0 moby_tasks\=0 moby_containers\=0 docker_containers\=0 rootfs_records\=0 endpoints\=0 shim_processes\=0 nbd_processes\=0 relay_processes\=0 ]]
++/var/tmp/mksrc-fdb15d7/scripts/audit-runtime-final-resources-live.sh:41: systemctl show -p MainPID --value mkruntimed
+/var/tmp/mksrc-fdb15d7/scripts/audit-runtime-final-resources-live.sh:41: pid=1451
++/var/tmp/mksrc-fdb15d7/scripts/audit-runtime-final-resources-live.sh:42: readlink -f /usr/local/lib/multikernel/current
++/var/tmp/mksrc-fdb15d7/scripts/audit-runtime-final-resources-live.sh:42: cat /proc/sys/kernel/random/boot_id
++/var/tmp/mksrc-fdb15d7/scripts/audit-runtime-final-resources-live.sh:42: sudo sha256sum /proc/1451/exe
++/var/tmp/mksrc-fdb15d7/scripts/audit-runtime-final-resources-live.sh:42: awk '{print $1}'
OBSERVATION_BEGIN key=provenance
selector=/usr/local/lib/multikernel/releases/0.1.0-dev-ca7d7d013485a2ddb764707e63fb2c35ab1ed72b boot_id=7db90e79-7bf7-4ff8-befd-a3e1a5aff949 mkruntimed_pid=1451 mkruntimed_sha256=a4a9100674da1c59deee92646097d3ca9d69a8a9d0b80af07909158ed9ebaa2b
OBSERVATION_END key=provenance
+/var/tmp/mksrc-fdb15d7/scripts/audit-runtime-final-resources-live.sh:42: printf 'OBSERVATION_BEGIN key=provenance\nselector=%s boot_id=%s mkruntimed_pid=%s mkruntimed_sha256=%s\nOBSERVATION_END key=provenance\n' /usr/local/lib/multikernel/releases/0.1.0-dev-ca7d7d013485a2ddb764707e63fb2c35ab1ed72b 7db90e79-7bf7-4ff8-befd-a3e1a5aff949 1451 a4a9100674da1c59deee92646097d3ca9d69a8a9d0b80af07909158ed9ebaa2b
OBSERVATION_BEGIN key=kerf-resource-return

No memory pool configured

================================================================================
No instances found in /sys/fs/multikernel/instances/

/proc/kimage:
================================================================================
MK_ID  Type        Start Address   Segments  Mode  Cmdline
-----  ----------  --------------  --------  ----  -------
OBSERVATION_END key=kerf-resource-return
+/var/tmp/mksrc-fdb15d7/scripts/audit-runtime-final-resources-live.sh:45: printf 'OBSERVATION_BEGIN key=kerf-resource-return\n%s\nOBSERVATION_END key=kerf-resource-return\n' $'\nNo memory pool configured\n\n================================================================================\nNo instances found in /sys/fs/multikernel/instances/\n\n/proc/kimage:\n================================================================================\nMK_ID  Type        Start Address   Segments  Mode  Cmdline\n-----  ----------  --------------  --------  ----  -------'
OBSERVATION_BEGIN key=final-resource-inventory
children=0 runtime_mounts=0 runtime_artifacts=0 bundle_artifacts=0 fifos=0 links=0 routes=0 nat_rules=0 filter_rules=0 default_tasks=0 default_containers=0 moby_tasks=0 moby_containers=0 docker_containers=0 rootfs_records=0 endpoints=0 shim_processes=0 nbd_processes=0 relay_processes=0
OBSERVATION_END key=final-resource-inventory
+/var/tmp/mksrc-fdb15d7/scripts/audit-runtime-final-resources-live.sh:46: printf 'OBSERVATION_BEGIN key=final-resource-inventory\n%s\nOBSERVATION_END key=final-resource-inventory\n' 'children=0 runtime_mounts=0 runtime_artifacts=0 bundle_artifacts=0 fifos=0 links=0 routes=0 nat_rules=0 filter_rules=0 default_tasks=0 default_containers=0 moby_tasks=0 moby_containers=0 docker_containers=0 rootfs_records=0 endpoints=0 shim_processes=0 nbd_processes=0 relay_processes=0'
+/var/tmp/mksrc-fdb15d7/scripts/audit-runtime-final-resources-live.sh:47: for service in mkruntimed mknetd containerd docker
+/var/tmp/mksrc-fdb15d7/scripts/audit-runtime-final-resources-live.sh:48: systemctl show mkruntimed.service -p Id -p ActiveState -p SubState -p NRestarts -p MainPID --no-pager
Id=mkruntimed.service
ActiveState=active
SubState=running
MainPID=1451
NRestarts=0
+/var/tmp/mksrc-fdb15d7/scripts/audit-runtime-final-resources-live.sh:47: for service in mkruntimed mknetd containerd docker
+/var/tmp/mksrc-fdb15d7/scripts/audit-runtime-final-resources-live.sh:48: systemctl show mknetd.service -p Id -p ActiveState -p SubState -p NRestarts -p MainPID --no-pager
Id=mknetd.service
ActiveState=active
SubState=running
MainPID=1232
NRestarts=0
+/var/tmp/mksrc-fdb15d7/scripts/audit-runtime-final-resources-live.sh:47: for service in mkruntimed mknetd containerd docker
+/var/tmp/mksrc-fdb15d7/scripts/audit-runtime-final-resources-live.sh:48: systemctl show containerd.service -p Id -p ActiveState -p SubState -p NRestarts -p MainPID --no-pager
Id=containerd.service
ActiveState=active
SubState=running
MainPID=1465
NRestarts=0
+/var/tmp/mksrc-fdb15d7/scripts/audit-runtime-final-resources-live.sh:47: for service in mkruntimed mknetd containerd docker
+/var/tmp/mksrc-fdb15d7/scripts/audit-runtime-final-resources-live.sh:48: systemctl show docker.service -p Id -p ActiveState -p SubState -p NRestarts -p MainPID --no-pager
Id=docker.service
ActiveState=active
SubState=running
MainPID=1513
NRestarts=0
G6_FINAL_RESOURCE_RETURN_PASS
+/var/tmp/mksrc-fdb15d7/scripts/audit-runtime-final-resources-live.sh:50: echo G6_FINAL_RESOURCE_RETURN_PASS
+scripts/test-runtime-task-v2-exhaustive-vm.sh:148: observe aggregate 'methods=17 groups=4 selected_tests=87 iterations=20 skips=0 races=0 status=pass'
+scripts/test-runtime-task-v2-exhaustive-vm.sh:21: local key=aggregate
+scripts/test-runtime-task-v2-exhaustive-vm.sh:21: shift
OBSERVATION_BEGIN key=aggregate
methods=17 groups=4 selected_tests=87 iterations=20 skips=0 races=0 status=pass
OBSERVATION_END key=aggregate
G6_TASK_V2_EXHAUSTIVE_MATRIX_PASS
+scripts/test-runtime-task-v2-exhaustive-vm.sh:21: printf 'OBSERVATION_BEGIN key=%s\n%s\nOBSERVATION_END key=%s\n' aggregate 'methods=17 groups=4 selected_tests=87 iterations=20 skips=0 races=0 status=pass' aggregate
+scripts/test-runtime-task-v2-exhaustive-vm.sh:149: echo G6_TASK_V2_EXHAUSTIVE_MATRIX_PASS
+scripts/test-runtime-task-v2-exhaustive-vm.sh:1: rm -rf -- /var/tmp/tv2.ZsUOJA
{"evidence_command_result":{"exit_status":0}}
